{
 "generalization_gap": 0.17507692307692313,
 "confidence_gap": 0.17191166709792327,
 "top3_best_f1": 0.6379182156133828,
 "top3_best_roc_auc": 0.5689900118343195,
 "top3_best_acc": 0.5504615384615384,
 "mode0_best_f1": 0.560049019607843,
 "mode0_best_roc_auc": 0.5690861538461538,
 "mode0_best_acc": 0.5581538461538461
}