{
 "generalization_gap": 0.17507692307692313,
 "confidence_gap": 0.17191166709792327,
 "top3_last_f1": 0.1288244766505636,
 "top3_last_roc_auc": 0.5684354556213018,
 "top3_last_acc": 0.5006153846153846,
 "mode0_last_f1": 0.5580178516466605,
 "mode0_last_roc_auc": 0.568658650887574,
 "mode0_last_acc": 0.5581538461538461
}