{
 "generalization_gap": 0.02839999999999998,
 "confidence_gap": 0.017950583889679794,
 "top3_last_f1": 0.08507517418408507,
 "top3_last_roc_auc": 0.5015087155555555,
 "top3_last_acc": 0.501,
 "mode0_last_f1": 0.12334233071235773,
 "mode0_last_roc_auc": 0.5043000866666667,
 "mode0_last_acc": 0.502
}