{
 "generalization_gap": 0.004133333333333322,
 "confidence_gap": 0.0017777945776237258,
 "top3_best_f1": 0.006098369349065358,
 "top3_best_roc_auc": 0.5009295711111111,
 "top3_best_acc": 0.5002,
 "mode0_best_f1": 0.02269614556838192,
 "mode0_best_roc_auc": 0.5019597222222222,
 "mode0_best_acc": 0.5005,
 "mode3_best_f1": 0.09587056266602272,
 "mode3_best_roc_auc": 0.5011045666666667,
 "mode3_best_acc": 0.5008
}