{
 "generalization_gap": 0.04139999999999999,
 "confidence_gap": 0.04016900409125124,
 "top3_last_f1": 0.5835724945471243,
 "top3_last_roc_auc": 0.5188278377777777,
 "top3_last_acc": 0.5163333333333333,
 "mode0_last_f1": 0.2856181826918457,
 "mode0_last_roc_auc": 0.5162406222222222,
 "mode0_last_acc": 0.5044333333333333,
 "mode3_last_f1": 0.19297676931388438,
 "mode3_last_roc_auc": 0.5267052466666666,
 "mode3_last_acc": 0.5020666666666667
}