{
 "generalization_gap": 0.0009333333333333138,
 "confidence_gap": 8.131378011384804e-05,
 "top3_best_f1": 0.057182442219283335,
 "top3_best_roc_auc": 0.5024040933333334,
 "top3_best_acc": 0.5009666666666667,
 "mode0_best_f1": 0.006493076260518121,
 "mode0_best_roc_auc": 0.49881659555555563,
 "mode0_best_acc": 0.5001666666666666,
 "mode3_best_f1": 0.008465048607896304,
 "mode3_best_roc_auc": 0.49674266888888885,
 "mode3_best_acc": 0.5002333333333333
}