{
 "generalization_gap": 0.0009333333333333138,
 "confidence_gap": 8.131378011384804e-05,
 "top3_last_f1": 0.057182442219283335,
 "top3_last_roc_auc": 0.5024040933333334,
 "top3_last_acc": 0.5009666666666667,
 "mode0_last_f1": 0.0027914395852718333,
 "mode0_last_roc_auc": 0.4995328533333333,
 "mode0_last_acc": 0.4998666666666667,
 "mode3_last_f1": 0.0,
 "mode3_last_roc_auc": 0.4988494377777778,
 "mode3_last_acc": 0.49996666666666667
}