{
 "generalization_gap": 0.39593333333333336,
 "confidence_gap": 0.45767979635543576,
 "top3_best_f1": 0.8530549550574582,
 "top3_best_roc_auc": 0.9050176888888888,
 "top3_best_acc": 0.8278,
 "mode0_best_f1": 0.881763405698368,
 "mode0_best_roc_auc": 0.90484934,
 "mode0_best_acc": 0.8698333333333333,
 "mode3_best_f1": 0.8996048906449304,
 "mode3_best_roc_auc": 0.9232733688888889,
 "mode3_best_acc": 0.8924333333333333
}