{
 "generalization_gap": 0.004727272727272733,
 "confidence_gap": 0.002301604762894583,
 "top3_best_f1": 0.6033503361929051,
 "top3_best_roc_auc": 0.4992362856198347,
 "top3_best_acc": 0.5023272727272727,
 "mode0_best_f1": 0.0037685255643729394,
 "mode0_best_roc_auc": 0.5001272727272728,
 "mode0_best_acc": 0.5001272727272728
}