{
 "generalization_gap": 0.012799999999999992,
 "confidence_gap": 0.0038740218304427476,
 "top3_best_f1": 0.04006420545746388,
 "top3_best_roc_auc": 0.5016342711111111,
 "top3_best_acc": 0.5016333333333334,
 "mode0_best_f1": 0.11683930156851138,
 "mode0_best_roc_auc": 0.5031275377777777,
 "mode0_best_acc": 0.5026333333333334
}