{
 "generalization_gap": 0.4736666666666667,
 "confidence_gap": 0.5186037669473227,
 "top3_last_f1": 0.81371483761922,
 "top3_last_roc_auc": 0.8463637111111111,
 "top3_last_acc": 0.7942666666666667,
 "mode0_last_f1": 0.8093266632166062,
 "mode0_last_roc_auc": 0.8201258222222223,
 "mode0_last_acc": 0.7789333333333334
}