{
 "generalization_gap": 0.22461538461538466,
 "confidence_gap": 0.23247400235605753,
 "top3_best_f1": 0.7357183418512209,
 "top3_best_roc_auc": 0.7409718343195266,
 "top3_best_acc": 0.642,
 "mode0_best_f1": 0.7572417328890029,
 "mode0_best_roc_auc": 0.7526273609467455,
 "mode0_best_acc": 0.7086153846153846
}