{
 "generalization_gap": 0.3977333333333334,
 "confidence_gap": 0.456215486648169,
 "top3_best_f1": 0.8515150651349733,
 "top3_best_roc_auc": 0.8817554888888888,
 "top3_best_acc": 0.8263666666666667,
 "mode0_best_f1": 0.8581769922181335,
 "mode0_best_roc_auc": 0.8779294933333333,
 "mode0_best_acc": 0.8432666666666667,
 "mode3_best_f1": 0.8715773716709286,
 "mode3_best_roc_auc": 0.8993843466666667,
 "mode3_best_acc": 0.8627333333333334
}