{
 "generalization_gap": 0.3977333333333334,
 "confidence_gap": 0.456215486648169,
 "top3_last_f1": 0.7748469269124447,
 "top3_last_roc_auc": 0.7226073466666667,
 "top3_last_acc": 0.7095,
 "mode0_last_f1": 0.8244913691049748,
 "mode0_last_roc_auc": 0.8111655511111111,
 "mode0_last_acc": 0.7875,
 "mode3_last_f1": 0.4922888847094226,
 "mode3_last_roc_auc": 0.8934156533333333,
 "mode3_last_acc": 0.6400666666666667
}