{
 "generalization_gap": 0.03600000000000003,
 "confidence_gap": 0.020191628822052887,
 "top3_best_f1": 0.47401448109412714,
 "top3_best_roc_auc": 0.49735763313609466,
 "top3_best_acc": 0.4970769230769231,
 "mode0_best_f1": 0.03293413173652695,
 "mode0_best_roc_auc": 0.5060268875739645,
 "mode0_best_acc": 0.5030769230769231
}