{
 "generalization_gap": 0.03600000000000003,
 "confidence_gap": 0.020191628822052887,
 "top3_last_f1": 0.32159138002486526,
 "top3_last_roc_auc": 0.4950092781065089,
 "top3_last_acc": 0.4963076923076923,
 "mode0_last_f1": 0.001228878648233487,
 "mode0_last_roc_auc": 0.5050884733727812,
 "mode0_last_acc": 0.49984615384615383
}