{
 "generalization_gap": 0.1308666666666667,
 "confidence_gap": 0.13102465604849023,
 "top3_last_f1": 0.6630013744845683,
 "top3_last_roc_auc": 0.5793331177777777,
 "top3_last_acc": 0.5505,
 "mode0_last_f1": 0.5762942779291553,
 "mode0_last_roc_auc": 0.5823998666666665,
 "mode0_last_acc": 0.5646,
 "mode3_last_f1": 0.5103056671951623,
 "mode3_last_roc_auc": 0.6072579866666666,
 "mode3_last_acc": 0.5573
}