{
 "generalization_gap": 0.23353846153846158,
 "confidence_gap": 0.23900596777086647,
 "top3_best_f1": 0.7215808170515098,
 "top3_best_roc_auc": 0.7691749112426036,
 "top3_best_acc": 0.6141538461538462,
 "mode0_best_f1": 0.8037572988068039,
 "mode0_best_roc_auc": 0.8021577751479291,
 "mode0_best_acc": 0.7621538461538462,
 "mode3_best_f1": 0.807909604519774,
 "mode3_best_roc_auc": 0.8099413017751479,
 "mode3_best_acc": 0.7698461538461538
}