{
 "generalization_gap": 0.23353846153846158,
 "confidence_gap": 0.23900596777086647,
 "top3_last_f1": 0.169306673591275,
 "top3_last_roc_auc": 0.7662906982248521,
 "top3_last_acc": 0.5078461538461538,
 "mode0_last_f1": 0.7486442913674337,
 "mode0_last_roc_auc": 0.7954019881656803,
 "mode0_last_acc": 0.7361538461538462,
 "mode3_last_f1": 0.7999467589511513,
 "mode3_last_roc_auc": 0.8109965917159764,
 "mode3_last_acc": 0.7687692307692308
}