{
 "generalization_gap": 0.1570666666666667,
 "confidence_gap": 0.1531431412357901,
 "top3_best_f1": 0.6043622624227158,
 "top3_best_roc_auc": 0.5498312422222222,
 "top3_best_acc": 0.5392666666666667,
 "mode0_best_f1": 0.5841685786740731,
 "mode0_best_roc_auc": 0.5467969311111112,
 "mode0_best_acc": 0.5408666666666667,
 "mode3_best_f1": 0.6094347641308968,
 "mode3_best_roc_auc": 0.6011217288888888,
 "mode3_best_acc": 0.5711333333333334
}