{
 "generalization_gap": 0.031692307692307686,
 "confidence_gap": 0.006095414639522234,
 "top3_best_f1": 0.3311230832987982,
 "top3_best_roc_auc": 0.4967389822485207,
 "top3_best_acc": 0.5033846153846154,
 "mode0_best_f1": 0.033392963625521764,
 "mode0_best_roc_auc": 0.4947869822485207,
 "mode0_best_acc": 0.5012307692307693,
 "mode3_best_f1": 0.0,
 "mode3_best_roc_auc": 0.5049727810650888,
 "mode3_best_acc": 0.5
}