{
 "generalization_gap": 0.031692307692307686,
 "confidence_gap": 0.006095414639522234,
 "top3_last_f1": 0.06392168154333429,
 "top3_last_roc_auc": 0.49550655621301776,
 "top3_last_acc": 0.49984615384615383,
 "mode0_last_f1": 0.011539629517157608,
 "mode0_last_roc_auc": 0.4917262011834319,
 "mode0_last_acc": 0.49923076923076926,
 "mode3_last_f1": 0.0006146281499692687,
 "mode3_last_roc_auc": 0.5103559763313609,
 "mode3_last_acc": 0.4996923076923077
}