{
 "generalization_gap": 0.22553846153846158,
 "confidence_gap": 0.2321649006752109,
 "top3_best_f1": 0.722302478053117,
 "top3_best_roc_auc": 0.7398454911242605,
 "top3_best_acc": 0.6155384615384616,
 "mode0_best_f1": 0.7849812265331665,
 "mode0_best_roc_auc": 0.7725122840236687,
 "mode0_best_acc": 0.7356923076923076,
 "mode3_best_f1": 0.7792937399678972,
 "mode3_best_roc_auc": 0.7784060118343195,
 "mode3_best_acc": 0.7461538461538462
}