{
 "generalization_gap": -0.0016666666666665941,
 "confidence_gap": -0.002024047125966155,
 "top3_best_f1": 0.07640088866946433,
 "top3_best_roc_auc": 0.4988447244444445,
 "top3_best_acc": 0.5011333333333333,
 "mode0_best_f1": 0.0014649087761353043,
 "mode0_best_roc_auc": 0.5010828133333334,
 "mode0_best_acc": 0.5001333333333333,
 "mode3_best_f1": 0.001597975897196884,
 "mode3_best_roc_auc": 0.4990554622222222,
 "mode3_best_acc": 0.5001666666666666
}