{
 "generalization_gap": -0.0016666666666665941,
 "confidence_gap": -0.002024047125966155,
 "top3_last_f1": 0.057885484681064796,
 "top3_last_roc_auc": 0.4998874844444445,
 "top3_last_acc": 0.4998,
 "mode0_last_f1": 0.0014649087761353043,
 "mode0_last_roc_auc": 0.5009889622222222,
 "mode0_last_acc": 0.5001333333333333,
 "mode3_last_f1": 0.001597763131615738,
 "mode3_last_roc_auc": 0.4988712422222222,
 "mode3_last_acc": 0.5001
}