{
 "generalization_gap": 0.2113846153846154,
 "confidence_gap": 0.21362863687034572,
 "top3_best_f1": 0.6999652335148917,
 "top3_best_roc_auc": 0.6509155029585799,
 "top3_best_acc": 0.6016923076923076,
 "mode0_best_f1": 0.6619757951027301,
 "mode0_best_roc_auc": 0.6563855147928993,
 "mode0_best_acc": 0.6304615384615384,
 "mode3_best_f1": 0.6753794266441822,
 "mode3_best_roc_auc": 0.6833670059171597,
 "mode3_best_acc": 0.6446153846153846
}