{
 "generalization_gap": 0.2113846153846154,
 "confidence_gap": 0.21362863687034572,
 "top3_last_f1": 0.6923335198656968,
 "top3_last_roc_auc": 0.6635376568047338,
 "top3_last_acc": 0.577076923076923,
 "mode0_last_f1": 0.551191905333562,
 "mode0_last_roc_auc": 0.6447787455621302,
 "mode0_last_acc": 0.5973846153846154,
 "mode3_last_f1": 0.6334444107846107,
 "mode3_last_roc_auc": 0.6844314319526626,
 "mode3_last_acc": 0.6276923076923077
}