{
 "generalization_gap": 0.014066666666666672,
 "confidence_gap": 0.012345690916698598,
 "top3_last_f1": 0.28821671293194223,
 "top3_last_roc_auc": 0.501202908888889,
 "top3_last_acc": 0.5042666666666666,
 "mode0_last_f1": 0.13286672499270927,
 "mode0_last_roc_auc": 0.5041993133333333,
 "mode0_last_acc": 0.5044333333333333,
 "mode3_last_f1": 0.027399039085833007,
 "mode3_last_roc_auc": 0.5103264555555556,
 "mode3_last_acc": 0.5006666666666667
}