{
 "generalization_gap": 0.12092307692307691,
 "confidence_gap": 0.18166145453709537,
 "top3_best_f1": 0.7859251968503937,
 "top3_best_roc_auc": 0.7309026745562129,
 "top3_best_acc": 0.7323076923076923,
 "mode0_best_f1": 0.7323394175839487,
 "mode0_best_roc_auc": 0.73272,
 "mode0_best_acc": 0.7044615384615385,
 "mode3_best_f1": 0.5529454282616553,
 "mode3_best_roc_auc": 0.7403392662721894,
 "mode3_best_acc": 0.6193846153846154
}