{
 "generalization_gap": 0.02553846153846151,
 "confidence_gap": 0.025448170256150315,
 "top3_best_f1": 0.4439091534755678,
 "top3_best_roc_auc": 0.49807910059171595,
 "top3_best_acc": 0.5027692307692307,
 "mode0_best_f1": 0.10456796917996697,
 "mode0_best_roc_auc": 0.5007784615384615,
 "mode0_best_acc": 0.49938461538461537
}