{
 "generalization_gap": 0.02553846153846151,
 "confidence_gap": 0.025448170256150315,
 "top3_last_f1": 0.07390562819783969,
 "top3_last_roc_auc": 0.4976391952662722,
 "top3_last_acc": 0.49876923076923074,
 "mode0_last_f1": 0.2623985572587917,
 "mode0_last_roc_auc": 0.501725822485207,
 "mode0_last_acc": 0.4966153846153846
}