{
 "generalization_gap": 0.006400000000000003,
 "confidence_gap": 0.006837980475914079,
 "top3_best_f1": 0.23351188483428187,
 "top3_best_roc_auc": 0.4994769474380165,
 "top3_best_acc": 0.5004727272727273,
 "mode0_best_f1": 0.0863778531975777,
 "mode0_best_roc_auc": 0.4989650829752066,
 "mode0_best_acc": 0.5007636363636364,
 "mode3_best_f1": 0.28555555555555556,
 "mode3_best_roc_auc": 0.5234768304132231,
 "mode3_best_acc": 0.5089818181818182
}