{
 "generalization_gap": 0.006400000000000003,
 "confidence_gap": 0.006837980475914079,
 "top3_last_f1": 0.23351188483428187,
 "top3_last_roc_auc": 0.4994769474380165,
 "top3_last_acc": 0.5004727272727273,
 "mode0_last_f1": 0.5453317964762061,
 "mode0_last_roc_auc": 0.4981541441322314,
 "mode0_last_acc": 0.4979636363636364,
 "mode3_last_f1": 0.26355659708975965,
 "mode3_last_roc_auc": 0.5232792958677687,
 "mode3_last_acc": 0.5086181818181819
}