{
 "generalization_gap": 0.4020666666666667,
 "confidence_gap": 0.4235094422203536,
 "top3_best_f1": 0.7469210335667713,
 "top3_best_roc_auc": 0.7624795311111112,
 "top3_best_acc": 0.7205333333333334,
 "mode0_best_f1": 0.7423540879736811,
 "mode0_best_roc_auc": 0.7495746844444444,
 "mode0_best_acc": 0.7180666666666666,
 "mode3_best_f1": 0.6007679822651518,
 "mode3_best_roc_auc": 0.7978692733333334,
 "mode3_best_acc": 0.6638333333333334
}