{
 "generalization_gap": 0.009230769230769265,
 "confidence_gap": 0.0047446435864872405,
 "top3_last_f1": 0.3140495867768595,
 "top3_last_roc_auc": 0.4907914792899408,
 "top3_last_acc": 0.48923076923076925,
 "mode0_last_f1": 0.004289215686274509,
 "mode0_last_roc_auc": 0.5102211597633136,
 "mode0_last_acc": 0.5,
 "mode3_last_f1": 0.0012285012285012285,
 "mode3_last_roc_auc": 0.5104520710059172,
 "mode3_last_acc": 0.4996923076923077
}