{
 "generalization_gap": -0.0006666666666666765,
 "confidence_gap": 0.0005526788787860518,
 "top3_best_f1": 0.11357818917792728,
 "top3_best_roc_auc": 0.5014139466666666,
 "top3_best_acc": 0.5036333333333334,
 "mode0_best_f1": 0.06418855387701373,
 "mode0_best_roc_auc": 0.5010897622222222,
 "mode0_best_acc": 0.5023666666666666,
 "mode3_best_f1": 0.020769381490431713,
 "mode3_best_roc_auc": 0.4984926733333333,
 "mode3_best_acc": 0.5002333333333333
}