{
 "generalization_gap": -0.0006666666666666765,
 "confidence_gap": 0.0005526788787860518,
 "top3_last_f1": 0.1365768896611642,
 "top3_last_roc_auc": 0.5001166933333334,
 "top3_last_acc": 0.5031,
 "mode0_last_f1": 0.06418855387701373,
 "mode0_last_roc_auc": 0.5010897622222222,
 "mode0_last_acc": 0.5023666666666666,
 "mode3_last_f1": 0.018200864213696478,
 "mode3_last_roc_auc": 0.49863587111111113,
 "mode3_last_acc": 0.5001333333333333
}