{
 "generalization_gap": 0.0020363636363636382,
 "confidence_gap": 6.074709548890139e-05,
 "top3_best_f1": 0.6590695139473814,
 "top3_best_roc_auc": 0.49516628495867765,
 "top3_best_acc": 0.4995636363636364,
 "mode0_best_f1": 0.01286474054908725,
 "mode0_best_roc_auc": 0.49742303272727273,
 "mode0_best_acc": 0.5005454545454545
}