{
 "generalization_gap": 0.01169230769230778,
 "confidence_gap": 0.016681560272731488,
 "top3_best_f1": 0.5376906318082789,
 "top3_best_roc_auc": 0.5166069112426035,
 "top3_best_acc": 0.5103076923076924,
 "mode0_best_f1": 0.07676883414494415,
 "mode0_best_roc_auc": 0.4965485917159764,
 "mode0_best_acc": 0.5041538461538462
}