{
 "generalization_gap": 0.01169230769230778,
 "confidence_gap": 0.016681560272731488,
 "top3_last_f1": 0.40660972892684744,
 "top3_last_roc_auc": 0.515360473372781,
 "top3_last_acc": 0.5083076923076923,
 "mode0_last_f1": 0.031091180866965624,
 "mode0_last_roc_auc": 0.49470930177514794,
 "mode0_last_acc": 0.5013846153846154
}