{
 "generalization_gap": 0.12215384615384617,
 "confidence_gap": 0.13568875163240002,
 "top3_best_f1": 0.7202216066481995,
 "top3_best_roc_auc": 0.7317792662721894,
 "top3_best_acc": 0.6115384615384616,
 "mode0_best_f1": 0.7718765806777947,
 "mode0_best_roc_auc": 0.7553267692307692,
 "mode0_best_acc": 0.7224615384615385,
 "mode3_best_f1": 0.7675973259929217,
 "mode3_best_roc_auc": 0.7588456804733729,
 "mode3_best_acc": 0.7272307692307692
}