{
 "generalization_gap": 0.12215384615384617,
 "confidence_gap": 0.13568875163240002,
 "top3_last_f1": 0.6966773847802786,
 "top3_last_roc_auc": 0.7384692544378699,
 "top3_last_acc": 0.5646153846153846,
 "mode0_last_f1": 0.7658010198031543,
 "mode0_last_roc_auc": 0.768926201183432,
 "mode0_last_acc": 0.6961538461538461,
 "mode3_last_f1": 0.7756012893627572,
 "mode3_last_roc_auc": 0.7724986982248521,
 "mode3_last_acc": 0.7215384615384616
}