{
 "generalization_gap": 0.31620000000000004,
 "confidence_gap": 0.3852260557469601,
 "top3_last_f1": 0.7471748946042358,
 "top3_last_roc_auc": 0.6798183288888889,
 "top3_last_acc": 0.6621666666666667,
 "mode0_last_f1": 0.8113369245837415,
 "mode0_last_roc_auc": 0.8375437466666666,
 "mode0_last_acc": 0.7945333333333333,
 "mode3_last_f1": 0.19741399214961902,
 "mode3_last_roc_auc": 0.8489637155555556,
 "mode3_last_acc": 0.5365333333333333
}