{
 "generalization_gap": 0.388,
 "confidence_gap": 0.45171453097609215,
 "top3_best_f1": 0.816884531590414,
 "top3_best_roc_auc": 0.9214295266666668,
 "top3_best_acc": 0.7758666666666667,
 "mode0_best_f1": 0.8908742426115988,
 "mode0_best_roc_auc": 0.9051045955555557,
 "mode0_best_acc": 0.8823333333333333,
 "mode3_best_f1": 0.9173091270828153,
 "mode3_best_roc_auc": 0.9373910422222221,
 "mode3_best_acc": 0.9113333333333333
}