{
 "generalization_gap": 0.17866666666666664,
 "confidence_gap": 0.18327889224913552,
 "top3_best_f1": 0.6377166656458627,
 "top3_best_roc_auc": 0.6376458866666667,
 "top3_best_acc": 0.6056666666666667,
 "mode0_best_f1": 0.6944590751079743,
 "mode0_best_roc_auc": 0.6463409577777778,
 "mode0_best_acc": 0.6132666666666666
}