{
 "generalization_gap": 0.1129230769230769,
 "confidence_gap": 0.11401468879434395,
 "top3_last_f1": 0.6639222412807317,
 "top3_last_roc_auc": 0.5691245917159763,
 "top3_last_acc": 0.5478461538461539,
 "mode0_last_f1": 0.5473066831301127,
 "mode0_last_roc_auc": 0.55997424852071,
 "mode0_last_acc": 0.5487692307692308,
 "mode3_last_f1": 0.5050200803212851,
 "mode3_last_roc_auc": 0.5807043313609467,
 "mode3_last_acc": 0.544923076923077
}