{
 "generalization_gap": 0.05138461538461542,
 "confidence_gap": 0.014973881441383424,
 "top3_best_f1": 0.0018444512757454655,
 "top3_best_roc_auc": 0.4932061065088757,
 "top3_best_acc": 0.5004615384615385,
 "mode0_best_f1": 0.009773976786805132,
 "mode0_best_roc_auc": 0.48511327810650884,
 "mode0_best_acc": 0.5012307692307693
}