{
 "generalization_gap": 0.155076923076923,
 "confidence_gap": 0.2017549222483156,
 "top3_best_f1": 0.7073428420496567,
 "top3_best_roc_auc": 0.6828227218934911,
 "top3_best_acc": 0.6590769230769231,
 "mode0_best_f1": 0.6320386835127125,
 "mode0_best_roc_auc": 0.6760878106508875,
 "mode0_best_acc": 0.6370769230769231,
 "mode3_best_f1": 0.26246087165904164,
 "mode3_best_roc_auc": 0.7021781775147928,
 "mode3_best_acc": 0.5287692307692308
}