{
 "generalization_gap": 0.155076923076923,
 "confidence_gap": 0.2017549222483156,
 "top3_last_f1": 0.7242084988563863,
 "top3_last_roc_auc": 0.6949888284023669,
 "top3_last_acc": 0.6475384615384615,
 "mode0_last_f1": 0.5427297056199821,
 "mode0_last_roc_auc": 0.674744899408284,
 "mode0_last_acc": 0.6056923076923076,
 "mode3_last_f1": 0.26246087165904164,
 "mode3_last_roc_auc": 0.7021781775147928,
 "mode3_last_acc": 0.5287692307692308
}