{
 "generalization_gap": 0.0007636363636363622,
 "confidence_gap": 0.0006345806186661331,
 "top3_best_f1": 0.057847549036446705,
 "top3_best_roc_auc": 0.49937342743801655,
 "top3_best_acc": 0.5013272727272727,
 "mode0_best_f1": 0.17051359516616313,
 "mode0_best_roc_auc": 0.5003582743801652,
 "mode0_best_acc": 0.5008,
 "mode3_best_f1": 0.003914036168593484,
 "mode3_best_roc_auc": 0.5075397897520662,
 "mode3_best_acc": 0.5002727272727273
}