{
 "generalization_gap": 0.0007636363636363622,
 "confidence_gap": 0.0006345806186661331,
 "top3_last_f1": 0.11349208906647763,
 "top3_last_roc_auc": 0.4997929950413223,
 "top3_last_acc": 0.4998,
 "mode0_last_f1": 0.42608532544132055,
 "mode0_last_roc_auc": 0.5000500502479339,
 "mode0_last_acc": 0.49932727272727273,
 "mode3_last_f1": 0.0,
 "mode3_last_roc_auc": 0.5002908932231406,
 "mode3_last_acc": 0.5
}