{
 "generalization_gap": 0.0027333333333333307,
 "confidence_gap": 4.542726284513868e-05,
 "top3_best_f1": 0.0,
 "top3_best_roc_auc": 0.5011015,
 "top3_best_acc": 0.5,
 "mode0_best_f1": 0.0,
 "mode0_best_roc_auc": 0.49981811555555555,
 "mode0_best_acc": 0.5,
 "mode3_best_f1": 0.0,
 "mode3_best_roc_auc": 0.5017718266666666,
 "mode3_best_acc": 0.5
}