{
 "generalization_gap": 0.0027333333333333307,
 "confidence_gap": 4.542726284513868e-05,
 "top3_last_f1": 0.0,
 "top3_last_roc_auc": 0.5014798222222222,
 "top3_last_acc": 0.5,
 "mode0_last_f1": 0.0,
 "mode0_last_roc_auc": 0.5005910155555555,
 "mode0_last_acc": 0.5,
 "mode3_last_f1": 0.0,
 "mode3_last_roc_auc": 0.5010907533333334,
 "mode3_last_acc": 0.5
}