{
 "generalization_gap": 0.5292666666666668,
 "confidence_gap": 0.5216676710216286,
 "top3_best_f1": 0.7588346207651603,
 "top3_best_roc_auc": 0.77605794,
 "top3_best_acc": 0.7356666666666667,
 "mode0_best_f1": 0.7278900565885207,
 "mode0_best_roc_auc": 0.7682518044444444,
 "mode0_best_acc": 0.7195,
 "mode3_best_f1": 0.8162328174851656,
 "mode3_best_roc_auc": 0.8252262822222222,
 "mode3_best_acc": 0.7945666666666666
}