{
 "generalization_gap": -0.002466666666666617,
 "confidence_gap": -0.004851764196914965,
 "top3_best_f1": 0.07202732070785471,
 "top3_best_roc_auc": 0.4987456244444444,
 "top3_best_acc": 0.5018333333333334,
 "mode0_best_f1": 0.06124882334483841,
 "mode0_best_roc_auc": 0.5068156355555555,
 "mode0_best_acc": 0.5013666666666666,
 "mode3_best_f1": 0.014462266631606628,
 "mode3_best_roc_auc": 0.49977155333333334,
 "mode3_best_acc": 0.5002666666666666
}