{
 "generalization_gap": -0.0035333333333332773,
 "confidence_gap": -0.0024523106176023157,
 "top3_last_f1": 0.17310989436424976,
 "top3_last_roc_auc": 0.4984126,
 "top3_last_acc": 0.5016333333333334,
 "mode0_last_f1": 0.00517412935323383,
 "mode0_last_roc_auc": 0.5008701111111111,
 "mode0_last_acc": 0.5001,
 "mode3_last_f1": 0.002129075182967399,
 "mode3_last_roc_auc": 0.49879527555555553,
 "mode3_last_acc": 0.5000666666666667
}