{
 "generalization_gap": 0.23538461538461541,
 "confidence_gap": 0.2350641882076664,
 "top3_best_f1": 0.6883939038686987,
 "top3_best_roc_auc": 0.6381458461538462,
 "top3_best_acc": 0.591076923076923,
 "mode0_best_f1": 0.6574279379157427,
 "mode0_best_roc_auc": 0.6437825798816568,
 "mode0_best_acc": 0.6196923076923077
}