{
 "generalization_gap": 0.23538461538461541,
 "confidence_gap": 0.2350641882076664,
 "top3_last_f1": 0.13870365430781542,
 "top3_last_roc_auc": 0.6345344852071007,
 "top3_last_acc": 0.5032307692307693,
 "mode0_last_f1": 0.6546772619545518,
 "mode0_last_roc_auc": 0.6433170650887574,
 "mode0_last_acc": 0.6189230769230769
}