{
 "generalization_gap": 0.0028363636363636386,
 "confidence_gap": 0.0010836471709148258,
 "top3_best_f1": 0.09194407456724368,
 "top3_best_roc_auc": 0.5205654624793389,
 "top3_best_acc": 0.5040363636363636,
 "mode0_best_f1": 0.428674473862865,
 "mode0_best_roc_auc": 0.5144780892561983,
 "mode0_best_acc": 0.5103636363636364,
 "mode3_best_f1": 0.04287312910896629,
 "mode3_best_roc_auc": 0.49440263471074375,
 "mode3_best_acc": 0.5023636363636363
}