{
 "generalization_gap": 0.0028363636363636386,
 "confidence_gap": 0.0010836471709148258,
 "top3_last_f1": 0.048249730594083495,
 "top3_last_roc_auc": 0.5277230578512397,
 "top3_last_acc": 0.5022,
 "mode0_last_f1": 0.0636316784057722,
 "mode0_last_roc_auc": 0.5319860317355372,
 "mode0_last_acc": 0.5044909090909091,
 "mode3_last_f1": 0.04534356470177885,
 "mode3_last_roc_auc": 0.49430809917355367,
 "mode3_last_acc": 0.5023636363636363
}