{
 "generalization_gap": 0.03876923076923078,
 "confidence_gap": 0.034273865873856724,
 "top3_best_f1": 0.5726775956284154,
 "top3_best_roc_auc": 0.516422674556213,
 "top3_best_acc": 0.5187692307692308,
 "mode0_best_f1": 0.4061102831594635,
 "mode0_best_roc_auc": 0.5124351242603551,
 "mode0_best_acc": 0.5095384615384615,
 "mode3_best_f1": 0.30076502732240434,
 "mode3_best_roc_auc": 0.5239311715976331,
 "mode3_best_acc": 0.5078461538461538
}