{
 "generalization_gap": -0.0005090909090909087,
 "confidence_gap": 0.00013926765011426385,
 "top3_best_f1": 0.43520112856046306,
 "top3_best_roc_auc": 0.5054212700826446,
 "top3_best_acc": 0.505,
 "mode0_best_f1": 0.0001454386794167909,
 "mode0_best_roc_auc": 0.499999972231405,
 "mode0_best_acc": 0.5000181818181818
}