{
 "generalization_gap": 0.0028363636363636403,
 "confidence_gap": 0.0021515653467206047,
 "top3_best_f1": 0.5871159742680214,
 "top3_best_roc_auc": 0.49748722710743803,
 "top3_best_acc": 0.5005454545454545,
 "mode0_best_f1": 0.008366993652625505,
 "mode0_best_roc_auc": 0.5000727272727273,
 "mode0_best_acc": 0.5000727272727272
}