{
 "generalization_gap": 0.5273333333333333,
 "confidence_gap": 0.5417182830994238,
 "top3_last_f1": 0.7685289595079445,
 "top3_last_roc_auc": 0.7446723644444444,
 "top3_last_acc": 0.6989333333333333,
 "mode0_last_f1": 0.7989619006849314,
 "mode0_last_roc_auc": 0.8416883266666666,
 "mode0_last_acc": 0.7495333333333334,
 "mode3_last_f1": 0.6009835930073976,
 "mode3_last_roc_auc": 0.8697141088888889,
 "mode3_last_acc": 0.6781666666666667
}