{
 "generalization_gap": 0.008400000000000005,
 "confidence_gap": 0.0037619744939380306,
 "top3_best_f1": 0.03470072239422084,
 "top3_best_roc_auc": 0.5041147711111111,
 "top3_best_acc": 0.5011333333333333,
 "mode0_best_f1": 0.04768279467074647,
 "mode0_best_roc_auc": 0.5073129244444444,
 "mode0_best_acc": 0.5020333333333333
}