{
 "generalization_gap": 0.008400000000000005,
 "confidence_gap": 0.0037619744939380306,
 "top3_last_f1": 0.00013332444503699753,
 "top3_last_roc_auc": 0.5060564288888888,
 "top3_last_acc": 0.5000333333333333,
 "mode0_last_f1": 0.005046145674258017,
 "mode0_last_roc_auc": 0.5074395177777777,
 "mode0_last_acc": 0.5005
}