{
 "generalization_gap": 0.00013333333333333253,
 "confidence_gap": 0.0019042759107781373,
 "top3_best_f1": 0.03914247086847357,
 "top3_best_roc_auc": 0.5007931955555556,
 "top3_best_acc": 0.5025,
 "mode0_best_f1": 0.02451747522170058,
 "mode0_best_roc_auc": 0.5010959466666667,
 "mode0_best_acc": 0.5013333333333333,
 "mode3_best_f1": 0.0006664001066240171,
 "mode3_best_roc_auc": 0.49478401111111114,
 "mode3_best_acc": 0.5001333333333333
}