{
 "generalization_gap": 0.0702666666666667,
 "confidence_gap": 0.08197681943587953,
 "top3_best_f1": 0.7059321834482434,
 "top3_best_roc_auc": 0.6958634222222222,
 "top3_best_acc": 0.5834333333333334,
 "mode0_best_f1": 0.7555591148127385,
 "mode0_best_roc_auc": 0.7384166044444443,
 "mode0_best_acc": 0.6947666666666666,
 "mode3_best_f1": 0.7612247048903878,
 "mode3_best_roc_auc": 0.7361464799999999,
 "mode3_best_acc": 0.6979333333333333
}