{
 "generalization_gap": 0.31346666666666667,
 "confidence_gap": 0.3832907322979622,
 "top3_best_f1": 0.8431115847160908,
 "top3_best_roc_auc": 0.8581971933333332,
 "top3_best_acc": 0.8282333333333334,
 "mode0_best_f1": 0.8464896755162241,
 "mode0_best_roc_auc": 0.8582659711111114,
 "mode0_best_acc": 0.8265333333333333,
 "mode3_best_f1": 0.8464696734059098,
 "mode3_best_roc_auc": 0.8706715133333334,
 "mode3_best_acc": 0.8354666666666667
}