{
 "generalization_gap": 0.31346666666666667,
 "confidence_gap": 0.3832907322979622,
 "top3_last_f1": 0.7461683917197452,
 "top3_last_roc_auc": 0.6776926577777778,
 "top3_last_acc": 0.6599333333333334,
 "mode0_last_f1": 0.8464896755162241,
 "mode0_last_roc_auc": 0.8582659711111114,
 "mode0_last_acc": 0.8265333333333333,
 "mode3_last_f1": 0.44457319428350717,
 "mode3_last_roc_auc": 0.8754203488888889,
 "mode3_last_acc": 0.6165333333333334
}