{
 "generalization_gap": 0.10273333333333334,
 "confidence_gap": 0.1299855767654272,
 "top3_best_f1": 0.6420149098577327,
 "top3_best_roc_auc": 0.6171005022222222,
 "top3_best_acc": 0.5982333333333333,
 "mode0_best_f1": 0.5479721656006186,
 "mode0_best_roc_auc": 0.5926275711111111,
 "mode0_best_acc": 0.5712666666666667,
 "mode3_best_f1": 0.41113214039917406,
 "mode3_best_roc_auc": 0.6175365311111112,
 "mode3_best_acc": 0.5436666666666666
}