{
 "generalization_gap": 0.10273333333333334,
 "confidence_gap": 0.1299855767654272,
 "top3_last_f1": 0.6201226917447762,
 "top3_last_roc_auc": 0.6168669733333334,
 "top3_last_acc": 0.5933666666666667,
 "mode0_last_f1": 0.18516459074733096,
 "mode0_last_roc_auc": 0.6007680844444444,
 "mode0_last_acc": 0.5115333333333333,
 "mode3_last_f1": 0.042460949952183615,
 "mode3_last_roc_auc": 0.6242169822222223,
 "mode3_last_acc": 0.4993666666666667
}