{
 "generalization_gap": 0.001538461538461544,
 "confidence_gap": -0.0009564220400957169,
 "top3_best_f1": 0.005514705882352941,
 "top3_best_roc_auc": 0.49280137278106506,
 "top3_best_acc": 0.5006153846153846,
 "mode0_best_f1": 0.0024554941682013503,
 "mode0_best_roc_auc": 0.4954261301775148,
 "mode0_best_acc": 0.5
}