{
 "generalization_gap": 0.006618181818181815,
 "confidence_gap": 0.0024805268821832156,
 "top3_best_f1": 0.642440837081948,
 "top3_best_roc_auc": 0.498023388429752,
 "top3_best_acc": 0.5014,
 "mode0_best_f1": 0.005569217416461738,
 "mode0_best_roc_auc": 0.4999808284297521,
 "mode0_best_acc": 0.5000363636363636
}