{
 "generalization_gap": 0.15786666666666666,
 "confidence_gap": 0.2283150970552737,
 "top3_last_f1": 0.6322900400570303,
 "top3_last_roc_auc": 0.6443753755555557,
 "top3_last_acc": 0.6389333333333334,
 "mode0_last_f1": 0.3842903305990554,
 "mode0_last_roc_auc": 0.6235893444444444,
 "mode0_last_acc": 0.5871666666666666,
 "mode3_last_f1": 0.012705134992059292,
 "mode3_last_roc_auc": 0.619799882222222,
 "mode3_last_acc": 0.5026666666666667
}