{
 "generalization_gap": 0.011692307692307669,
 "confidence_gap": 0.006596581991043293,
 "top3_best_f1": 0.4492328908808826,
 "top3_best_roc_auc": 0.5028850177514792,
 "top3_best_acc": 0.5084615384615384,
 "mode0_best_f1": 0.09121432568550644,
 "mode0_best_roc_auc": 0.49283592899408285,
 "mode0_best_acc": 0.5003076923076923,
 "mode3_best_f1": 0.5543976656940393,
 "mode3_best_roc_auc": 0.508110201183432,
 "mode3_best_acc": 0.5066153846153846
}