{
 "generalization_gap": 0.011692307692307669,
 "confidence_gap": 0.006596581991043293,
 "top3_last_f1": 0.02692998204667863,
 "top3_last_roc_auc": 0.5018174201183432,
 "top3_last_acc": 0.4996923076923077,
 "mode0_last_f1": 0.05350392555975575,
 "mode0_last_roc_auc": 0.4913682840236686,
 "mode0_last_acc": 0.49923076923076926,
 "mode3_last_f1": 0.018708509354254676,
 "mode3_last_roc_auc": 0.5023173017751479,
 "mode3_last_acc": 0.4996923076923077
}