{
 "generalization_gap": 0.2193846153846154,
 "confidence_gap": 0.22985211155619045,
 "top3_best_f1": 0.723911348702528,
 "top3_best_roc_auc": 0.7484894674556213,
 "top3_best_acc": 0.6186153846153846,
 "mode0_best_f1": 0.790268247036806,
 "mode0_best_roc_auc": 0.7823822011834319,
 "mode0_best_acc": 0.7413846153846154,
 "mode3_best_f1": 0.795976270312097,
 "mode3_best_roc_auc": 0.788292449704142,
 "mode3_best_acc": 0.7566153846153846
}