{
 "generalization_gap": 0.15066666666666662,
 "confidence_gap": 0.15985664030950908,
 "top3_best_f1": 0.7331915829606276,
 "top3_best_roc_auc": 0.7112893622222222,
 "top3_best_acc": 0.6361,
 "mode0_best_f1": 0.7516526038587629,
 "mode0_best_roc_auc": 0.7166237555555557,
 "mode0_best_acc": 0.6919333333333333,
 "mode3_best_f1": 0.7603191489361701,
 "mode3_best_roc_auc": 0.7325425711111111,
 "mode3_best_acc": 0.6996
}