{
 "generalization_gap": 0.6178545454545454,
 "confidence_gap": 0.7103641013975779,
 "top3_best_f1": 0.9012697419344213,
 "top3_best_roc_auc": 0.8987112555371901,
 "top3_best_acc": 0.891,
 "mode0_best_f1": 0.9266175466844011,
 "mode0_best_roc_auc": 0.9608817090909091,
 "mode0_best_acc": 0.9237636363636363,
 "mode3_best_f1": 0.9368085440005575,
 "mode3_best_roc_auc": 0.9727837309090908,
 "mode3_best_acc": 0.9340545454545455
}