{
 "generalization_gap": 0.6178545454545454,
 "confidence_gap": 0.7103641013975779,
 "top3_last_f1": 0.8531014672773853,
 "top3_last_roc_auc": 0.8302141831404958,
 "top3_last_acc": 0.8279818181818182,
 "mode0_last_f1": 0.845849559020456,
 "mode0_last_roc_auc": 0.8365133560330579,
 "mode0_last_acc": 0.8179090909090909,
 "mode3_last_f1": 0.9368085440005575,
 "mode3_last_roc_auc": 0.9727837309090908,
 "mode3_last_acc": 0.9340545454545455
}