{
 "generalization_gap": 0.0074666666666666215,
 "confidence_gap": 0.008355274017425973,
 "top3_best_f1": 0.5198341441117894,
 "top3_best_roc_auc": 0.5120811977777777,
 "top3_best_acc": 0.5097666666666667,
 "mode0_best_f1": 0.3892433910665451,
 "mode0_best_roc_auc": 0.5123728111111112,
 "mode0_best_acc": 0.5086666666666667
}