{
 "generalization_gap": 0.19938461538461538,
 "confidence_gap": 0.1899779602058177,
 "top3_best_f1": 0.6204439572485614,
 "top3_best_roc_auc": 0.588077349112426,
 "top3_best_acc": 0.5738461538461539,
 "mode0_best_f1": 0.33185840707964603,
 "mode0_best_roc_auc": 0.5450072426035503,
 "mode0_best_acc": 0.5353846153846153,
 "mode3_best_f1": 0.3619870410367171,
 "mode3_best_roc_auc": 0.6182694911242603,
 "mode3_best_acc": 0.5455384615384615
}