{
 "generalization_gap": 0.19938461538461538,
 "confidence_gap": 0.1899779602058177,
 "top3_last_f1": 0.619729840360213,
 "top3_last_roc_auc": 0.5964557159763314,
 "top3_last_acc": 0.5712307692307692,
 "mode0_last_f1": 0.1423160173160173,
 "mode0_last_roc_auc": 0.5232491834319526,
 "mode0_last_acc": 0.5123076923076924,
 "mode3_last_f1": 0.24588957055214722,
 "mode3_last_roc_auc": 0.6174325207100593,
 "mode3_last_acc": 0.5272307692307693
}