{
 "generalization_gap": 0.0470666666666667,
 "confidence_gap": 0.043553145725728215,
 "top3_best_f1": 0.5612500377062531,
 "top3_best_roc_auc": 0.5176768155555556,
 "top3_best_acc": 0.5151666666666667,
 "mode0_best_f1": 0.4293602069577976,
 "mode0_best_roc_auc": 0.5121143844444445,
 "mode0_best_acc": 0.5073666666666666,
 "mode3_best_f1": 0.37803288339430635,
 "mode3_best_roc_auc": 0.5256695488888888,
 "mode3_best_acc": 0.5069666666666667
}