{
 "generalization_gap": 0.5302666666666667,
 "confidence_gap": 0.5237115108678346,
 "top3_best_f1": 0.767626321974148,
 "top3_best_roc_auc": 0.7790102977777777,
 "top3_best_acc": 0.7363333333333333,
 "mode0_best_f1": 0.7291058808273357,
 "mode0_best_roc_auc": 0.7691399133333334,
 "mode0_best_acc": 0.7214666666666667,
 "mode3_best_f1": 0.8235461477182202,
 "mode3_best_roc_auc": 0.8272233888888889,
 "mode3_best_acc": 0.7932666666666667
}