{
 "generalization_gap": 0.03400000000000003,
 "confidence_gap": 0.022696972990179004,
 "top3_best_f1": 0.36930680414128075,
 "top3_best_roc_auc": 0.5109768888888888,
 "top3_best_acc": 0.5065666666666667,
 "mode0_best_f1": 0.24940388615493886,
 "mode0_best_roc_auc": 0.5112464111111111,
 "mode0_best_acc": 0.5068333333333334
}