{
 "generalization_gap": 0.028945454545454552,
 "confidence_gap": 0.016424650471562288,
 "top3_last_f1": 0.2149069754046426,
 "top3_last_roc_auc": 0.5046184581818183,
 "top3_last_acc": 0.5043636363636363,
 "mode0_last_f1": 0.022129718575443838,
 "mode0_last_roc_auc": 0.5005093183471075,
 "mode0_last_acc": 0.5002727272727273,
 "mode3_last_f1": 0.008007791364570934,
 "mode3_last_roc_auc": 0.5321357256198347,
 "mode3_last_acc": 0.4999818181818182
}