{
 "generalization_gap": 0.0033333333333332993,
 "confidence_gap": 0.0035768138694040053,
 "top3_best_f1": 0.34442304324986867,
 "top3_best_roc_auc": 0.49708362222222224,
 "top3_best_acc": 0.5008,
 "mode0_best_f1": 0.13455409399084428,
 "mode0_best_roc_auc": 0.5016149377777778,
 "mode0_best_acc": 0.5021666666666667,
 "mode3_best_f1": 0.017823209488237995,
 "mode3_best_roc_auc": 0.5050846444444445,
 "mode3_best_acc": 0.5003666666666666
}