{
 "generalization_gap": 0.0033333333333332993,
 "confidence_gap": 0.0035768138694040053,
 "top3_last_f1": 0.34442304324986867,
 "top3_last_roc_auc": 0.49708362222222224,
 "top3_last_acc": 0.5008,
 "mode0_last_f1": 0.06810682935939737,
 "mode0_last_roc_auc": 0.5015357333333333,
 "mode0_last_acc": 0.5010333333333333,
 "mode3_last_f1": 0.01884076933141436,
 "mode3_last_roc_auc": 0.5033760955555555,
 "mode3_last_acc": 0.5000666666666667
}