{
 "generalization_gap": 0.00021818181818181702,
 "confidence_gap": 0.00017949623611421966,
 "top3_best_f1": 0.1366159636192567,
 "top3_best_roc_auc": 0.49732995371900823,
 "top3_best_acc": 0.4994727272727273,
 "mode0_best_f1": 0.6666666666666666,
 "mode0_best_roc_auc": 0.5005818690909091,
 "mode0_best_acc": 0.5
}