{
 "generalization_gap": 0.00021818181818181702,
 "confidence_gap": 0.00017949623611421966,
 "top3_last_f1": 0.18591765156650653,
 "top3_last_roc_auc": 0.4975019795041322,
 "top3_last_acc": 0.4978,
 "mode0_last_f1": 0.6666666666666666,
 "mode0_last_roc_auc": 0.4999999933884297,
 "mode0_last_acc": 0.5
}