{
 "generalization_gap": 0.044923076923076954,
 "confidence_gap": 0.009773972109103413,
 "top3_last_f1": 0.07151029748283753,
 "top3_last_roc_auc": 0.5030579881656805,
 "top3_last_acc": 0.5006153846153846,
 "mode0_last_f1": 0.011536126290224652,
 "mode0_last_roc_auc": 0.4924138224852071,
 "mode0_last_acc": 0.4990769230769231,
 "mode3_last_f1": 0.0018410555385087448,
 "mode3_last_roc_auc": 0.5208809467455622,
 "mode3_last_acc": 0.49953846153846154
}