{
 "generalization_gap": 0.009466666666666679,
 "confidence_gap": 0.0013202687821040615,
 "top3_best_f1": 0.0,
 "top3_best_roc_auc": 0.5006819688888888,
 "top3_best_acc": 0.5,
 "mode0_best_f1": 0.0,
 "mode0_best_roc_auc": 0.4997240488888889,
 "mode0_best_acc": 0.5,
 "mode3_best_f1": 0.0,
 "mode3_best_roc_auc": 0.5073707533333334,
 "mode3_best_acc": 0.5
}