{
 "generalization_gap": 0.009466666666666679,
 "confidence_gap": 0.0013202687821040615,
 "top3_last_f1": 0.0,
 "top3_last_roc_auc": 0.49880141777777776,
 "top3_last_acc": 0.5,
 "mode0_last_f1": 0.0,
 "mode0_last_roc_auc": 0.5015447533333334,
 "mode0_last_acc": 0.5,
 "mode3_last_f1": 0.0,
 "mode3_last_roc_auc": 0.5073448666666667,
 "mode3_last_acc": 0.5
}