{
 "generalization_gap": 0.1366666666666666,
 "confidence_gap": 0.11471533514960774,
 "top3_best_f1": 0.5360175112762006,
 "top3_best_roc_auc": 0.5443173911111111,
 "top3_best_acc": 0.5336666666666666,
 "mode0_best_f1": 0.4250468202915072,
 "mode0_best_roc_auc": 0.5420701733333333,
 "mode0_best_acc": 0.5292666666666667
}