{
 "generalization_gap": 0.1582,
 "confidence_gap": 0.16748074437813065,
 "top3_best_f1": 0.7371510995267858,
 "top3_best_roc_auc": 0.6853718244444444,
 "top3_best_acc": 0.6537666666666667,
 "mode0_best_f1": 0.726945618100041,
 "mode0_best_roc_auc": 0.6930005044444445,
 "mode0_best_acc": 0.6661,
 "mode3_best_f1": 0.7379834924745106,
 "mode3_best_roc_auc": 0.7109431511111111,
 "mode3_best_acc": 0.6762
}