{
 "generalization_gap": 0.1582,
 "confidence_gap": 0.16748074437813065,
 "top3_last_f1": 0.7102315869400152,
 "top3_last_roc_auc": 0.6760020177777777,
 "top3_last_acc": 0.5929333333333333,
 "mode0_last_f1": 0.7238520232487672,
 "mode0_last_roc_auc": 0.6941635088888889,
 "mode0_last_acc": 0.6658333333333334,
 "mode3_last_f1": 0.7344389285909116,
 "mode3_last_roc_auc": 0.7154093133333332,
 "mode3_last_acc": 0.6754666666666667
}