{
 "generalization_gap": 0.2163076923076923,
 "confidence_gap": 0.19953605822408826,
 "top3_last_f1": 0.5584375000000001,
 "top3_last_roc_auc": 0.5930290177514792,
 "top3_last_acc": 0.5652307692307692,
 "mode0_last_f1": 0.1777426160337553,
 "mode0_last_roc_auc": 0.5271333017751479,
 "mode0_last_acc": 0.5203076923076924,
 "mode3_last_f1": 0.24987629886194954,
 "mode3_last_roc_auc": 0.6375340118343196,
 "mode3_last_acc": 0.5335384615384615
}