{
 "generalization_gap": 0.0050181818181818175,
 "confidence_gap": 0.0011321364919886813,
 "top3_best_f1": 0.606874005247989,
 "top3_best_roc_auc": 0.49877601719008263,
 "top3_best_acc": 0.5015090909090909,
 "mode0_best_f1": 0.003912476452688016,
 "mode0_best_roc_auc": 0.5014393838016529,
 "mode0_best_acc": 0.5000727272727272
}