{
 "generalization_gap": 0.19415384615384612,
 "confidence_gap": 0.19107152058840748,
 "top3_best_f1": 0.6499268649439297,
 "top3_best_roc_auc": 0.5818814674556213,
 "top3_best_acc": 0.5581538461538461,
 "mode0_best_f1": 0.5830478176672128,
 "mode0_best_roc_auc": 0.583012449704142,
 "mode0_best_acc": 0.5693846153846154
}