{
 "generalization_gap": 0.19415384615384612,
 "confidence_gap": 0.19107152058840748,
 "top3_last_f1": 0.1249323958896701,
 "top3_last_roc_auc": 0.5828862485207101,
 "top3_last_acc": 0.5021538461538462,
 "mode0_last_f1": 0.578789694427801,
 "mode0_last_roc_auc": 0.5819913372781065,
 "mode0_last_acc": 0.5673846153846154
}