{
 "generalization_gap": 0.30546666666666666,
 "confidence_gap": 0.256522524768915,
 "top3_last_f1": 0.40899463746563924,
 "top3_last_roc_auc": 0.6033111644444444,
 "top3_last_acc": 0.5628333333333333,
 "mode0_last_f1": 0.47636571802420674,
 "mode0_last_roc_auc": 0.6043039577777778,
 "mode0_last_acc": 0.5731333333333334
}