{
 "generalization_gap": 0.13661538461538458,
 "confidence_gap": 0.13560628967954047,
 "top3_best_f1": 0.6145873817852053,
 "top3_best_roc_auc": 0.5513936568047337,
 "top3_best_acc": 0.5423076923076923,
 "mode0_best_f1": 0.507910349373764,
 "mode0_best_roc_auc": 0.5500373491124261,
 "mode0_best_acc": 0.5406153846153846
}