{
 "generalization_gap": 0.13661538461538458,
 "confidence_gap": 0.13560628967954047,
 "top3_last_f1": 0.11713900134952768,
 "top3_last_roc_auc": 0.5505936094674557,
 "top3_last_acc": 0.4967692307692308,
 "mode0_last_f1": 0.507910349373764,
 "mode0_last_roc_auc": 0.5500373491124261,
 "mode0_last_acc": 0.5406153846153846
}