{
 "generalization_gap": 0.023692307692307735,
 "confidence_gap": 0.005583620297292674,
 "top3_best_f1": 0.006125574272588055,
 "top3_best_roc_auc": 0.48877069822485203,
 "top3_best_acc": 0.5007692307692307,
 "mode0_best_f1": 0.002456248081056187,
 "mode0_best_roc_auc": 0.48369211834319525,
 "mode0_best_acc": 0.5001538461538462
}