{
 "generalization_gap": 0.0016363636363636372,
 "confidence_gap": 0.0003271739673922306,
 "top3_best_f1": 0.1313563349491493,
 "top3_best_roc_auc": 0.49961283834710746,
 "top3_best_acc": 0.5015090909090909,
 "mode0_best_f1": 0.0008720296490080662,
 "mode0_best_roc_auc": 0.4998129573553719,
 "mode0_best_acc": 0.5000363636363636
}