{
 "generalization_gap": 0.2514666666666666,
 "confidence_gap": 0.18593505995074874,
 "top3_best_f1": 0.5135245143385755,
 "top3_best_roc_auc": 0.5783081911111112,
 "top3_best_acc": 0.5617666666666666,
 "mode0_best_f1": 0.47299144631488493,
 "mode0_best_roc_auc": 0.5595887511111111,
 "mode0_best_acc": 0.5502333333333334,
 "mode3_best_f1": 0.5418144557420982,
 "mode3_best_roc_auc": 0.6711499777777777,
 "mode3_best_acc": 0.6124666666666667
}