{
 "generalization_gap": 0.2273846153846154,
 "confidence_gap": 0.22734895215264816,
 "top3_best_f1": 0.6837105664360268,
 "top3_best_roc_auc": 0.624102627218935,
 "top3_best_acc": 0.585076923076923,
 "mode0_best_f1": 0.6466525722339675,
 "mode0_best_roc_auc": 0.6317389822485208,
 "mode0_best_acc": 0.6143076923076923
}