{
 "generalization_gap": 0.2273846153846154,
 "confidence_gap": 0.22734895215264816,
 "top3_last_f1": 0.13859275053304906,
 "top3_last_roc_auc": 0.6216435029585798,
 "top3_last_acc": 0.5027692307692307,
 "mode0_last_f1": 0.6466525722339675,
 "mode0_last_roc_auc": 0.6317389822485208,
 "mode0_last_acc": 0.6143076923076923
}