{
 "generalization_gap": 0.03094545454545454,
 "confidence_gap": 0.0237655595635516,
 "top3_last_f1": 0.30595550572105706,
 "top3_last_roc_auc": 0.5050762485950413,
 "top3_last_acc": 0.5048181818181818,
 "mode0_last_f1": 0.5953359953686523,
 "mode0_last_roc_auc": 0.5086028026446281,
 "mode0_last_acc": 0.5043454545454545,
 "mode3_last_f1": 0.341578029862813,
 "mode3_last_roc_auc": 0.5545282472727273,
 "mode3_last_acc": 0.5261636363636364
}