{
 "generalization_gap": 0.003599999999999992,
 "confidence_gap": 0.0015718315414035011,
 "top3_last_f1": 0.2305913785130761,
 "top3_last_roc_auc": 0.49766857777777773,
 "top3_last_acc": 0.5008333333333334,
 "mode0_last_f1": 0.0851971479066366,
 "mode0_last_roc_auc": 0.4970877222222222,
 "mode0_last_acc": 0.4996333333333333
}