{
 "generalization_gap": 0.20153333333333334,
 "confidence_gap": 0.15954716683468567,
 "top3_last_f1": 0.32334983895005054,
 "top3_last_roc_auc": 0.5533617111111111,
 "top3_last_acc": 0.5308333333333334,
 "mode0_last_f1": 0.39084584080864665,
 "mode0_last_roc_auc": 0.5529517288888889,
 "mode0_last_acc": 0.5359666666666667
}