{
 "generalization_gap": 0.007133333333333325,
 "confidence_gap": 0.006986985428741432,
 "top3_best_f1": 0.23814886863929557,
 "top3_best_roc_auc": 0.5072463644444444,
 "top3_best_acc": 0.5039333333333333,
 "mode0_best_f1": 0.17385519458920057,
 "mode0_best_roc_auc": 0.5067621866666667,
 "mode0_best_acc": 0.5032666666666666
}