{
 "generalization_gap": 0.00830769230769235,
 "confidence_gap": 0.002751739219117616,
 "top3_best_f1": 0.004906470407850352,
 "top3_best_roc_auc": 0.4972780591715976,
 "top3_best_acc": 0.5007692307692307,
 "mode0_best_f1": 0.004903463070793748,
 "mode0_best_roc_auc": 0.4891360946745562,
 "mode0_best_acc": 0.5004615384615385
}