{
 "generalization_gap": 0.22353333333333336,
 "confidence_gap": 0.2359397448759072,
 "top3_best_f1": 0.7461613165699887,
 "top3_best_roc_auc": 0.6605163155555556,
 "top3_best_acc": 0.6776333333333333,
 "mode0_best_f1": 0.7481450517295433,
 "mode0_best_roc_auc": 0.7035314777777777,
 "mode0_best_acc": 0.6786666666666666,
 "mode3_best_f1": 0.768299711815562,
 "mode3_best_roc_auc": 0.7527629955555555,
 "mode3_best_acc": 0.7052
}