{
 "generalization_gap": 0.7205454545454546,
 "confidence_gap": 0.7075999747706948,
 "top3_best_f1": 0.8304406779661015,
 "top3_best_roc_auc": 0.8301038823140495,
 "top3_best_acc": 0.8181090909090909,
 "mode0_best_f1": 0.6669900557846229,
 "mode0_best_roc_auc": 0.8469643200000001,
 "mode0_best_acc": 0.5007272727272727,
 "mode3_best_f1": 0.892990168115164,
 "mode3_best_roc_auc": 0.905300801322314,
 "mode3_best_acc": 0.8840363636363636
}