{
 "generalization_gap": 0.06033333333333335,
 "confidence_gap": 0.057741862149656265,
 "top3_last_f1": 0.5882750084392933,
 "top3_last_roc_auc": 0.5210775888888888,
 "top3_last_acc": 0.5121333333333333,
 "mode0_last_f1": 0.524105703096719,
 "mode0_last_roc_auc": 0.5196115177777778,
 "mode0_last_acc": 0.5179666666666667
}