{
 "generalization_gap": -0.0009333333333333277,
 "confidence_gap": 0.0003500216509229742,
 "top3_best_f1": 0.24177497969130793,
 "top3_best_roc_auc": 0.5021721733333333,
 "top3_best_acc": 0.5022,
 "mode0_best_f1": 0.003986446083316724,
 "mode0_best_roc_auc": 0.49923719555555557,
 "mode0_best_acc": 0.5003,
 "mode3_best_f1": 0.043653072946582425,
 "mode3_best_roc_auc": 0.5055996688888889,
 "mode3_best_acc": 0.5005
}