{
 "generalization_gap": -0.0009333333333333277,
 "confidence_gap": 0.0003500216509229742,
 "top3_last_f1": 0.11221473335698239,
 "top3_last_roc_auc": 0.49856486888888885,
 "top3_last_acc": 0.49946666666666667,
 "mode0_last_f1": 0.04866920152091256,
 "mode0_last_roc_auc": 0.5011240422222223,
 "mode0_last_acc": 0.4996,
 "mode3_last_f1": 0.014579365600577921,
 "mode3_last_roc_auc": 0.5025581644444446,
 "mode3_last_acc": 0.49983333333333335
}