{
 "generalization_gap": 0.14800000000000002,
 "confidence_gap": 0.14075934534167434,
 "top3_best_f1": 0.6000541565123206,
 "top3_best_roc_auc": 0.5557334911242603,
 "top3_best_acc": 0.5455384615384615,
 "mode0_best_f1": 0.4033945135188474,
 "mode0_best_roc_auc": 0.5430498461538462,
 "mode0_best_acc": 0.534923076923077,
 "mode3_best_f1": 0.4275222265172014,
 "mode3_best_roc_auc": 0.5915269585798817,
 "mode3_best_acc": 0.5443076923076923
}