{
 "generalization_gap": 0.14800000000000002,
 "confidence_gap": 0.14075934534167434,
 "top3_last_f1": 0.6152872690458112,
 "top3_last_roc_auc": 0.5608452071005918,
 "top3_last_acc": 0.5323076923076923,
 "mode0_last_f1": 0.2351521004345727,
 "mode0_last_roc_auc": 0.5320882840236687,
 "mode0_last_acc": 0.5126153846153846,
 "mode3_last_f1": 0.26581980710421077,
 "mode3_last_roc_auc": 0.591566674556213,
 "mode3_last_acc": 0.5198461538461538
}