{
 "generalization_gap": 0.2959333333333334,
 "confidence_gap": 0.3620338788878611,
 "top3_best_f1": 0.8712675729057744,
 "top3_best_roc_auc": 0.9215856222222223,
 "top3_best_acc": 0.8522666666666666,
 "mode0_best_f1": 0.8952969035700368,
 "mode0_best_roc_auc": 0.9211861755555555,
 "mode0_best_acc": 0.8835666666666666,
 "mode3_best_f1": 0.903689234743707,
 "mode3_best_roc_auc": 0.9153475888888888,
 "mode3_best_acc": 0.8981
}