{
 "generalization_gap": 0.2959333333333334,
 "confidence_gap": 0.3620338788878611,
 "top3_last_f1": 0.7399842115650286,
 "top3_last_roc_auc": 0.6645958133333333,
 "top3_last_acc": 0.6486666666666666,
 "mode0_last_f1": 0.8569796011656476,
 "mode0_last_roc_auc": 0.8653937177777777,
 "mode0_last_acc": 0.8331333333333333,
 "mode3_last_f1": 0.8962467128854888,
 "mode3_last_roc_auc": 0.9352925688888889,
 "mode3_last_acc": 0.8842666666666666
}