{
 "generalization_gap": 0.033000000000000015,
 "confidence_gap": 0.010556062675825283,
 "top3_last_f1": 0.0002666133439978671,
 "top3_last_roc_auc": 0.5035977222222222,
 "top3_last_acc": 0.5000333333333333,
 "mode0_last_f1": 0.0038538205980066446,
 "mode0_last_roc_auc": 0.5046082488888889,
 "mode0_last_acc": 0.5002666666666666
}