{
 "generalization_gap": 0.5367636363636363,
 "confidence_gap": 0.4667450499388263,
 "top3_best_f1": 0.7041614123581336,
 "top3_best_roc_auc": 0.7314314201652892,
 "top3_best_acc": 0.7014181818181818,
 "mode0_best_f1": 0.7143759430155444,
 "mode0_best_roc_auc": 0.7320776892561984,
 "mode0_best_acc": 0.704,
 "mode3_best_f1": 0.623019127196968,
 "mode3_best_roc_auc": 0.8333359047933884,
 "mode3_best_acc": 0.6907454545454546
}