{
 "generalization_gap": 0.18615384615384623,
 "confidence_gap": 0.09648476818447504,
 "top3_best_f1": 0.36477724325454924,
 "top3_best_roc_auc": 0.5583585325443787,
 "top3_best_acc": 0.5327692307692308,
 "mode0_best_f1": 0.1185019564002236,
 "mode0_best_roc_auc": 0.5182609230769231,
 "mode0_best_acc": 0.5147692307692308
}