{
 "generalization_gap": 0.18615384615384623,
 "confidence_gap": 0.09648476818447504,
 "top3_last_f1": 0.0006151953245155337,
 "top3_last_roc_auc": 0.5476028402366864,
 "top3_last_acc": 0.5001538461538462,
 "mode0_last_f1": 0.10449025698955096,
 "mode0_last_roc_auc": 0.5192871479289941,
 "mode0_last_acc": 0.5121538461538462
}