{
 "generalization_gap": 0.06030769230769234,
 "confidence_gap": 0.010711424758801102,
 "top3_best_f1": 0.26727066817667045,
 "top3_best_roc_auc": 0.5019688047337277,
 "top3_best_acc": 0.5023076923076923,
 "mode0_best_f1": 0.1996057171020207,
 "mode0_best_roc_auc": 0.5015939408284024,
 "mode0_best_acc": 0.5003076923076923,
 "mode3_best_f1": 0.31174438687392053,
 "mode3_best_roc_auc": 0.5245156449704143,
 "mode3_best_acc": 0.5095384615384615
}