{
 "generalization_gap": 0.06030769230769234,
 "confidence_gap": 0.010711424758801102,
 "top3_last_f1": 0.0012277470841006752,
 "top3_last_roc_auc": 0.5022911715976331,
 "top3_last_acc": 0.49938461538461537,
 "mode0_last_f1": 0.07807637906647807,
 "mode0_last_roc_auc": 0.49856255621301776,
 "mode0_last_acc": 0.4986153846153846,
 "mode3_last_f1": 0.0,
 "mode3_last_roc_auc": 0.5358208284023669,
 "mode3_last_acc": 0.5
}