{
 "generalization_gap": 0.31579999999999997,
 "confidence_gap": 0.26940430440526075,
 "top3_best_f1": 0.5802385470317158,
 "top3_best_roc_auc": 0.6097933911111111,
 "top3_best_acc": 0.5870666666666666,
 "mode0_best_f1": 0.5479631584695475,
 "mode0_best_roc_auc": 0.6075753844444445,
 "mode0_best_acc": 0.5861
}