{
 "generalization_gap": 0.31579999999999997,
 "confidence_gap": 0.26940430440526075,
 "top3_last_f1": 0.4310420894732198,
 "top3_last_roc_auc": 0.6081886244444444,
 "top3_last_acc": 0.5701333333333334,
 "mode0_last_f1": 0.49529981199247974,
 "mode0_last_roc_auc": 0.6070275822222222,
 "mode0_last_acc": 0.5794333333333334
}