{
 "generalization_gap": 0.21247272727272726,
 "confidence_gap": 0.14341192688385251,
 "top3_best_f1": 0.3872009061305395,
 "top3_best_roc_auc": 0.6589269157024793,
 "top3_best_acc": 0.6065272727272727,
 "mode0_best_f1": 0.536626916524702,
 "mode0_best_roc_auc": 0.6318027642975206,
 "mode0_best_acc": 0.6241454545454546,
 "mode3_best_f1": 0.06826058038996045,
 "mode3_best_roc_auc": 0.7930461203305785,
 "mode3_best_acc": 0.5160545454545454
}