{
 "generalization_gap": 0.21247272727272726,
 "confidence_gap": 0.14341192688385251,
 "top3_last_f1": 0.3723754690498697,
 "top3_last_roc_auc": 0.6100044661157024,
 "top3_last_acc": 0.6016181818181818,
 "mode0_last_f1": 0.45494364880161425,
 "mode0_last_roc_auc": 0.561024454214876,
 "mode0_last_acc": 0.5972727272727273,
 "mode3_last_f1": 7.272462819533835e-05,
 "mode3_last_roc_auc": 0.5968839041322315,
 "mode3_last_acc": 0.5000181818181818
}