{
 "generalization_gap": 0.011384615384615437,
 "confidence_gap": 0.010648269725678339,
 "top3_last_f1": 0.049008168028004666,
 "top3_last_roc_auc": 0.5002874792899408,
 "top3_last_acc": 0.49846153846153846,
 "mode0_last_f1": 0.1774519716885743,
 "mode0_last_roc_auc": 0.5091330177514792,
 "mode0_last_acc": 0.49938461538461537
}