{
 "generalization_gap": 0.002181818181818184,
 "confidence_gap": 0.0003002846365511439,
 "top3_best_f1": 0.0002908244874218409,
 "top3_best_roc_auc": 0.5092020079338844,
 "top3_best_acc": 0.5,
 "mode0_best_f1": 0.4774936560609018,
 "mode0_best_roc_auc": 0.5179119940495869,
 "mode0_best_acc": 0.5133090909090909,
 "mode3_best_f1": 0.01529293509477312,
 "mode3_best_roc_auc": 0.4991158803305785,
 "mode3_best_acc": 0.5012727272727273
}