{
 "generalization_gap": 0.057818181818181824,
 "confidence_gap": 0.046599624338291734,
 "top3_best_f1": 0.369682151589242,
 "top3_best_roc_auc": 0.5116842922314049,
 "top3_best_acc": 0.5078363636363636,
 "mode0_best_f1": 0.4554463504466556,
 "mode0_best_roc_auc": 0.5181529771900827,
 "mode0_best_acc": 0.5134363636363637,
 "mode3_best_f1": 0.41722179370310636,
 "mode3_best_roc_auc": 0.5836908707438017,
 "mode3_best_acc": 0.5466727272727273
}