{
 "generalization_gap": 0.057818181818181824,
 "confidence_gap": 0.046599624338291734,
 "top3_last_f1": 0.3625041124218639,
 "top3_last_roc_auc": 0.5121662221487604,
 "top3_last_acc": 0.5067636363636364,
 "mode0_last_f1": 0.6132609316947699,
 "mode0_last_roc_auc": 0.5185542201652893,
 "mode0_last_acc": 0.5079272727272728,
 "mode3_last_f1": 0.38873472567060996,
 "mode3_last_roc_auc": 0.5824908290909091,
 "mode3_last_acc": 0.5434181818181818
}