{
 "generalization_gap": 0.06952727272727274,
 "confidence_gap": 0.05445560261577359,
 "top3_best_f1": 0.3851314096673406,
 "top3_best_roc_auc": 0.5178484892561983,
 "top3_best_acc": 0.5133818181818182,
 "mode0_best_f1": 0.44380714879468003,
 "mode0_best_roc_auc": 0.5200421011570248,
 "mode0_best_acc": 0.5133818181818182,
 "mode3_best_f1": 0.4620976802590708,
 "mode3_best_roc_auc": 0.5886189110743801,
 "mode3_best_acc": 0.5560545454545455
}