{
 "generalization_gap": 0.06952727272727274,
 "confidence_gap": 0.05445560261577359,
 "top3_last_f1": 0.37303591470258135,
 "top3_last_roc_auc": 0.517940212892562,
 "top3_last_acc": 0.5124727272727273,
 "mode0_last_f1": 0.620367782684031,
 "mode0_last_roc_auc": 0.5190169692561983,
 "mode0_last_acc": 0.5060363636363636,
 "mode3_last_f1": 0.40265136050337424,
 "mode3_last_roc_auc": 0.589245703801653,
 "mode3_last_acc": 0.5477636363636363
}