{
 "generalization_gap": 0.21206666666666663,
 "confidence_gap": 0.16678246816475945,
 "top3_last_f1": 0.33353975134568664,
 "top3_last_roc_auc": 0.5539178755555555,
 "top3_last_acc": 0.5336333333333333,
 "mode0_last_f1": 0.39993059772707557,
 "mode0_last_roc_auc": 0.5544822822222222,
 "mode0_last_acc": 0.5388666666666667
}