{
 "generalization_gap": 0.03076923076923077,
 "confidence_gap": 0.03365515789089757,
 "top3_best_f1": 0.5752021563342319,
 "top3_best_roc_auc": 0.5147797869822486,
 "top3_best_acc": 0.5150769230769231,
 "mode0_best_f1": 0.5022688155218276,
 "mode0_best_roc_auc": 0.5116066272189349,
 "mode0_best_acc": 0.5106153846153846,
 "mode3_best_f1": 0.5968156137647663,
 "mode3_best_roc_auc": 0.5186115029585799,
 "mode3_best_acc": 0.5169230769230769
}