{
 "generalization_gap": 0.03076923076923077,
 "confidence_gap": 0.03365515789089757,
 "top3_last_f1": 0.12590799031476999,
 "top3_last_roc_auc": 0.5143301775147928,
 "top3_last_acc": 0.5001538461538462,
 "mode0_last_f1": 0.16014418125643667,
 "mode0_last_roc_auc": 0.498745372781065,
 "mode0_last_acc": 0.49815384615384617,
 "mode3_last_f1": 0.09189640768588136,
 "mode3_last_roc_auc": 0.5233158816568048,
 "mode3_last_acc": 0.4983076923076923
}