{
 "generalization_gap": 0.015066666666666673,
 "confidence_gap": 0.013553732640139649,
 "top3_best_f1": 0.2577539576199692,
 "top3_best_roc_auc": 0.4999397311111111,
 "top3_best_acc": 0.5014333333333333,
 "mode0_best_f1": 0.23056382869466982,
 "mode0_best_roc_auc": 0.502329651111111,
 "mode0_best_acc": 0.5005333333333334
}