{
 "generalization_gap": 0.2353846153846153,
 "confidence_gap": 0.23887033727039464,
 "top3_best_f1": 0.7072436935894469,
 "top3_best_roc_auc": 0.6614592662721892,
 "top3_best_acc": 0.6107692307692307,
 "mode0_best_f1": 0.6891690389047039,
 "mode0_best_roc_auc": 0.6696391952662721,
 "mode0_best_acc": 0.6472307692307693
}