{
 "generalization_gap": 0.2353846153846153,
 "confidence_gap": 0.23887033727039464,
 "top3_last_f1": 0.14088250930356191,
 "top3_last_roc_auc": 0.657029349112426,
 "top3_last_acc": 0.5027692307692307,
 "mode0_last_f1": 0.6891690389047039,
 "mode0_last_roc_auc": 0.6696391952662721,
 "mode0_last_acc": 0.6472307692307693
}