{
 "generalization_gap": 0.10086666666666666,
 "confidence_gap": 0.10006177936438565,
 "top3_best_f1": 0.6020719441843606,
 "top3_best_roc_auc": 0.5737537711111111,
 "top3_best_acc": 0.5608333333333333,
 "mode0_best_f1": 0.39137040413248253,
 "mode0_best_roc_auc": 0.5489698488888889,
 "mode0_best_acc": 0.5326333333333333,
 "mode3_best_f1": 0.24927775484936027,
 "mode3_best_roc_auc": 0.5848768844444444,
 "mode3_best_acc": 0.5149333333333334
}