{
 "generalization_gap": 0.10086666666666666,
 "confidence_gap": 0.10006177936438565,
 "top3_last_f1": 0.4893179182100497,
 "top3_last_roc_auc": 0.5744809155555556,
 "top3_last_acc": 0.5450333333333334,
 "mode0_last_f1": 0.08391608391608392,
 "mode0_last_roc_auc": 0.5601956511111111,
 "mode0_last_acc": 0.5022,
 "mode3_last_f1": 0.04521429026300707,
 "mode3_last_roc_auc": 0.5886857688888889,
 "mode3_last_acc": 0.5002333333333333
}