{
 "generalization_gap": 0.0005090909090909104,
 "confidence_gap": 0.00042400453443384653,
 "top3_best_f1": 0.4781277922472957,
 "top3_best_roc_auc": 0.49869436826446284,
 "top3_best_acc": 0.500890909090909,
 "mode0_best_f1": 0.6666666666666666,
 "mode0_best_roc_auc": 0.5031658532231406,
 "mode0_best_acc": 0.5
}