{
 "generalization_gap": 0.17126666666666668,
 "confidence_gap": 0.186478347828824,
 "top3_best_f1": 0.7035194794719437,
 "top3_best_roc_auc": 0.6464128555555555,
 "top3_best_acc": 0.6324333333333333,
 "mode0_best_f1": 0.5850261172373767,
 "mode0_best_roc_auc": 0.6322230777777778,
 "mode0_best_acc": 0.5948333333333333,
 "mode3_best_f1": 0.4878936540591866,
 "mode3_best_roc_auc": 0.6546168044444445,
 "mode3_best_acc": 0.5685333333333333
}