{
 "generalization_gap": 0.015384615384615385,
 "confidence_gap": 0.0031123851256874835,
 "top3_best_f1": 0.2606689734717416,
 "top3_best_roc_auc": 0.4947533727810651,
 "top3_best_acc": 0.5069230769230769,
 "mode0_best_f1": 0.006725771935188016,
 "mode0_best_roc_auc": 0.4914458224852071,
 "mode0_best_acc": 0.5001538461538462,
 "mode3_best_f1": 0.4766278497621781,
 "mode3_best_roc_auc": 0.5072701065088757,
 "mode3_best_acc": 0.5090769230769231
}