{
 "generalization_gap": 0.015384615384615385,
 "confidence_gap": 0.0031123851256874835,
 "top3_last_f1": 0.0,
 "top3_last_roc_auc": 0.49501453254437877,
 "top3_last_acc": 0.5,
 "mode0_last_f1": 0.006725771935188016,
 "mode0_last_roc_auc": 0.4914458224852071,
 "mode0_last_acc": 0.5001538461538462,
 "mode3_last_f1": 0.0,
 "mode3_last_roc_auc": 0.5107216094674556,
 "mode3_last_acc": 0.5
}