{
 "generalization_gap": 0.25630769230769235,
 "confidence_gap": 0.24341278202222805,
 "top3_last_f1": 0.12421340629274964,
 "top3_last_roc_auc": 0.6534492781065089,
 "top3_last_acc": 0.5075384615384615,
 "mode0_last_f1": 0.4058516196447231,
 "mode0_last_roc_auc": 0.5924342721893491,
 "mode0_last_acc": 0.5626153846153846
}