{
 "generalization_gap": 0.17446666666666666,
 "confidence_gap": 0.13839928168187843,
 "top3_best_f1": 0.5051542714464063,
 "top3_best_roc_auc": 0.5469249733333332,
 "top3_best_acc": 0.5375666666666666,
 "mode0_best_f1": 0.5239908083822067,
 "mode0_best_roc_auc": 0.5458792488888888,
 "mode0_best_acc": 0.5373666666666667
}