{
 "generalization_gap": 0.17446666666666666,
 "confidence_gap": 0.13839928168187843,
 "top3_last_f1": 0.3025703794369645,
 "top3_last_roc_auc": 0.5439576377777777,
 "top3_last_acc": 0.5251666666666667,
 "mode0_last_f1": 0.37595318318850857,
 "mode0_last_roc_auc": 0.54412808,
 "mode0_last_acc": 0.5308
}