{
 "generalization_gap": 0.06506666666666666,
 "confidence_gap": 0.018443892320572433,
 "top3_best_f1": 0.1446729835914028,
 "top3_best_roc_auc": 0.5172167933333334,
 "top3_best_acc": 0.5065333333333333,
 "mode0_best_f1": 0.1699309407902185,
 "mode0_best_roc_auc": 0.5103297622222223,
 "mode0_best_acc": 0.5112,
 "mode3_best_f1": 0.006230942595784171,
 "mode3_best_roc_auc": 0.5428199844444445,
 "mode3_best_acc": 0.5002666666666666
}