{
 "generalization_gap": 0.0324666666666667,
 "confidence_gap": 0.0248847552338598,
 "top3_last_f1": 0.2974793875147232,
 "top3_last_roc_auc": 0.5023920422222223,
 "top3_last_acc": 0.5029666666666667,
 "mode0_last_f1": 0.11055694098088113,
 "mode0_last_roc_auc": 0.4972096111111111,
 "mode0_last_acc": 0.5006666666666667
}