{
 "generalization_gap": 0.0709090909090909,
 "confidence_gap": 0.026885711572307715,
 "top3_best_f1": 0.13539294319569595,
 "top3_best_roc_auc": 0.5534142975206611,
 "top3_best_acc": 0.5237272727272727,
 "mode0_best_f1": 0.23417628138924132,
 "mode0_best_roc_auc": 0.5232584714049586,
 "mode0_best_acc": 0.5281272727272728,
 "mode3_best_f1": 0.012987481510877016,
 "mode3_best_roc_auc": 0.5874462829752066,
 "mode3_best_acc": 0.5025636363636363
}