{
 "generalization_gap": 0.0017818181818181813,
 "confidence_gap": 0.000474201860429819,
 "top3_best_f1": 0.0642852273501943,
 "top3_best_roc_auc": 0.4962567319008264,
 "top3_best_acc": 0.5008727272727272,
 "mode0_best_f1": 0.0017427928255028685,
 "mode0_best_roc_auc": 0.49674725421487603,
 "mode0_best_acc": 0.500109090909091
}