{
 "generalization_gap": 0.0008000000000000004,
 "confidence_gap": 0.00019122007499532915,
 "top3_best_f1": 0.2505128976666575,
 "top3_best_roc_auc": 0.5020648899173554,
 "top3_best_acc": 0.5018363636363636,
 "mode0_best_f1": 0.6666666666666666,
 "mode0_best_roc_auc": 0.5033057917355372,
 "mode0_best_acc": 0.5
}