{
 "generalization_gap": 0.23261538461538467,
 "confidence_gap": 0.23650311217433362,
 "top3_best_f1": 0.7227040249054926,
 "top3_best_roc_auc": 0.7699381301775149,
 "top3_best_acc": 0.6163076923076923,
 "mode0_best_f1": 0.8022190685072894,
 "mode0_best_roc_auc": 0.7980298224852072,
 "mode0_best_acc": 0.7641538461538462,
 "mode3_best_f1": 0.798960612691466,
 "mode3_best_roc_auc": 0.8121895857988165,
 "mode3_best_acc": 0.7738461538461539
}