{
 "generalization_gap": 0.23261538461538467,
 "confidence_gap": 0.23650311217433362,
 "top3_last_f1": 0.16913099870298312,
 "top3_last_roc_auc": 0.7681638343195265,
 "top3_last_acc": 0.5072307692307693,
 "mode0_last_f1": 0.7621387283236994,
 "mode0_last_roc_auc": 0.7980172781065088,
 "mode0_last_acc": 0.7467692307692307,
 "mode3_last_f1": 0.7948294829482949,
 "mode3_last_roc_auc": 0.8142722366863906,
 "mode3_last_acc": 0.7704615384615384
}