{
 "generalization_gap": 0.007076923076923036,
 "confidence_gap": 0.011591103706712014,
 "top3_best_f1": 0.24158510384339937,
 "top3_best_roc_auc": 0.5056396686390532,
 "top3_best_acc": 0.5112307692307693,
 "mode0_best_f1": 0.32659862528639866,
 "mode0_best_roc_auc": 0.5011700828402367,
 "mode0_best_acc": 0.5026153846153846,
 "mode3_best_f1": 0.16688261207566726,
 "mode3_best_roc_auc": 0.510741775147929,
 "mode3_best_acc": 0.5053846153846154
}