{
 "generalization_gap": 0.007076923076923036,
 "confidence_gap": 0.011591103706712014,
 "top3_last_f1": 0.015762352227947862,
 "top3_last_roc_auc": 0.5052024615384615,
 "top3_last_acc": 0.5004615384615385,
 "mode0_last_f1": 0.02582582582582582,
 "mode0_last_roc_auc": 0.4952543905325444,
 "mode0_last_acc": 0.5009230769230769,
 "mode3_last_f1": 0.002457757296466974,
 "mode3_last_roc_auc": 0.5107327337278107,
 "mode3_last_acc": 0.5004615384615385
}