{
 "generalization_gap": 0.07279999999999998,
 "confidence_gap": 0.08359736245755522,
 "top3_last_f1": 0.7000536743599916,
 "top3_last_roc_auc": 0.6822027177777777,
 "top3_last_acc": 0.5715666666666667,
 "mode0_last_f1": 0.7320454856829702,
 "mode0_last_roc_auc": 0.7152739533333333,
 "mode0_last_acc": 0.6740333333333334,
 "mode3_last_f1": 0.7402079629330316,
 "mode3_last_roc_auc": 0.7062366222222223,
 "mode3_last_acc": 0.6785333333333333
}