{
 "generalization_gap": 0.001309090909090909,
 "confidence_gap": 0.00046245084511086724,
 "top3_best_f1": 0.46295390036214146,
 "top3_best_roc_auc": 0.5007439021487603,
 "top3_best_acc": 0.5011818181818182,
 "mode0_best_f1": 0.001452854859799506,
 "mode0_best_roc_auc": 0.5014197137190083,
 "mode0_best_acc": 0.5001454545454546
}