{
 "generalization_gap": 0.001309090909090909,
 "confidence_gap": 0.00046245084511086724,
 "top3_last_f1": 0.2334307585247042,
 "top3_last_roc_auc": 0.5006199609917356,
 "top3_last_acc": 0.4992909090909091,
 "mode0_last_f1": 0.6666666666666666,
 "mode0_last_roc_auc": 0.500000000661157,
 "mode0_last_acc": 0.5
}