{
 "generalization_gap": 0.5326545454545455,
 "confidence_gap": 0.5022050535697318,
 "top3_best_f1": 0.7159864564750428,
 "top3_best_roc_auc": 0.7536805666115702,
 "top3_best_acc": 0.7163272727272727,
 "mode0_best_f1": 0.7022675736961451,
 "mode0_best_roc_auc": 0.7639251781818182,
 "mode0_best_acc": 0.7135272727272727,
 "mode3_best_f1": 0.53109614206981,
 "mode3_best_roc_auc": 0.8389855080991737,
 "mode3_best_acc": 0.6519454545454545
}