{
 "generalization_gap": 0.5326545454545455,
 "confidence_gap": 0.5022050535697318,
 "top3_last_f1": 0.7343450086129113,
 "top3_last_roc_auc": 0.7090759319008266,
 "top3_last_acc": 0.7055818181818182,
 "mode0_last_f1": 0.6000445831475703,
 "mode0_last_roc_auc": 0.6956104641322315,
 "mode0_last_acc": 0.6737818181818181,
 "mode3_last_f1": 0.09448656808590936,
 "mode3_last_roc_auc": 0.8292162591735537,
 "mode3_last_acc": 0.5201272727272728
}