{
 "generalization_gap": 0.22934545454545452,
 "confidence_gap": 0.14910651483707188,
 "top3_best_f1": 0.5120399548130091,
 "top3_best_roc_auc": 0.5632354942148761,
 "top3_best_acc": 0.5523454545454546,
 "mode0_best_f1": 0.46550941438422794,
 "mode0_best_roc_auc": 0.5632658690909091,
 "mode0_best_acc": 0.5504545454545454,
 "mode3_best_f1": 0.21107087428867047,
 "mode3_best_roc_auc": 0.6284218009917355,
 "mode3_best_acc": 0.5286363636363637
}