{
 "generalization_gap": 0.22934545454545452,
 "confidence_gap": 0.14910651483707188,
 "top3_last_f1": 0.5022926977073023,
 "top3_last_roc_auc": 0.5532202128925618,
 "top3_last_acc": 0.5520181818181819,
 "mode0_last_f1": 0.46550941438422794,
 "mode0_last_roc_auc": 0.5632658690909091,
 "mode0_last_acc": 0.5504545454545454,
 "mode3_last_f1": 0.1515965956357586,
 "mode3_last_roc_auc": 0.5846040462809918,
 "mode3_last_acc": 0.5178909090909091
}