{
 "generalization_gap": 0.14626666666666666,
 "confidence_gap": 0.14470651827946734,
 "top3_last_f1": 0.6434528010874965,
 "top3_last_roc_auc": 0.5687908933333333,
 "top3_last_acc": 0.5453666666666667,
 "mode0_last_f1": 0.6038800915059865,
 "mode0_last_roc_auc": 0.5627769533333333,
 "mode0_last_acc": 0.5555666666666667
}