{
 "generalization_gap": 0.003672727272727279,
 "confidence_gap": 0.0023123942258851914,
 "top3_best_f1": 0.5905512987109975,
 "top3_best_roc_auc": 0.49799218578512394,
 "top3_best_acc": 0.5015818181818181,
 "mode0_best_f1": 0.0044890127792057335,
 "mode0_best_roc_auc": 0.49387877090909094,
 "mode0_best_acc": 0.5000181818181818
}