{
 "generalization_gap": 0.17200000000000004,
 "confidence_gap": 0.16824801547349755,
 "top3_best_f1": 0.643467336683417,
 "top3_best_roc_auc": 0.583393325443787,
 "top3_best_acc": 0.5633846153846154,
 "mode0_best_f1": 0.5168729862642022,
 "mode0_best_roc_auc": 0.5760566153846155,
 "mode0_best_acc": 0.5616923076923077,
 "mode3_best_f1": 0.5176511107284312,
 "mode3_best_roc_auc": 0.6175141301775149,
 "mode3_best_acc": 0.569076923076923
}