{
 "generalization_gap": 0.17200000000000004,
 "confidence_gap": 0.16824801547349755,
 "top3_last_f1": 0.6508369939451503,
 "top3_last_roc_auc": 0.589946698224852,
 "top3_last_acc": 0.5475384615384615,
 "mode0_last_f1": 0.359493670886076,
 "mode0_last_roc_auc": 0.562423100591716,
 "mode0_last_acc": 0.5329230769230769,
 "mode3_last_f1": 0.4480273141122913,
 "mode3_last_roc_auc": 0.6187922366863906,
 "mode3_last_acc": 0.5523076923076923
}