{
 "generalization_gap": -0.008615384615384636,
 "confidence_gap": -0.0024694566743161672,
 "top3_best_f1": 0.0073461891643709825,
 "top3_best_roc_auc": 0.4884859644970414,
 "top3_best_acc": 0.5010769230769231,
 "mode0_best_f1": 0.006125574272588055,
 "mode0_best_roc_auc": 0.4989672899408284,
 "mode0_best_acc": 0.5007692307692307
}