{
 "generalization_gap": 0.01853333333333329,
 "confidence_gap": 0.01217191843906329,
 "top3_best_f1": 0.16018023092086736,
 "top3_best_roc_auc": 0.5015584844444444,
 "top3_best_acc": 0.5029666666666667,
 "mode0_best_f1": 0.40579825574449446,
 "mode0_best_roc_auc": 0.5017487288888889,
 "mode0_best_acc": 0.5026333333333334
}