{
 "generalization_gap": 0.041200000000000014,
 "confidence_gap": 0.027820973146707506,
 "top3_best_f1": 0.4156194251734391,
 "top3_best_roc_auc": 0.514840988888889,
 "top3_best_acc": 0.5086333333333334,
 "mode0_best_f1": 0.08375805956401597,
 "mode0_best_roc_auc": 0.5083746666666666,
 "mode0_best_acc": 0.5026333333333334,
 "mode3_best_f1": 0.0513276584932029,
 "mode3_best_roc_auc": 0.5275386088888889,
 "mode3_best_acc": 0.5022
}