{
 "generalization_gap": 0.2113846153846154,
 "confidence_gap": 0.2227938928000408,
 "top3_best_f1": 0.7243339649983279,
 "top3_best_roc_auc": 0.7419018224852072,
 "top3_best_acc": 0.6195384615384616,
 "mode0_best_f1": 0.7733435661294449,
 "mode0_best_roc_auc": 0.7615655384615385,
 "mode0_best_acc": 0.7273846153846154,
 "mode3_best_f1": 0.7789778714436248,
 "mode3_best_roc_auc": 0.7760784852071007,
 "mode3_best_acc": 0.7418461538461538
}