{
 "generalization_gap": 0.2113846153846154,
 "confidence_gap": 0.2227938928000408,
 "top3_last_f1": 0.7085240898190538,
 "top3_last_roc_auc": 0.7571519999999999,
 "top3_last_acc": 0.5886153846153847,
 "mode0_last_f1": 0.7321403006442376,
 "mode0_last_roc_auc": 0.7615606627218936,
 "mode0_last_acc": 0.7121538461538461,
 "mode3_last_f1": 0.7812216314356114,
 "mode3_last_roc_auc": 0.784062201183432,
 "mode3_last_acc": 0.7404615384615385
}