{
 "generalization_gap": -0.0024666666666666726,
 "confidence_gap": 0.0011220658113427484,
 "top3_best_f1": 0.25917647643172903,
 "top3_best_roc_auc": 0.5081758911111112,
 "top3_best_acc": 0.5028333333333334,
 "mode0_best_f1": 0.06049956068783732,
 "mode0_best_roc_auc": 0.5045045022222223,
 "mode0_best_acc": 0.501,
 "mode3_best_f1": 0.03755868544600939,
 "mode3_best_roc_auc": 0.5044649555555555,
 "mode3_best_acc": 0.5011666666666666
}