{
 "generalization_gap": -0.0024666666666666726,
 "confidence_gap": 0.0011220658113427484,
 "top3_last_f1": 0.12989582727114007,
 "top3_last_roc_auc": 0.5074713222222222,
 "top3_last_acc": 0.5016333333333334,
 "mode0_last_f1": 0.06049956068783732,
 "mode0_last_roc_auc": 0.5045045022222223,
 "mode0_last_acc": 0.501,
 "mode3_last_f1": 0.02712876427829699,
 "mode3_last_roc_auc": 0.5019276533333333,
 "mode3_last_acc": 0.5003333333333333
}