{
 "generalization_gap": 0.038461538461538436,
 "confidence_gap": 0.009110455641952842,
 "top3_best_f1": 0.0036809815950920245,
 "top3_best_roc_auc": 0.48493254437869826,
 "top3_best_acc": 0.5003076923076923,
 "mode0_best_f1": 0.008549618320610686,
 "mode0_best_roc_auc": 0.48913003550295864,
 "mode0_best_acc": 0.5004615384615385
}