{
 "generalization_gap": 0.009400000000000006,
 "confidence_gap": 0.003166452100022678,
 "top3_best_f1": 0.034022810748115216,
 "top3_best_roc_auc": 0.49821043777777774,
 "top3_best_acc": 0.5003,
 "mode0_best_f1": 0.01318044022670357,
 "mode0_best_roc_auc": 0.49782493111111115,
 "mode0_best_acc": 0.5008666666666667
}