{
 "generalization_gap": 0.009400000000000006,
 "confidence_gap": 0.003166452100022678,
 "top3_last_f1": 0.0001332889036987671,
 "top3_last_roc_auc": 0.5014450444444444,
 "top3_last_acc": 0.4999,
 "mode0_last_f1": 0.0026597513132522108,
 "mode0_last_roc_auc": 0.4976650311111111,
 "mode0_last_acc": 0.5000333333333333
}