{
 "generalization_gap": 0.2744615384615384,
 "confidence_gap": 0.28546939120842196,
 "top3_best_f1": 0.7390562819783969,
 "top3_best_roc_auc": 0.7119719289940829,
 "top3_best_acc": 0.6469230769230769,
 "mode0_best_f1": 0.7734161490683229,
 "mode0_best_roc_auc": 0.7334582248520709,
 "mode0_best_acc": 0.7193846153846154,
 "mode3_best_f1": 0.7497231450719822,
 "mode3_best_roc_auc": 0.7544586508875741,
 "mode3_best_acc": 0.7218461538461538
}