{
 "generalization_gap": 0.2744615384615384,
 "confidence_gap": 0.28546939120842196,
 "top3_last_f1": 0.7281281505544975,
 "top3_last_roc_auc": 0.7434728520710059,
 "top3_last_acc": 0.6266153846153846,
 "mode0_last_f1": 0.6558971141781682,
 "mode0_last_roc_auc": 0.7235133727810652,
 "mode0_last_acc": 0.6624615384615384,
 "mode3_last_f1": 0.7497231450719822,
 "mode3_last_roc_auc": 0.7544586508875741,
 "mode3_last_acc": 0.7218461538461538
}