{
 "generalization_gap": 0.008923076923076922,
 "confidence_gap": -0.0009365153226714718,
 "top3_best_f1": 0.004295796256520405,
 "top3_best_roc_auc": 0.5026907455621301,
 "top3_best_acc": 0.5007692307692307,
 "mode0_best_f1": 0.004909481436023319,
 "mode0_best_roc_auc": 0.5073788402366863,
 "mode0_best_acc": 0.5010769230769231
}