{
 "generalization_gap": 0.22461538461538466,
 "confidence_gap": 0.23284886047960485,
 "top3_best_f1": 0.723442202652993,
 "top3_best_roc_auc": 0.7307211834319527,
 "top3_best_acc": 0.6183076923076923,
 "mode0_best_f1": 0.7659197366755286,
 "mode0_best_roc_auc": 0.757144473372781,
 "mode0_best_acc": 0.7155384615384616,
 "mode3_best_f1": 0.777084659452578,
 "mode3_best_roc_auc": 0.766899124260355,
 "mode3_best_acc": 0.7306153846153847
}