{
 "generalization_gap": 0.22461538461538466,
 "confidence_gap": 0.23284886047960485,
 "top3_last_f1": 0.709466098919096,
 "top3_last_roc_auc": 0.7491553136094674,
 "top3_last_acc": 0.5906153846153847,
 "mode0_last_f1": 0.7126202273389682,
 "mode0_last_roc_auc": 0.7492609704142011,
 "mode0_last_acc": 0.6966153846153846,
 "mode3_last_f1": 0.7695697252462417,
 "mode3_last_roc_auc": 0.7706275502958579,
 "mode3_last_acc": 0.7264615384615385
}