{
 "generalization_gap": -6.66666666666732e-05,
 "confidence_gap": 0.00018117989357560767,
 "top3_best_f1": 0.00013332444503699753,
 "top3_best_roc_auc": 0.5001453577777778,
 "top3_best_acc": 0.5000333333333333,
 "mode0_best_f1": 0.0022631964321373895,
 "mode0_best_roc_auc": 0.49902905555555555,
 "mode0_best_acc": 0.5003666666666666,
 "mode3_best_f1": 0.0,
 "mode3_best_roc_auc": 0.5026421022222223,
 "mode3_best_acc": 0.5
}