{
 "generalization_gap": -6.66666666666732e-05,
 "confidence_gap": 0.00018117989357560767,
 "top3_last_f1": 0.0,
 "top3_last_roc_auc": 0.5003961133333333,
 "top3_last_acc": 0.5,
 "mode0_last_f1": 0.0,
 "mode0_last_roc_auc": 0.49953502666666666,
 "mode0_last_acc": 0.5,
 "mode3_last_f1": 0.0,
 "mode3_last_roc_auc": 0.5001201355555556,
 "mode3_last_acc": 0.5
}