{
 "generalization_gap": 0.00833333333333336,
 "confidence_gap": 0.0026459498097240464,
 "top3_last_f1": 0.24221696927023081,
 "top3_last_roc_auc": 0.49601890666666665,
 "top3_last_acc": 0.4977666666666667,
 "mode0_last_f1": 0.08635809987819731,
 "mode0_last_roc_auc": 0.49529621999999995,
 "mode0_last_acc": 0.49993333333333334
}