{
 "generalization_gap": 0.04600000000000004,
 "confidence_gap": 0.02595524376969241,
 "top3_best_f1": 0.3485624924816553,
 "top3_best_roc_auc": 0.5083520489256199,
 "top3_best_acc": 0.5076909090909091,
 "mode0_best_f1": 0.2807837306854989,
 "mode0_best_roc_auc": 0.5063155391735538,
 "mode0_best_acc": 0.5074545454545455,
 "mode3_best_f1": 0.1460922222923106,
 "mode3_best_roc_auc": 0.5532508859504133,
 "mode3_best_acc": 0.5077454545454545
}