{
 "generalization_gap": 0.04600000000000004,
 "confidence_gap": 0.02595524376969241,
 "top3_last_f1": 0.3322985957132299,
 "top3_last_roc_auc": 0.5073596687603307,
 "top3_last_acc": 0.5072363636363636,
 "mode0_last_f1": 0.2807837306854989,
 "mode0_last_roc_auc": 0.5063155391735538,
 "mode0_last_acc": 0.5074545454545455,
 "mode3_last_f1": 0.035623767952689386,
 "mode3_last_roc_auc": 0.5196298750413224,
 "mode3_last_acc": 0.501890909090909
}