{
 "generalization_gap": 0.031333333333333324,
 "confidence_gap": 0.02488286403811024,
 "top3_best_f1": 0.10535147120512973,
 "top3_best_roc_auc": 0.5022535533333333,
 "top3_best_acc": 0.5023666666666666,
 "mode0_best_f1": 0.16242002469412953,
 "mode0_best_roc_auc": 0.5005031844444445,
 "mode0_best_acc": 0.5025333333333334
}