{
 "generalization_gap": 0.24461538461538457,
 "confidence_gap": 0.2496378355121276,
 "top3_best_f1": 0.7245753114382786,
 "top3_best_roc_auc": 0.7071103905325443,
 "top3_best_acc": 0.6258461538461538,
 "mode0_best_f1": 0.7377506307263312,
 "mode0_best_roc_auc": 0.7283330177514793,
 "mode0_best_acc": 0.6961538461538461
}