{
 "generalization_gap": 0.24461538461538457,
 "confidence_gap": 0.2496378355121276,
 "top3_last_f1": 0.15094339622641506,
 "top3_last_roc_auc": 0.7045752426035503,
 "top3_last_acc": 0.5015384615384615,
 "mode0_last_f1": 0.7433175597902545,
 "mode0_last_roc_auc": 0.7294038343195266,
 "mode0_last_acc": 0.6912307692307692
}