{
 "generalization_gap": 0.21723076923076923,
 "confidence_gap": 0.22362376108944648,
 "top3_last_f1": 0.697080291970803,
 "top3_last_roc_auc": 0.728351573964497,
 "top3_last_acc": 0.5658461538461539,
 "mode0_last_f1": 0.7084666860634274,
 "mode0_last_roc_auc": 0.7372415621301776,
 "mode0_last_acc": 0.6916923076923077
}