{
 "generalization_gap": 0.011076923076923095,
 "confidence_gap": 0.008740819694510238,
 "top3_best_f1": 0.3747549980399843,
 "top3_best_roc_auc": 0.5031988639053254,
 "top3_best_acc": 0.5092307692307693,
 "mode0_best_f1": 0.13283140629201398,
 "mode0_best_roc_auc": 0.5017482603550296,
 "mode0_best_acc": 0.5038461538461538,
 "mode3_best_f1": 0.049970605526161074,
 "mode3_best_roc_auc": 0.5068628639053254,
 "mode3_best_acc": 0.5027692307692307
}