{
 "generalization_gap": 0.011076923076923095,
 "confidence_gap": 0.008740819694510238,
 "top3_last_f1": 0.4219858156028369,
 "top3_last_roc_auc": 0.5015335384615385,
 "top3_last_acc": 0.49846153846153846,
 "mode0_last_f1": 0.175617205395775,
 "mode0_last_roc_auc": 0.5017114792899409,
 "mode0_last_acc": 0.5016923076923077,
 "mode3_last_f1": 0.08651685393258426,
 "mode3_last_roc_auc": 0.5068637159763313,
 "mode3_last_acc": 0.4996923076923077
}