{
 "generalization_gap": 0.034769230769230774,
 "confidence_gap": 0.02975045114954883,
 "top3_best_f1": 0.24736472241742796,
 "top3_best_roc_auc": 0.49901472189349116,
 "top3_best_acc": 0.5056923076923077,
 "mode0_best_f1": 0.28343666961913194,
 "mode0_best_roc_auc": 0.496701349112426,
 "mode0_best_acc": 0.5021538461538462,
 "mode3_best_f1": 0.5079063883617964,
 "mode3_best_roc_auc": 0.531968426035503,
 "mode3_best_acc": 0.5212307692307693
}