{
 "generalization_gap": 0.034769230769230774,
 "confidence_gap": 0.02975045114954883,
 "top3_last_f1": 0.031641791044776116,
 "top3_last_roc_auc": 0.49808066272189355,
 "top3_last_acc": 0.5009230769230769,
 "mode0_last_f1": 0.01991550995775498,
 "mode0_last_roc_auc": 0.49173315976331355,
 "mode0_last_acc": 0.5003076923076923,
 "mode3_last_f1": 0.0012285012285012285,
 "mode3_last_roc_auc": 0.531913325443787,
 "mode3_last_acc": 0.4996923076923077
}