{
 "generalization_gap": 0.0005090909090909104,
 "confidence_gap": 0.0004597184229342523,
 "top3_best_f1": 0.49637767547640443,
 "top3_best_roc_auc": 0.4995151563636364,
 "top3_best_acc": 0.5007454545454545,
 "mode0_best_f1": 0.0014527493281034356,
 "mode0_best_roc_auc": 0.5001090796694215,
 "mode0_best_acc": 0.500109090909091
}