{
 "generalization_gap": 0.012923076923076926,
 "confidence_gap": 0.013860296088600066,
 "top3_best_f1": 0.4893719034681157,
 "top3_best_roc_auc": 0.5054857278106509,
 "top3_best_acc": 0.5084615384615384,
 "mode0_best_f1": 0.12835660580021482,
 "mode0_best_roc_auc": 0.502282698224852,
 "mode0_best_acc": 0.5006153846153846
}