{
 "generalization_gap": 0.012923076923076926,
 "confidence_gap": 0.013860296088600066,
 "top3_last_f1": 0.0542907180385289,
 "top3_last_roc_auc": 0.5039282840236687,
 "top3_last_acc": 0.5015384615384615,
 "mode0_last_f1": 0.14391143911439117,
 "mode0_last_roc_auc": 0.502904852071006,
 "mode0_last_acc": 0.5003076923076923
}