{
 "generalization_gap": 0.26693333333333336,
 "confidence_gap": 0.2334798175419488,
 "top3_last_f1": 0.610820895522388,
 "top3_last_roc_auc": 0.5961218355555555,
 "top3_last_acc": 0.5828,
 "mode0_last_f1": 0.5340511043103131,
 "mode0_last_roc_auc": 0.6005226822222222,
 "mode0_last_acc": 0.5787666666666667,
 "mode3_last_f1": 0.04767687096568032,
 "mode3_last_roc_auc": 0.6608226044444443,
 "mode3_last_acc": 0.5033
}