{
 "generalization_gap": 0.00036363636363636286,
 "confidence_gap": 7.992027733314238e-05,
 "top3_best_f1": 0.2593334054755979,
 "top3_best_roc_auc": 0.5007652687603306,
 "top3_best_acc": 0.5022181818181818,
 "mode0_best_f1": 0.0004362050163576881,
 "mode0_best_roc_auc": 0.5003671173553719,
 "mode0_best_acc": 0.5000363636363636
}