{
 "generalization_gap": -0.0016000000000000007,
 "confidence_gap": -0.0003619841399295082,
 "top3_last_f1": 0.05954741231968279,
 "top3_last_roc_auc": 0.5001991841322314,
 "top3_last_acc": 0.49978181818181816,
 "mode0_last_f1": 0.032286427742411986,
 "mode0_last_roc_auc": 0.5003171001652893,
 "mode0_last_acc": 0.49972727272727274,
 "mode3_last_f1": 0.0,
 "mode3_last_roc_auc": 0.4997269540495867,
 "mode3_last_acc": 0.4999818181818182
}