{
 "generalization_gap": 0.13726666666666665,
 "confidence_gap": 0.10409652159890137,
 "top3_last_f1": 0.26190112519729136,
 "top3_last_roc_auc": 0.5339994888888889,
 "top3_last_acc": 0.5167666666666667,
 "mode0_last_f1": 0.3289112321370386,
 "mode0_last_roc_auc": 0.5316741466666667,
 "mode0_last_acc": 0.5194333333333333
}