{
 "generalization_gap": 0.13876923076923076,
 "confidence_gap": 0.13868172348723984,
 "top3_best_f1": 0.6176884679380519,
 "top3_best_roc_auc": 0.5503105325443787,
 "top3_best_acc": 0.5404615384615384,
 "mode0_best_f1": 0.4727401882436512,
 "mode0_best_roc_auc": 0.5459393136094675,
 "mode0_best_acc": 0.5432307692307692
}