{
 "generalization_gap": 0.13876923076923076,
 "confidence_gap": 0.13868172348723984,
 "top3_last_f1": 0.12015086206896554,
 "top3_last_roc_auc": 0.5492932071005917,
 "top3_last_acc": 0.49753846153846154,
 "mode0_last_f1": 0.5145161290322581,
 "mode0_last_roc_auc": 0.5487634082840237,
 "mode0_last_acc": 0.536923076923077
}