{
 "generalization_gap": 0.0040727272727272765,
 "confidence_gap": 0.00173330414148367,
 "top3_best_f1": 0.6423429873088188,
 "top3_best_roc_auc": 0.4990374690909091,
 "top3_best_acc": 0.5004181818181819,
 "mode0_best_f1": 0.006359989881834279,
 "mode0_best_roc_auc": 0.49951900231404955,
 "mode0_best_acc": 0.5000545454545454
}