{
 "generalization_gap": 0.6297090909090909,
 "confidence_gap": 0.7167005115261212,
 "top3_best_f1": 0.9142837515242069,
 "top3_best_roc_auc": 0.95344424,
 "top3_best_acc": 0.9092545454545454,
 "mode0_best_f1": 0.9124521512109934,
 "mode0_best_roc_auc": 0.9448918042975207,
 "mode0_best_acc": 0.9097636363636363,
 "mode3_best_f1": 0.9229492566827924,
 "mode3_best_roc_auc": 0.9637545375206612,
 "mode3_best_acc": 0.9206545454545455
}