{
 "generalization_gap": 0.6297090909090909,
 "confidence_gap": 0.7167005115261212,
 "top3_last_f1": 0.9078434010493743,
 "top3_last_roc_auc": 0.9050196112396693,
 "top3_last_acc": 0.9003636363636364,
 "mode0_last_f1": 0.8479663350712441,
 "mode0_last_roc_auc": 0.8410845461157026,
 "mode0_last_acc": 0.8213272727272727,
 "mode3_last_f1": 0.9183556130516027,
 "mode3_last_roc_auc": 0.9655292535537191,
 "mode3_last_acc": 0.9173818181818182
}