{
 "generalization_gap": 0.16430769230769227,
 "confidence_gap": 0.18075916402858605,
 "top3_best_f1": 0.674936641323196,
 "top3_best_roc_auc": 0.6475596686390532,
 "top3_best_acc": 0.6250769230769231,
 "mode0_best_f1": 0.4640672782874618,
 "mode0_best_roc_auc": 0.6195081656804734,
 "mode0_best_acc": 0.5686153846153846,
 "mode3_best_f1": 0.16780283167278448,
 "mode3_best_roc_auc": 0.6677882603550295,
 "mode3_best_acc": 0.5116923076923077
}