{
 "generalization_gap": 0.16430769230769227,
 "confidence_gap": 0.18075916402858605,
 "top3_last_f1": 0.674936641323196,
 "top3_last_roc_auc": 0.6475596686390532,
 "top3_last_acc": 0.6250769230769231,
 "mode0_last_f1": 0.3614457831325302,
 "mode0_last_roc_auc": 0.610306650887574,
 "mode0_last_acc": 0.5433846153846154,
 "mode3_last_f1": 0.16780283167278448,
 "mode3_last_roc_auc": 0.6677882603550295,
 "mode3_last_acc": 0.5116923076923077
}