{
 "generalization_gap": 0.07846153846153847,
 "confidence_gap": 0.07928609691502331,
 "top3_best_f1": 0.6198447355652595,
 "top3_best_roc_auc": 0.5295521420118343,
 "top3_best_acc": 0.5178461538461538,
 "mode0_best_f1": 0.3809146703623045,
 "mode0_best_roc_auc": 0.5196827455621302,
 "mode0_best_acc": 0.5189230769230769
}