{
 "generalization_gap": 0.07846153846153847,
 "confidence_gap": 0.07928609691502331,
 "top3_last_f1": 0.1064991807755325,
 "top3_last_roc_auc": 0.5215716449704142,
 "top3_last_acc": 0.4966153846153846,
 "mode0_last_f1": 0.4117756661076952,
 "mode0_last_roc_auc": 0.5183762366863905,
 "mode0_last_acc": 0.5143076923076924
}