{
 "generalization_gap": 0.1892307692307693,
 "confidence_gap": 0.17697944755891615,
 "top3_best_f1": 0.6032959789057349,
 "top3_best_roc_auc": 0.5444975147928994,
 "top3_best_acc": 0.5370769230769231,
 "mode0_best_f1": 0.5893004115226337,
 "mode0_best_roc_auc": 0.5501379881656805,
 "mode0_best_acc": 0.5393846153846154,
 "mode3_best_f1": 0.6483673734877065,
 "mode3_best_roc_auc": 0.6063442366863906,
 "mode3_best_acc": 0.5841538461538461
}