{
 "generalization_gap": 0.1892307692307693,
 "confidence_gap": 0.17697944755891615,
 "top3_last_f1": 0.16319176319176318,
 "top3_last_roc_auc": 0.5437840946745562,
 "top3_last_acc": 0.49984615384615383,
 "mode0_last_f1": 0.3696369636963696,
 "mode0_last_roc_auc": 0.5389286627218934,
 "mode0_last_acc": 0.5298461538461539,
 "mode3_last_f1": 0.4597113100676046,
 "mode3_last_roc_auc": 0.6106266982248522,
 "mode3_last_acc": 0.5450769230769231
}