{
 "generalization_gap": 0.24123076923076925,
 "confidence_gap": 0.24392606023559182,
 "top3_best_f1": 0.7070144927536232,
 "top3_best_roc_auc": 0.669745372781065,
 "top3_best_acc": 0.6112307692307692,
 "mode0_best_f1": 0.6943995691976307,
 "mode0_best_roc_auc": 0.6770691597633136,
 "mode0_best_acc": 0.6507692307692308
}