{
 "generalization_gap": 0.24123076923076925,
 "confidence_gap": 0.24392606023559182,
 "top3_last_f1": 0.14056654195617319,
 "top3_last_roc_auc": 0.6667433846153845,
 "top3_last_acc": 0.5052307692307693,
 "mode0_last_f1": 0.6932432432432433,
 "mode0_last_roc_auc": 0.6768009940828402,
 "mode0_last_acc": 0.6507692307692308
}