{
 "generalization_gap": 0.006133333333333324,
 "confidence_gap": 0.0025361323155186216,
 "top3_best_f1": 0.035053805013209614,
 "top3_best_roc_auc": 0.4991024888888889,
 "top3_best_acc": 0.5008333333333334,
 "mode0_best_f1": 0.10776507214272883,
 "mode0_best_roc_auc": 0.5022959244444445,
 "mode0_best_acc": 0.5032333333333333
}