{
 "generalization_gap": 0.006133333333333324,
 "confidence_gap": 0.0025361323155186216,
 "top3_last_f1": 0.00013332444503699753,
 "top3_last_roc_auc": 0.5031706066666667,
 "top3_last_acc": 0.5000333333333333,
 "mode0_last_f1": 0.0026608128783343313,
 "mode0_last_roc_auc": 0.5025227444444444,
 "mode0_last_acc": 0.5002333333333333
}