{
 "generalization_gap": 0.04786666666666667,
 "confidence_gap": 0.031126083755923628,
 "top3_last_f1": 0.3156235512285582,
 "top3_last_roc_auc": 0.5060955288888889,
 "top3_last_acc": 0.5079333333333333,
 "mode0_last_f1": 0.19919974045636424,
 "mode0_last_roc_auc": 0.508191128888889,
 "mode0_last_acc": 0.5063333333333333,
 "mode3_last_f1": 0.0051727568141123415,
 "mode3_last_roc_auc": 0.5336385400000001,
 "mode3_last_acc": 0.49996666666666667
}