{
 "generalization_gap": 0.09419999999999995,
 "confidence_gap": 0.14488345737659836,
 "top3_last_f1": 0.6141309748583922,
 "top3_last_roc_auc": 0.6550199488888889,
 "top3_last_acc": 0.6117,
 "mode0_last_f1": 0.1347181008902077,
 "mode0_last_roc_auc": 0.6232591044444444,
 "mode0_last_acc": 0.514,
 "mode3_last_f1": 0.008738828202581927,
 "mode3_last_roc_auc": 0.6507692244444445,
 "mode3_last_acc": 0.5009
}