{
 "generalization_gap": -0.0005454545454545452,
 "confidence_gap": 7.648070667627595e-05,
 "top3_best_f1": 0.0,
 "top3_best_roc_auc": 0.5010759107438016,
 "top3_best_acc": 0.5,
 "mode0_best_f1": 0.6664968523707289,
 "mode0_best_roc_auc": 0.5012997976859505,
 "mode0_best_acc": 0.5000909090909091,
 "mode3_best_f1": 0.0,
 "mode3_best_roc_auc": 0.5032701771900827,
 "mode3_best_acc": 0.5
}