{
 "generalization_gap": 0.0009090909090909089,
 "confidence_gap": -3.8470264673185796e-05,
 "top3_best_f1": 0.006644758224693945,
 "top3_best_roc_auc": 0.4978769117355372,
 "top3_best_acc": 0.49987272727272725,
 "mode0_best_f1": 0.013284503805830822,
 "mode0_best_roc_auc": 0.49822424991735537,
 "mode0_best_acc": 0.5003272727272727,
 "mode3_best_f1": 0.005357078220581316,
 "mode3_best_roc_auc": 0.4983403927272727,
 "mode3_best_acc": 0.5003818181818181
}