{
 "generalization_gap": 0.0009090909090909089,
 "confidence_gap": -3.8470264673185796e-05,
 "top3_last_f1": 0.006644758224693945,
 "top3_last_roc_auc": 0.4978769117355372,
 "top3_last_acc": 0.49987272727272725,
 "mode0_last_f1": 0.011152683839401352,
 "mode0_last_roc_auc": 0.4979090849586777,
 "mode0_last_acc": 0.5002545454545455,
 "mode3_last_f1": 0.005357078220581316,
 "mode3_last_roc_auc": 0.4983403927272727,
 "mode3_last_acc": 0.5003818181818181
}