{
 "generalization_gap": 0.026066666666666682,
 "confidence_gap": 0.0056582342884854975,
 "top3_last_f1": 0.08624480820913755,
 "top3_last_roc_auc": 0.5030026911111112,
 "top3_last_acc": 0.5013333333333333,
 "mode0_last_f1": 0.009119746233148294,
 "mode0_last_roc_auc": 0.5018930977777778,
 "mode0_last_acc": 0.5002,
 "mode3_last_f1": 0.0,
 "mode3_last_roc_auc": 0.5175757000000001,
 "mode3_last_acc": 0.49996666666666667
}