{
 "generalization_gap": 0.03520000000000001,
 "confidence_gap": 0.014774599763515472,
 "top3_best_f1": 0.2640071273015244,
 "top3_best_roc_auc": 0.5065816022222223,
 "top3_best_acc": 0.5043333333333333,
 "mode0_best_f1": 0.21845653428466502,
 "mode0_best_roc_auc": 0.50461164,
 "mode0_best_acc": 0.5034333333333333,
 "mode3_best_f1": 0.10153994225216553,
 "mode3_best_roc_auc": 0.5210739133333333,
 "mode3_best_acc": 0.5021333333333333
}