{
 "generalization_gap": 0.03520000000000001,
 "confidence_gap": 0.014774599763515472,
 "top3_last_f1": 0.23062225664859282,
 "top3_last_roc_auc": 0.5055290066666667,
 "top3_last_acc": 0.5033666666666666,
 "mode0_last_f1": 0.035544108177720544,
 "mode0_last_roc_auc": 0.5006160777777777,
 "mode0_last_acc": 0.5007333333333334,
 "mode3_last_f1": 0.0026581605528973947,
 "mode3_last_roc_auc": 0.5220730355555555,
 "mode3_last_acc": 0.4997333333333333
}