{
 "generalization_gap": 0.003563636363636366,
 "confidence_gap": 0.0016592586532362362,
 "top3_best_f1": 0.49307788080946985,
 "top3_best_roc_auc": 0.5033099325619834,
 "top3_best_acc": 0.5040181818181818,
 "mode0_best_f1": 0.0054994753789934505,
 "mode0_best_roc_auc": 0.5002544852892562,
 "mode0_best_acc": 0.5002363636363636
}