{
 "generalization_gap": 0.0031272727272727285,
 "confidence_gap": 0.0023327827129102953,
 "top3_best_f1": 0.6473026915326463,
 "top3_best_roc_auc": 0.49726962314049583,
 "top3_best_acc": 0.5003818181818181,
 "mode0_best_f1": 0.002611818478615736,
 "mode0_best_roc_auc": 0.5005599001652893,
 "mode0_best_acc": 0.5000909090909091
}