{
 "generalization_gap": 0.013846153846153841,
 "confidence_gap": 0.014522866655436673,
 "top3_best_f1": 0.3667326732673268,
 "top3_best_roc_auc": 0.5065122366863906,
 "top3_best_acc": 0.508,
 "mode0_best_f1": 0.2571362265026688,
 "mode0_best_roc_auc": 0.5030595502958579,
 "mode0_best_acc": 0.5075384615384615,
 "mode3_best_f1": 0.19346796310147094,
 "mode3_best_roc_auc": 0.5106921183431953,
 "mode3_best_acc": 0.5023076923076923
}