{
 "generalization_gap": 0.013846153846153841,
 "confidence_gap": 0.014522866655436673,
 "top3_last_f1": 0.48284625158831007,
 "top3_last_roc_auc": 0.5042041183431953,
 "top3_last_acc": 0.4990769230769231,
 "mode0_last_f1": 0.2571362265026688,
 "mode0_last_roc_auc": 0.5030595502958579,
 "mode0_last_acc": 0.5075384615384615,
 "mode3_last_f1": 0.19346796310147094,
 "mode3_last_roc_auc": 0.5106921183431953,
 "mode3_last_acc": 0.5023076923076923
}