{
 "generalization_gap": 0.275076923076923,
 "confidence_gap": 0.26819361067475134,
 "top3_best_f1": 0.6774428779776374,
 "top3_best_roc_auc": 0.6184418934911242,
 "top3_best_acc": 0.5916923076923077,
 "mode0_best_f1": 0.6475328714831047,
 "mode0_best_roc_auc": 0.6321370414201183,
 "mode0_best_acc": 0.6164615384615385,
 "mode3_best_f1": 0.6848826033228066,
 "mode3_best_roc_auc": 0.681944426035503,
 "mode3_best_acc": 0.6469230769230769
}