{
 "generalization_gap": 0.275076923076923,
 "confidence_gap": 0.26819361067475134,
 "top3_last_f1": 0.16318099664342886,
 "top3_last_roc_auc": 0.6153786982248521,
 "top3_last_acc": 0.5013846153846154,
 "mode0_last_f1": 0.5144179423282307,
 "mode0_last_roc_auc": 0.6215443786982248,
 "mode0_last_acc": 0.5803076923076923,
 "mode3_last_f1": 0.5936338665374051,
 "mode3_last_roc_auc": 0.680471526627219,
 "mode3_last_acc": 0.6130769230769231
}