{
 "generalization_gap": 0.007636363636363636,
 "confidence_gap": 0.0032497057665503565,
 "top3_best_f1": 0.07396600278220745,
 "top3_best_roc_auc": 0.5199764819834711,
 "top3_best_acc": 0.5037636363636364,
 "mode0_best_f1": 0.2685848695366774,
 "mode0_best_roc_auc": 0.5276576436363636,
 "mode0_best_acc": 0.5137818181818182,
 "mode3_best_f1": 0.09663893510815308,
 "mode3_best_roc_auc": 0.5069858347107438,
 "mode3_best_acc": 0.5064363636363637
}