{
 "generalization_gap": 0.19633333333333325,
 "confidence_gap": 0.13485822669873604,
 "top3_best_f1": 0.5371604305484367,
 "top3_best_roc_auc": 0.56794772,
 "top3_best_acc": 0.5485,
 "mode0_best_f1": 0.529539257498427,
 "mode0_best_roc_auc": 0.5678813444444444,
 "mode0_best_acc": 0.5514,
 "mode3_best_f1": 0.6477118717379394,
 "mode3_best_roc_auc": 0.6109702266666668,
 "mode3_best_acc": 0.5927666666666667
}