{
 "generalization_gap": 0.004533333333333334,
 "confidence_gap": 0.0029599407064782035,
 "top3_best_f1": 0.0795182203650218,
 "top3_best_roc_auc": 0.49595317777777775,
 "top3_best_acc": 0.5007,
 "mode0_best_f1": 0.055279229364729586,
 "mode0_best_roc_auc": 0.4987689777777778,
 "mode0_best_acc": 0.49983333333333335
}