{
 "generalization_gap": 0.00040000000000001146,
 "confidence_gap": -0.0005922218288309522,
 "top3_best_f1": 0.05869414943756677,
 "top3_best_roc_auc": 0.5081500888888888,
 "top3_best_acc": 0.5007,
 "mode0_best_f1": 0.07730182176267848,
 "mode0_best_roc_auc": 0.5009851911111111,
 "mode0_best_acc": 0.5002666666666666,
 "mode3_best_f1": 0.000666266906522753,
 "mode3_best_roc_auc": 0.4980368511111111,
 "mode3_best_acc": 0.5000333333333333
}