{
 "generalization_gap": 0.00040000000000001146,
 "confidence_gap": -0.0005922218288309522,
 "top3_last_f1": 0.05313979173240771,
 "top3_last_roc_auc": 0.50479436,
 "top3_last_acc": 0.4999,
 "mode0_last_f1": 0.003586371787208607,
 "mode0_last_roc_auc": 0.5013686888888889,
 "mode0_last_acc": 0.4999,
 "mode3_last_f1": 0.0,
 "mode3_last_roc_auc": 0.49885843333333335,
 "mode3_last_acc": 0.49996666666666667
}