{
 "generalization_gap": -0.0005454545454545452,
 "confidence_gap": 4.2162784994235515e-05,
 "top3_best_f1": 0.0,
 "top3_best_roc_auc": 0.5012643358677686,
 "top3_best_acc": 0.5,
 "mode0_best_f1": 0.6663268773360517,
 "mode0_best_roc_auc": 0.4974838604958678,
 "mode0_best_acc": 0.5000727272727272,
 "mode3_best_f1": 0.0,
 "mode3_best_roc_auc": 0.5028226895867769,
 "mode3_best_acc": 0.5
}