{
 "generalization_gap": -0.0005454545454545452,
 "confidence_gap": 4.2162784994235515e-05,
 "top3_last_f1": 0.0,
 "top3_last_roc_auc": 0.5,
 "top3_last_acc": 0.5,
 "mode0_last_f1": 0.6666666666666666,
 "mode0_last_roc_auc": 0.5,
 "mode0_last_acc": 0.5,
 "mode3_last_f1": 0.0,
 "mode3_last_roc_auc": 0.5,
 "mode3_last_acc": 0.5
}