{
 "generalization_gap": 0.02093333333333336,
 "confidence_gap": 0.009458776159922133,
 "top3_best_f1": 0.06466137202176224,
 "top3_best_roc_auc": 0.5042947888888889,
 "top3_best_acc": 0.5014333333333333,
 "mode0_best_f1": 0.03810623556581986,
 "mode0_best_roc_auc": 0.5005265400000001,
 "mode0_best_acc": 0.5002,
 "mode3_best_f1": 0.0011986415395884662,
 "mode3_best_roc_auc": 0.5140003755555556,
 "mode3_best_acc": 0.5000333333333333
}