{
 "generalization_gap": 0.1741538461538461,
 "confidence_gap": 0.11533500048002376,
 "top3_last_f1": 0.33259911894273125,
 "top3_last_roc_auc": 0.5896402840236685,
 "top3_last_acc": 0.5338461538461539,
 "mode0_last_f1": 0.11794019933554817,
 "mode0_last_roc_auc": 0.5238065798816569,
 "mode0_last_acc": 0.5098461538461538,
 "mode3_last_f1": 0.001226241569589209,
 "mode3_last_roc_auc": 0.6412729940828402,
 "mode3_last_acc": 0.49876923076923074
}