{
 "generalization_gap": 0.024923076923076937,
 "confidence_gap": 0.005426507840721073,
 "top3_best_f1": 0.0049079754601227,
 "top3_best_roc_auc": 0.4884453017751479,
 "top3_best_acc": 0.5009230769230769,
 "mode0_best_f1": 0.00368437212158428,
 "mode0_best_roc_auc": 0.48295962130177517,
 "mode0_best_acc": 0.5007692307692307
}