{
 "generalization_gap": 0.020072727272727284,
 "confidence_gap": 0.012925570755641866,
 "top3_best_f1": 0.26565700118572816,
 "top3_best_roc_auc": 0.5036926750413223,
 "top3_best_acc": 0.5045454545454545,
 "mode0_best_f1": 0.4475073911713732,
 "mode0_best_roc_auc": 0.5098179510743801,
 "mode0_best_acc": 0.5073272727272727,
 "mode3_best_f1": 0.28917340761772115,
 "mode3_best_roc_auc": 0.5422880357024794,
 "mode3_best_acc": 0.5174909090909091
}