{
 "generalization_gap": 0.020072727272727284,
 "confidence_gap": 0.012925570755641866,
 "top3_last_f1": 0.2642242425877465,
 "top3_last_roc_auc": 0.5034757494214875,
 "top3_last_acc": 0.5041272727272728,
 "mode0_last_f1": 0.5720971136028141,
 "mode0_last_roc_auc": 0.5089464185123967,
 "mode0_last_acc": 0.5045818181818181,
 "mode3_last_f1": 0.2839818906974237,
 "mode3_last_roc_auc": 0.5411255570247935,
 "mode3_last_acc": 0.5169090909090909
}