{
 "generalization_gap": 0.08253333333333335,
 "confidence_gap": 0.0919579991921472,
 "top3_best_f1": 0.6946718224275599,
 "top3_best_roc_auc": 0.6141079955555555,
 "top3_best_acc": 0.5946666666666667,
 "mode0_best_f1": 0.6761667069210746,
 "mode0_best_roc_auc": 0.6061012244444445,
 "mode0_best_acc": 0.5977666666666667,
 "mode3_best_f1": 0.6387979767926213,
 "mode3_best_roc_auc": 0.6193547266666667,
 "mode3_best_acc": 0.5953333333333334
}