{
 "generalization_gap": 0.007599999999999996,
 "confidence_gap": 0.005981749842540643,
 "top3_best_f1": 0.2668447055681667,
 "top3_best_roc_auc": 0.5015318016528926,
 "top3_best_acc": 0.5008545454545454,
 "mode0_best_f1": 0.534861151311869,
 "mode0_best_roc_auc": 0.5050928680991735,
 "mode0_best_acc": 0.5032909090909091,
 "mode3_best_f1": 0.21700197697406676,
 "mode3_best_roc_auc": 0.5268492892561983,
 "mode3_best_acc": 0.5103272727272727
}