{
 "generalization_gap": 0.007599999999999996,
 "confidence_gap": 0.005981749842540643,
 "top3_last_f1": 0.19988358556461003,
 "top3_last_roc_auc": 0.5018967173553719,
 "top3_last_acc": 0.5001454545454546,
 "mode0_last_f1": 0.5398565299007777,
 "mode0_last_roc_auc": 0.5034033685950413,
 "mode0_last_acc": 0.5008363636363636,
 "mode3_last_f1": 0.21700197697406676,
 "mode3_last_roc_auc": 0.5268492892561983,
 "mode3_last_acc": 0.5103272727272727
}