{
 "generalization_gap": 0.32133333333333336,
 "confidence_gap": 0.41659457714703235,
 "top3_last_f1": 0.7627252221648504,
 "top3_last_roc_auc": 0.7274915111111111,
 "top3_last_acc": 0.7089666666666666,
 "mode0_last_f1": 0.6487900078064014,
 "mode0_last_roc_auc": 0.7976752599999999,
 "mode0_last_acc": 0.7000666666666666,
 "mode3_last_f1": 0.10808457711442787,
 "mode3_last_roc_auc": 0.8343212799999999,
 "mode3_last_acc": 0.5219333333333334
}