{
 "generalization_gap": 0.08992727272727273,
 "confidence_gap": 0.06503232680088747,
 "top3_best_f1": 0.3321556553777823,
 "top3_best_roc_auc": 0.5295242862809917,
 "top3_best_acc": 0.5188363636363637,
 "mode0_best_f1": 0.634856340462303,
 "mode0_best_roc_auc": 0.5343359259504132,
 "mode0_best_acc": 0.5082909090909091,
 "mode3_best_f1": 0.11763920416611028,
 "mode3_best_roc_auc": 0.6542207510743802,
 "mode3_best_acc": 0.5194181818181818
}