{
 "generalization_gap": 0.009066666666666667,
 "confidence_gap": 0.0007562309783477605,
 "top3_best_f1": 0.0684132108269183,
 "top3_best_roc_auc": 0.49703497333333335,
 "top3_best_acc": 0.4998,
 "mode0_best_f1": 0.065625,
 "mode0_best_roc_auc": 0.4982781022222222,
 "mode0_best_acc": 0.5016666666666667,
 "mode3_best_f1": 0.033935483870967745,
 "mode3_best_roc_auc": 0.5020300222222221,
 "mode3_best_acc": 0.5008666666666667
}