{
 "generalization_gap": 0.009066666666666667,
 "confidence_gap": 0.0007562309783477605,
 "top3_last_f1": 0.27487694238007915,
 "top3_last_roc_auc": 0.49548541999999995,
 "top3_last_acc": 0.4991333333333333,
 "mode0_last_f1": 0.03189772066894815,
 "mode0_last_roc_auc": 0.4970029999999999,
 "mode0_last_acc": 0.5002333333333333,
 "mode3_last_f1": 0.018835840418574227,
 "mode3_last_roc_auc": 0.5016648711111111,
 "mode3_last_acc": 0.49993333333333334
}