{
 "generalization_gap": -0.0004363636363636375,
 "confidence_gap": 0.00043525623746212307,
 "top3_best_f1": 0.5990222196200122,
 "top3_best_roc_auc": 0.49937973487603304,
 "top3_best_acc": 0.5019272727272728,
 "mode0_best_f1": 0.0019607131186231436,
 "mode0_best_roc_auc": 0.49797963305785126,
 "mode0_best_acc": 0.5002363636363636
}