{
 "generalization_gap": 0.00014545454545454584,
 "confidence_gap": -5.247807744044285e-06,
 "top3_best_f1": 0.0,
 "top3_best_roc_auc": 0.49822757157024794,
 "top3_best_acc": 0.5,
 "mode0_best_f1": 0.0,
 "mode0_best_roc_auc": 0.49887074975206613,
 "mode0_best_acc": 0.5,
 "mode3_best_f1": 0.0,
 "mode3_best_roc_auc": 0.4996228403305785,
 "mode3_best_acc": 0.5
}