{
 "generalization_gap": 0.00014545454545454584,
 "confidence_gap": -5.247807744044285e-06,
 "top3_last_f1": 0.0,
 "top3_last_roc_auc": 0.5015131193388429,
 "top3_last_acc": 0.5,
 "mode0_last_f1": 0.0,
 "mode0_last_roc_auc": 0.4986788985123967,
 "mode0_last_acc": 0.5,
 "mode3_last_f1": 0.0,
 "mode3_last_roc_auc": 0.4995033401652893,
 "mode3_last_acc": 0.5
}