{
 "generalization_gap": 0.002333333333333354,
 "confidence_gap": -0.001377711462804937,
 "top3_best_f1": 0.11302123609541373,
 "top3_best_roc_auc": 0.5020362311111111,
 "top3_best_acc": 0.5029666666666667,
 "mode0_best_f1": 0.018468792979238983,
 "mode0_best_roc_auc": 0.5019022422222222,
 "mode0_best_acc": 0.5004333333333333,
 "mode3_best_f1": 0.0,
 "mode3_best_roc_auc": 0.49969747333333336,
 "mode3_best_acc": 0.5
}