{
 "generalization_gap": 0.03784615384615381,
 "confidence_gap": 0.02431666263837523,
 "top3_best_f1": 0.4911830714972748,
 "top3_best_roc_auc": 0.5123370414201183,
 "top3_best_acc": 0.5116923076923077,
 "mode0_best_f1": 0.046989720998531576,
 "mode0_best_roc_auc": 0.49927498224852074,
 "mode0_best_acc": 0.5007692307692307
}