{
 "generalization_gap": 0.03784615384615381,
 "confidence_gap": 0.02431666263837523,
 "top3_last_f1": 0.3206268530283778,
 "top3_last_roc_auc": 0.5106622958579882,
 "top3_last_acc": 0.5064615384615384,
 "mode0_last_f1": 0.00551301684532925,
 "mode0_last_roc_auc": 0.4957432426035503,
 "mode0_last_acc": 0.5004615384615385
}