{
 "generalization_gap": 0.17810909090909088,
 "confidence_gap": 0.11592126138503975,
 "top3_last_f1": 0.4800163632644713,
 "top3_last_roc_auc": 0.5383434499173554,
 "top3_last_acc": 0.5377818181818181,
 "mode0_last_f1": 0.4383610109899829,
 "mode0_last_roc_auc": 0.5435465276033058,
 "mode0_last_acc": 0.5382,
 "mode3_last_f1": 0.05413846954711088,
 "mode3_last_roc_auc": 0.5832788628099173,
 "mode3_last_acc": 0.5044545454545455
}