{
 "generalization_gap": 0.0008363636363636351,
 "confidence_gap": 0.00012011407069777245,
 "top3_best_f1": 0.0,
 "top3_best_roc_auc": 0.5125804674380166,
 "top3_best_acc": 0.5,
 "mode0_best_f1": 0.45735806268729245,
 "mode0_best_roc_auc": 0.519083278677686,
 "mode0_best_acc": 0.5127272727272727,
 "mode3_best_f1": 0.006721110067211101,
 "mode3_best_roc_auc": 0.49597959471074377,
 "mode3_best_acc": 0.5002181818181818
}