{
 "generalization_gap": 0.11386666666666667,
 "confidence_gap": 0.11008584287584744,
 "top3_best_f1": 0.577620602103736,
 "top3_best_roc_auc": 0.5431982044444444,
 "top3_best_acc": 0.5342,
 "mode0_best_f1": 0.5638364386644992,
 "mode0_best_roc_auc": 0.5401746777777778,
 "mode0_best_acc": 0.5349333333333334
}