{
 "generalization_gap": 0.11386666666666667,
 "confidence_gap": 0.11008584287584744,
 "top3_last_f1": 0.6150001358215849,
 "top3_last_roc_auc": 0.5432220333333333,
 "top3_last_acc": 0.5275666666666666,
 "mode0_last_f1": 0.560440251572327,
 "mode0_last_roc_auc": 0.5396866288888889,
 "mode0_last_acc": 0.5340666666666667
}