{
 "generalization_gap": 0.02369230769230768,
 "confidence_gap": 0.003636952487322015,
 "top3_best_f1": 0.2632899840292037,
 "top3_best_roc_auc": 0.4947915266272189,
 "top3_best_acc": 0.5032307692307693,
 "mode0_best_f1": 0.025849113315299065,
 "mode0_best_roc_auc": 0.4900046863905325,
 "mode0_best_acc": 0.5013846153846154,
 "mode3_best_f1": 0.4804287802501218,
 "mode3_best_roc_auc": 0.5071654911242603,
 "mode3_best_acc": 0.5078461538461538
}