{
 "generalization_gap": 0.02369230769230768,
 "confidence_gap": 0.003636952487322015,
 "top3_last_f1": 0.0,
 "top3_last_roc_auc": 0.49521557396449706,
 "top3_last_acc": 0.5,
 "mode0_last_f1": 0.010369014943580359,
 "mode0_last_roc_auc": 0.4908550532544379,
 "mode0_last_acc": 0.5007692307692307,
 "mode3_last_f1": 0.0,
 "mode3_last_roc_auc": 0.5131854201183432,
 "mode3_last_acc": 0.5
}