{
 "generalization_gap": 0.0014545454545454549,
 "confidence_gap": 0.00037884068043663767,
 "top3_best_f1": 0.32779504245479235,
 "top3_best_roc_auc": 0.499707145785124,
 "top3_best_acc": 0.5005272727272727,
 "mode0_best_f1": 0.00029084563367992437,
 "mode0_best_roc_auc": 0.496754186446281,
 "mode0_best_acc": 0.5000363636363636
}