{
 "generalization_gap": 0.0014545454545454549,
 "confidence_gap": 0.00037884068043663767,
 "top3_last_f1": 0.09028465755234133,
 "top3_last_roc_auc": 0.5001790102479339,
 "top3_last_acc": 0.49912727272727275,
 "mode0_last_f1": 0.6666666666666666,
 "mode0_last_roc_auc": 0.5000727279338844,
 "mode0_last_acc": 0.5
}