{
 "generalization_gap": 0.24430769230769223,
 "confidence_gap": 0.2480186202424811,
 "top3_best_f1": 0.7153123272526258,
 "top3_best_roc_auc": 0.7274342721893491,
 "top3_best_acc": 0.6038461538461538,
 "mode0_best_f1": 0.7458607095926414,
 "mode0_best_roc_auc": 0.7369707928994083,
 "mode0_best_acc": 0.7024615384615385
}