{
 "generalization_gap": 0.012472727272727274,
 "confidence_gap": 0.0053145404544798006,
 "top3_best_f1": 0.0021773052219036903,
 "top3_best_roc_auc": 0.4997822604958677,
 "top3_best_acc": 0.5000545454545454,
 "mode0_best_f1": 0.662902037809968,
 "mode0_best_roc_auc": 0.5044143140495868,
 "mode0_best_acc": 0.5007272727272727,
 "mode3_best_f1": 0.03867442023400827,
 "mode3_best_roc_auc": 0.5348232661157025,
 "mode3_best_acc": 0.5010545454545454
}