{
 "generalization_gap": 0.012472727272727274,
 "confidence_gap": 0.0053145404544798006,
 "top3_last_f1": 0.0021773052219036903,
 "top3_last_roc_auc": 0.4997822604958677,
 "top3_last_acc": 0.5000545454545454,
 "mode0_last_f1": 0.6666666666666666,
 "mode0_last_roc_auc": 0.5,
 "mode0_last_acc": 0.5,
 "mode3_last_f1": 0.0006542837410490348,
 "mode3_last_roc_auc": 0.5016146611570248,
 "mode3_last_acc": 0.5001272727272728
}