{
 "generalization_gap": 0.0005090909090909087,
 "confidence_gap": 9.547412866903974e-05,
 "top3_best_f1": 0.0,
 "top3_best_roc_auc": 0.502805067768595,
 "top3_best_acc": 0.5,
 "mode0_best_f1": 0.6666666666666666,
 "mode0_best_roc_auc": 0.49675984330578515,
 "mode0_best_acc": 0.5,
 "mode3_best_f1": 0.0010172939979654122,
 "mode3_best_roc_auc": 0.503231253553719,
 "mode3_best_acc": 0.5000727272727272
}