{
 "generalization_gap": 0.0005090909090909087,
 "confidence_gap": 9.547412866903974e-05,
 "top3_last_f1": 0.0,
 "top3_last_roc_auc": 0.5,
 "top3_last_acc": 0.5,
 "mode0_last_f1": 0.6666666666666666,
 "mode0_last_roc_auc": 0.5,
 "mode0_last_acc": 0.5,
 "mode3_last_f1": 0.0,
 "mode3_last_roc_auc": 0.49999999735537193,
 "mode3_last_acc": 0.5
}