{
 "generalization_gap": 0.03433333333333333,
 "confidence_gap": 0.029890751584229713,
 "top3_best_f1": 0.38631374011018604,
 "top3_best_roc_auc": 0.502249,
 "top3_best_acc": 0.5061666666666667,
 "mode0_best_f1": 0.17002336708579058,
 "mode0_best_roc_auc": 0.4972464288888889,
 "mode0_best_acc": 0.5027333333333334,
 "mode3_best_f1": 0.033580884727155313,
 "mode3_best_roc_auc": 0.51876816,
 "mode3_best_acc": 0.5011666666666666
}