{
 "generalization_gap": 0.29946666666666666,
 "confidence_gap": 0.366827296280955,
 "top3_best_f1": 0.8739765144672048,
 "top3_best_roc_auc": 0.9130415733333334,
 "top3_best_acc": 0.8558333333333333,
 "mode0_best_f1": 0.8938423126673286,
 "mode0_best_roc_auc": 0.9160224711111111,
 "mode0_best_acc": 0.8823666666666666,
 "mode3_best_f1": 0.9061122762226073,
 "mode3_best_roc_auc": 0.9218468777777777,
 "mode3_best_acc": 0.8970333333333333
}