{
 "generalization_gap": -0.0003636363636363646,
 "confidence_gap": 0.00010650638529286112,
 "top3_best_f1": 0.0,
 "top3_best_roc_auc": 0.49998906314049585,
 "top3_best_acc": 0.5,
 "mode0_best_f1": 0.6666666666666666,
 "mode0_best_roc_auc": 0.5021260674380165,
 "mode0_best_acc": 0.5,
 "mode3_best_f1": 0.0,
 "mode3_best_roc_auc": 0.5021204899173555,
 "mode3_best_acc": 0.5
}