{
 "generalization_gap": 0.004472727272727274,
 "confidence_gap": 0.002722669180651543,
 "top3_best_f1": 0.48079658605974396,
 "top3_best_roc_auc": 0.499999893553719,
 "top3_best_acc": 0.5022727272727273,
 "mode0_best_f1": 0.00585831555346617,
 "mode0_best_roc_auc": 0.5001636363636364,
 "mode0_best_acc": 0.5001636363636364
}