{
 "generalization_gap": 0.06699999999999995,
 "confidence_gap": 0.05385257305858271,
 "top3_last_f1": 0.3545259093501821,
 "top3_last_roc_auc": 0.5141111533333333,
 "top3_last_acc": 0.5096333333333334,
 "mode0_last_f1": 0.17394691447331814,
 "mode0_last_roc_auc": 0.5088701822222221,
 "mode0_last_acc": 0.5051666666666667
}