{
 "generalization_gap": 0.0873846153846154,
 "confidence_gap": 0.08187127142480988,
 "top3_last_f1": 0.5434782608695652,
 "top3_last_roc_auc": 0.5267180118343195,
 "top3_last_acc": 0.5153846153846153,
 "mode0_last_f1": 0.08617290903970712,
 "mode0_last_roc_auc": 0.5159725443786982,
 "mode0_last_acc": 0.5007692307692307,
 "mode3_last_f1": 0.200959353698561,
 "mode3_last_roc_auc": 0.5561788402366864,
 "mode3_last_acc": 0.5130769230769231
}