{
 "generalization_gap": 0.00025454545454545435,
 "confidence_gap": -4.137038236386257e-05,
 "top3_best_f1": 0.01779143296059448,
 "top3_best_roc_auc": 0.49556355239669414,
 "top3_best_acc": 0.5001272727272728,
 "mode0_best_f1": 0.0003635306092773012,
 "mode0_best_roc_auc": 0.4980617414876033,
 "mode0_best_acc": 0.5000363636363636,
 "mode3_best_f1": 0.0006541886243866982,
 "mode3_best_roc_auc": 0.4989391557024793,
 "mode3_best_acc": 0.5000545454545454
}