{
 "generalization_gap": 0.00025454545454545435,
 "confidence_gap": -4.137038236386257e-05,
 "top3_last_f1": 0.010789426362165079,
 "top3_last_roc_auc": 0.49859778314049585,
 "top3_last_acc": 0.4999090909090909,
 "mode0_last_f1": 0.01092896174863388,
 "mode0_last_roc_auc": 0.4977486829752066,
 "mode0_last_acc": 0.49978181818181816,
 "mode3_last_f1": 0.003260987716946266,
 "mode3_last_roc_auc": 0.499002932892562,
 "mode3_last_acc": 0.49983636363636363
}