{
 "generalization_gap": 0.20092307692307698,
 "confidence_gap": 0.20083917175847543,
 "top3_best_f1": 0.6591264589098784,
 "top3_best_roc_auc": 0.596543526627219,
 "top3_best_acc": 0.5641538461538461,
 "mode0_best_f1": 0.5701615457713018,
 "mode0_best_roc_auc": 0.5974515029585798,
 "mode0_best_acc": 0.5824615384615385
}