{
 "generalization_gap": 0.20092307692307698,
 "confidence_gap": 0.20083917175847543,
 "top3_last_f1": 0.13543897216274087,
 "top3_last_roc_auc": 0.5948252307692308,
 "top3_last_acc": 0.5030769230769231,
 "mode0_last_f1": 0.5994710549515133,
 "mode0_last_roc_auc": 0.5996767810650888,
 "mode0_last_acc": 0.5806153846153846
}