{
 "generalization_gap": 0.0005090909090909087,
 "confidence_gap": -0.0001469389283054708,
 "top3_best_f1": 0.015315798890678118,
 "top3_best_roc_auc": 0.5004810598347108,
 "top3_best_acc": 0.4996909090909091,
 "mode0_best_f1": 0.4606955599630815,
 "mode0_best_roc_auc": 0.5027732641322314,
 "mode0_best_acc": 0.5006727272727273,
 "mode3_best_f1": 0.0009441841885463194,
 "mode3_best_roc_auc": 0.4980214558677686,
 "mode3_best_acc": 0.4998
}