{
 "generalization_gap": 0.0005090909090909087,
 "confidence_gap": -0.0001469389283054708,
 "top3_last_f1": 0.009715375481270914,
 "top3_last_roc_auc": 0.49850202578512404,
 "top3_last_acc": 0.4996181818181818,
 "mode0_last_f1": 0.02948853615520282,
 "mode0_last_roc_auc": 0.503038534214876,
 "mode0_last_acc": 0.49974545454545455,
 "mode3_last_f1": 0.00800346095608912,
 "mode3_last_roc_auc": 0.4978008826446281,
 "mode3_last_acc": 0.49970909090909094
}