{
 "generalization_gap": 0.24632727272727278,
 "confidence_gap": 0.17502355784029472,
 "top3_best_f1": 0.5358230393565068,
 "top3_best_roc_auc": 0.5618507107438018,
 "top3_best_acc": 0.5593272727272727,
 "mode0_best_f1": 0.5024479177335764,
 "mode0_best_roc_auc": 0.5704488753719008,
 "mode0_best_acc": 0.5583818181818182,
 "mode3_best_f1": 0.31995839719728486,
 "mode3_best_roc_auc": 0.6703153685950414,
 "mode3_best_acc": 0.5482545454545454
}