{
 "generalization_gap": 0.24632727272727278,
 "confidence_gap": 0.17502355784029472,
 "top3_last_f1": 0.5423376819529142,
 "top3_last_roc_auc": 0.5611195120661158,
 "top3_last_acc": 0.5592545454545454,
 "mode0_last_f1": 0.5024479177335764,
 "mode0_last_roc_auc": 0.5704488753719008,
 "mode0_last_acc": 0.5583818181818182,
 "mode3_last_f1": 0.13471671111689326,
 "mode3_last_roc_auc": 0.6084698023140497,
 "mode3_last_acc": 0.5162909090909091
}