{
 "generalization_gap": 0.07306666666666661,
 "confidence_gap": 0.06953435598653279,
 "top3_best_f1": 0.553042073208626,
 "top3_best_roc_auc": 0.5234339022222222,
 "top3_best_acc": 0.5205333333333333,
 "mode0_best_f1": 0.530773242926066,
 "mode0_best_roc_auc": 0.5214082266666666,
 "mode0_best_acc": 0.5202
}