{
 "generalization_gap": 0.07580000000000009,
 "confidence_gap": 0.07432234131865578,
 "top3_best_f1": 0.5008150383241424,
 "top3_best_roc_auc": 0.5252212022222222,
 "top3_best_acc": 0.5202333333333333,
 "mode0_best_f1": 0.5365555018527469,
 "mode0_best_roc_auc": 0.5233696266666666,
 "mode0_best_acc": 0.5205666666666666
}