{
 "generalization_gap": 0.07580000000000009,
 "confidence_gap": 0.07432234131865578,
 "top3_last_f1": 0.5988185933532074,
 "top3_last_roc_auc": 0.525105051111111,
 "top3_last_acc": 0.5155333333333333,
 "mode0_last_f1": 0.5365555018527469,
 "mode0_last_roc_auc": 0.5233696266666666,
 "mode0_last_acc": 0.5205666666666666
}