{
 "generalization_gap": 0.0038000000000000256,
 "confidence_gap": 0.004054887179901323,
 "top3_best_f1": 0.4490536686543946,
 "top3_best_roc_auc": 0.5010665266666666,
 "top3_best_acc": 0.5041666666666667,
 "mode0_best_f1": 0.10607059387547191,
 "mode0_best_roc_auc": 0.49623346,
 "mode0_best_acc": 0.5027666666666667,
 "mode3_best_f1": 0.10830754582242325,
 "mode3_best_roc_auc": 0.5012346511111111,
 "mode3_best_acc": 0.5005333333333334
}