{
 "generalization_gap": 0.0038000000000000256,
 "confidence_gap": 0.004054887179901323,
 "top3_last_f1": 0.43052897496746534,
 "top3_last_roc_auc": 0.5006467466666666,
 "top3_last_acc": 0.5040666666666667,
 "mode0_last_f1": 0.1126208983563757,
 "mode0_last_roc_auc": 0.4959559088888889,
 "mode0_last_acc": 0.5015,
 "mode3_last_f1": 0.04595074892104595,
 "mode3_last_roc_auc": 0.5014981688888889,
 "mode3_last_acc": 0.49893333333333334
}