{
 "generalization_gap": 0.032333333333333325,
 "confidence_gap": 0.027635144567984604,
 "top3_last_f1": 0.30080195094498896,
 "top3_last_roc_auc": 0.5020067088888889,
 "top3_last_acc": 0.5030333333333333,
 "mode0_last_f1": 0.13710328909405656,
 "mode0_last_roc_auc": 0.49923990444444444,
 "mode0_last_acc": 0.5015333333333334
}