{
 "generalization_gap": 0.008999999999999994,
 "confidence_gap": 0.0035707829773862637,
 "top3_best_f1": 0.0043839256061109265,
 "top3_best_roc_auc": 0.50126994,
 "top3_best_acc": 0.5003666666666666,
 "mode0_best_f1": 0.0787673343605547,
 "mode0_best_roc_auc": 0.49924696888888886,
 "mode0_best_acc": 0.5017666666666667
}