{
 "generalization_gap": 0.008999999999999994,
 "confidence_gap": 0.0035707829773862637,
 "top3_last_f1": 0.00013331555792560993,
 "top3_last_roc_auc": 0.5026293288888888,
 "top3_last_acc": 0.5,
 "mode0_last_f1": 0.0011988810443585986,
 "mode0_last_roc_auc": 0.4998959666666667,
 "mode0_last_acc": 0.5001333333333333
}