{
 "generalization_gap": 0.02061538461538459,
 "confidence_gap": 0.02166417083516825,
 "top3_last_f1": 0.07948139797068769,
 "top3_last_roc_auc": 0.497779550295858,
 "top3_last_acc": 0.49753846153846154,
 "mode0_last_f1": 0.218705035971223,
 "mode0_last_roc_auc": 0.49580269822485207,
 "mode0_last_acc": 0.49876923076923074
}