{
 "generalization_gap": 0.0005090909090909087,
 "confidence_gap": -2.210619258270416e-06,
 "top3_best_f1": 0.0,
 "top3_best_roc_auc": 0.5000308059504132,
 "top3_best_acc": 0.5,
 "mode0_best_f1": 0.0010898390670977586,
 "mode0_best_roc_auc": 0.5016412978512397,
 "mode0_best_acc": 0.5000545454545454,
 "mode3_best_f1": 0.0,
 "mode3_best_roc_auc": 0.4988218135537191,
 "mode3_best_acc": 0.5
}