{
 "generalization_gap": 0.0005090909090909087,
 "confidence_gap": -2.210619258270416e-06,
 "top3_last_f1": 0.0,
 "top3_last_roc_auc": 0.49971368330578514,
 "top3_last_acc": 0.5,
 "mode0_last_f1": 0.0,
 "mode0_last_roc_auc": 0.5003349666115702,
 "mode0_last_acc": 0.5,
 "mode3_last_f1": 0.0,
 "mode3_last_roc_auc": 0.49903658842975207,
 "mode3_last_acc": 0.5
}