{
 "generalization_gap": 0.00032727272727272813,
 "confidence_gap": -5.9485960343995045e-05,
 "top3_best_f1": 0.6551923560472719,
 "top3_best_roc_auc": 0.4987616033057851,
 "top3_best_acc": 0.5013454545454545,
 "mode0_best_f1": 0.02875613805772424,
 "mode0_best_roc_auc": 0.49673999603305785,
 "mode0_best_acc": 0.5001272727272728
}