{
 "generalization_gap": 0.00509090909090909,
 "confidence_gap": 0.002701031933035069,
 "top3_best_f1": 0.5384757832359724,
 "top3_best_roc_auc": 0.4996484469421487,
 "top3_best_acc": 0.5015454545454545,
 "mode0_best_f1": 0.005354171188770711,
 "mode0_best_roc_auc": 0.4968957282644628,
 "mode0_best_acc": 0.500109090909091
}