{
 "generalization_gap": 0.0019636363636363636,
 "confidence_gap": -1.238229797330577e-05,
 "top3_best_f1": 0.010779346771585643,
 "top3_best_roc_auc": 0.5016546314049587,
 "top3_best_acc": 0.4994363636363636,
 "mode0_best_f1": 0.5488894729925089,
 "mode0_best_roc_auc": 0.4991174598347108,
 "mode0_best_acc": 0.5007272727272727,
 "mode3_best_f1": 0.01264458653638911,
 "mode3_best_roc_auc": 0.4978900799999999,
 "mode3_best_acc": 0.5002545454545455
}