{
 "generalization_gap": 0.0019636363636363636,
 "confidence_gap": -1.238229797330577e-05,
 "top3_last_f1": 0.019022513536620118,
 "top3_last_roc_auc": 0.49669033123966944,
 "top3_last_acc": 0.4993090909090909,
 "mode0_last_f1": 0.0217954634198289,
 "mode0_last_roc_auc": 0.49899558347107437,
 "mode0_last_acc": 0.4989636363636364,
 "mode3_last_f1": 0.01264458653638911,
 "mode3_last_roc_auc": 0.4978900799999999,
 "mode3_last_acc": 0.5002545454545455
}