{
 "generalization_gap": 0.008400000000000005,
 "confidence_gap": 0.0028881313074273426,
 "top3_best_f1": 0.04166399589769886,
 "top3_best_roc_auc": 0.5015086577777779,
 "top3_best_acc": 0.5016333333333334,
 "mode0_best_f1": 0.0875359129531145,
 "mode0_best_roc_auc": 0.50348656,
 "mode0_best_acc": 0.5024333333333333
}