{
 "generalization_gap": 0.008400000000000005,
 "confidence_gap": 0.0028881313074273426,
 "top3_last_f1": 0.00013332444503699753,
 "top3_last_roc_auc": 0.5031175155555556,
 "top3_last_acc": 0.5000333333333333,
 "mode0_last_f1": 0.004120148856990962,
 "mode0_last_roc_auc": 0.5044671244444444,
 "mode0_last_acc": 0.5004666666666666
}