{
 "generalization_gap": 0.11426666666666663,
 "confidence_gap": 0.11492432939532715,
 "top3_best_f1": 0.5522743357138262,
 "top3_best_roc_auc": 0.54545226,
 "top3_best_acc": 0.5360666666666667,
 "mode0_best_f1": 0.5376143736483114,
 "mode0_best_roc_auc": 0.5437757288888889,
 "mode0_best_acc": 0.5367666666666666
}