{
 "generalization_gap": 0.11426666666666663,
 "confidence_gap": 0.11492432939532715,
 "top3_last_f1": 0.6012095743774667,
 "top3_last_roc_auc": 0.5454022066666666,
 "top3_last_acc": 0.5318333333333334,
 "mode0_last_f1": 0.5376143736483114,
 "mode0_last_roc_auc": 0.5437757288888889,
 "mode0_last_acc": 0.5367666666666666
}