{
 "generalization_gap": 0.1987692307692308,
 "confidence_gap": 0.18438208457037664,
 "top3_best_f1": 0.6188340807174887,
 "top3_best_roc_auc": 0.5539031479289941,
 "top3_best_acc": 0.5423076923076923,
 "mode0_best_f1": 0.5329331859105986,
 "mode0_best_roc_auc": 0.5535001656804734,
 "mode0_best_acc": 0.5450769230769231,
 "mode3_best_f1": 0.669172932330827,
 "mode3_best_roc_auc": 0.6127407810650888,
 "mode3_best_acc": 0.5938461538461538
}