{
 "generalization_gap": 0.1987692307692308,
 "confidence_gap": 0.18438208457037664,
 "top3_last_f1": 0.15356394129979037,
 "top3_last_roc_auc": 0.5516149112426035,
 "top3_last_acc": 0.5030769230769231,
 "mode0_last_f1": 0.3724250458902713,
 "mode0_last_roc_auc": 0.5443819171597633,
 "mode0_last_acc": 0.5266153846153846,
 "mode3_last_f1": 0.3355119825708061,
 "mode3_last_roc_auc": 0.6132255147928993,
 "mode3_last_acc": 0.5307692307692308
}