{
 "generalization_gap": 0.11815384615384616,
 "confidence_gap": 0.118471421778232,
 "top3_best_f1": 0.5777462792345854,
 "top3_best_roc_auc": 0.5514218224852071,
 "top3_best_acc": 0.5416923076923077,
 "mode0_best_f1": 0.4637370489460522,
 "mode0_best_roc_auc": 0.5480150532544378,
 "mode0_best_acc": 0.5381538461538462
}