{
 "generalization_gap": 0.11815384615384616,
 "confidence_gap": 0.118471421778232,
 "top3_last_f1": 0.6321604419358712,
 "top3_last_roc_auc": 0.5584580355029586,
 "top3_last_acc": 0.5287692307692308,
 "mode0_last_f1": 0.3059350503919373,
 "mode0_last_roc_auc": 0.5414154792899408,
 "mode0_last_acc": 0.5232307692307693
}