{
 "generalization_gap": -0.000509090909090907,
 "confidence_gap": 8.105952919386719e-05,
 "top3_best_f1": 0.00029083506016650305,
 "top3_best_roc_auc": 0.4999275662809918,
 "top3_best_acc": 0.5000181818181818,
 "mode0_best_f1": 0.6666666666666666,
 "mode0_best_roc_auc": 0.4984733633057851,
 "mode0_best_acc": 0.5,
 "mode3_best_f1": 0.00014544396771143918,
 "mode3_best_roc_auc": 0.5061704019834711,
 "mode3_best_acc": 0.5000363636363636
}