{
 "generalization_gap": -0.000509090909090907,
 "confidence_gap": 8.105952919386719e-05,
 "top3_last_f1": 0.0,
 "top3_last_roc_auc": 0.5,
 "top3_last_acc": 0.5,
 "mode0_last_f1": 0.6666666666666666,
 "mode0_last_roc_auc": 0.5,
 "mode0_last_acc": 0.5,
 "mode3_last_f1": 0.0,
 "mode3_last_roc_auc": 0.49938194710743805,
 "mode3_last_acc": 0.5
}