{
 "generalization_gap": 0.009538461538461551,
 "confidence_gap": 0.0005413999537436098,
 "top3_best_f1": 0.023479831426851294,
 "top3_best_roc_auc": 0.49901813017751484,
 "top3_best_acc": 0.5009230769230769,
 "mode0_best_f1": 0.023465703971119134,
 "mode0_best_roc_auc": 0.4978494674556213,
 "mode0_best_acc": 0.5006153846153846
}