{
 "generalization_gap": 0.6199272727272728,
 "confidence_gap": 0.642781038769551,
 "top3_best_f1": 0.8228173276559805,
 "top3_best_roc_auc": 0.8806425487603305,
 "top3_best_acc": 0.8169090909090909,
 "mode0_best_f1": 0.8269721408879985,
 "mode0_best_roc_auc": 0.8496345897520662,
 "mode0_best_acc": 0.8162727272727273,
 "mode3_best_f1": 0.8126486154790212,
 "mode3_best_roc_auc": 0.9145213791735537,
 "mode3_best_acc": 0.8223636363636364
}