{
 "generalization_gap": 0.6199272727272728,
 "confidence_gap": 0.642781038769551,
 "top3_last_f1": 0.8046767115720994,
 "top3_last_roc_auc": 0.7702240700826445,
 "top3_last_acc": 0.7685454545454545,
 "mode0_last_f1": 0.8207134417015297,
 "mode0_last_roc_auc": 0.8186187047933884,
 "mode0_last_acc": 0.7958545454545455,
 "mode3_last_f1": 0.3724868944063598,
 "mode3_last_roc_auc": 0.9050114869421487,
 "mode3_last_acc": 0.6038909090909091
}