{
 "generalization_gap": 0.00040000000000000105,
 "confidence_gap": 0.00015568004996087143,
 "top3_best_f1": 0.020534759358288766,
 "top3_best_roc_auc": 0.4995987933884299,
 "top3_best_acc": 0.5004727272727273,
 "mode0_best_f1": 0.08510354041416164,
 "mode0_best_roc_auc": 0.5020500482644628,
 "mode0_best_acc": 0.5019636363636364,
 "mode3_best_f1": 0.0001454386794167909,
 "mode3_best_roc_auc": 0.5033157203305785,
 "mode3_best_acc": 0.5000181818181818
}