{
 "generalization_gap": 0.00040000000000000105,
 "confidence_gap": 0.00015568004996087143,
 "top3_last_f1": 0.0017419706042460534,
 "top3_last_roc_auc": 0.4998363034710744,
 "top3_last_acc": 0.49987272727272725,
 "mode0_last_f1": 0.0,
 "mode0_last_roc_auc": 0.5,
 "mode0_last_acc": 0.5,
 "mode3_last_f1": 0.0,
 "mode3_last_roc_auc": 0.5011576568595042,
 "mode3_last_acc": 0.5
}