{
 "generalization_gap": 0.0027272727272727275,
 "confidence_gap": 0.0010149768741005896,
 "top3_best_f1": 0.08480447671707415,
 "top3_best_roc_auc": 0.4997257170247934,
 "top3_best_acc": 0.5004363636363637,
 "mode0_best_f1": 0.1772463724577162,
 "mode0_best_roc_auc": 0.49808303801652887,
 "mode0_best_acc": 0.5020545454545454,
 "mode3_best_f1": 0.007370474745285065,
 "mode3_best_roc_auc": 0.5106533223140496,
 "mode3_best_acc": 0.5004727272727273
}