{
 "generalization_gap": 0.0027272727272727275,
 "confidence_gap": 0.0010149768741005896,
 "top3_last_f1": 0.0732882018119969,
 "top3_last_roc_auc": 0.5008954552066116,
 "top3_last_acc": 0.49972727272727274,
 "mode0_last_f1": 0.04258730048093678,
 "mode0_last_roc_auc": 0.5000550763636363,
 "mode0_last_acc": 0.5005090909090909,
 "mode3_last_f1": 0.0,
 "mode3_last_roc_auc": 0.5004916588429751,
 "mode3_last_acc": 0.4999818181818182
}