{
 "generalization_gap": 0.2356363636363637,
 "confidence_gap": 0.1953607004024816,
 "top3_best_f1": 0.5306494110353378,
 "top3_best_roc_auc": 0.5786785150413223,
 "top3_best_acc": 0.5595272727272728,
 "mode0_best_f1": 0.5679684071961386,
 "mode0_best_roc_auc": 0.5741919557024794,
 "mode0_best_acc": 0.5524545454545454,
 "mode3_best_f1": 0.6529809550096605,
 "mode3_best_roc_auc": 0.6806703497520661,
 "mode3_best_acc": 0.6342545454545454
}