{
 "generalization_gap": 0.2356363636363637,
 "confidence_gap": 0.1953607004024816,
 "top3_last_f1": 0.5219773721764498,
 "top3_last_roc_auc": 0.5786835484297521,
 "top3_last_acc": 0.5590545454545455,
 "mode0_last_f1": 0.653521200329072,
 "mode0_last_roc_auc": 0.5786551411570248,
 "mode0_last_acc": 0.5175818181818181,
 "mode3_last_f1": 0.6322315552161739,
 "mode3_last_roc_auc": 0.6800854803305786,
 "mode3_last_acc": 0.6322181818181818
}