{
 "generalization_gap": 0.4173333333333334,
 "confidence_gap": 0.3963268123838585,
 "top3_last_f1": 0.5349594201640554,
 "top3_last_roc_auc": 0.7267281466666666,
 "top3_last_acc": 0.6428333333333334,
 "mode0_last_f1": 0.4980755773268019,
 "mode0_last_roc_auc": 0.6261025222222222,
 "mode0_last_acc": 0.6174666666666667
}