{
 "generalization_gap": -0.00021818181818181875,
 "confidence_gap": -8.75355742679905e-05,
 "top3_best_f1": 0.0002908562079621887,
 "top3_best_roc_auc": 0.5001632899173554,
 "top3_best_acc": 0.5000545454545454,
 "mode0_best_f1": 0.0005815644082582146,
 "mode0_best_roc_auc": 0.4991515120661157,
 "mode0_best_acc": 0.5000727272727272,
 "mode3_best_f1": 0.0001454386794167909,
 "mode3_best_roc_auc": 0.4998564330578512,
 "mode3_best_acc": 0.5000181818181818
}