{
 "generalization_gap": -0.00021818181818181875,
 "confidence_gap": -8.75355742679905e-05,
 "top3_last_f1": 0.004991499981914855,
 "top3_last_roc_auc": 0.499817974214876,
 "top3_last_acc": 0.49983636363636363,
 "mode0_last_f1": 0.006788719170909616,
 "mode0_last_roc_auc": 0.4981716899173554,
 "mode0_last_acc": 0.4999090909090909,
 "mode3_last_f1": 0.0,
 "mode3_last_roc_auc": 0.4998727233057851,
 "mode3_last_acc": 0.5
}