{
 "generalization_gap": 0.008000000000000007,
 "confidence_gap": 0.008171341455644576,
 "top3_best_f1": 0.28794992175273865,
 "top3_best_roc_auc": 0.5061974911242604,
 "top3_best_acc": 0.51,
 "mode0_best_f1": 0.2580793032317213,
 "mode0_best_roc_auc": 0.4962709585798817,
 "mode0_best_acc": 0.502,
 "mode3_best_f1": 0.08534850640113799,
 "mode3_best_roc_auc": 0.5069317869822485,
 "mode3_best_acc": 0.5053846153846154
}