{
 "generalization_gap": 0.03999999999999998,
 "confidence_gap": 0.008231436183819385,
 "top3_best_f1": 0.002456248081056187,
 "top3_best_roc_auc": 0.49256596449704143,
 "top3_best_acc": 0.5001538461538462,
 "mode0_best_f1": 0.00672988681553992,
 "mode0_best_roc_auc": 0.48872397633136094,
 "mode0_best_acc": 0.5004615384615385
}