{
 "generalization_gap": 0.0021333333333333204,
 "confidence_gap": 0.0005983618099242444,
 "top3_last_f1": 0.0,
 "top3_last_roc_auc": 0.5008335222222222,
 "top3_last_acc": 0.5,
 "mode0_last_f1": 0.0,
 "mode0_last_roc_auc": 0.5035856666666667,
 "mode0_last_acc": 0.5,
 "mode3_last_f1": 0.0,
 "mode3_last_roc_auc": 0.5032822955555556,
 "mode3_last_acc": 0.5
}