{
 "generalization_gap": 0.1224615384615384,
 "confidence_gap": 0.12119702190135073,
 "top3_best_f1": 0.5953203935123637,
 "top3_best_roc_auc": 0.5408713846153846,
 "top3_best_acc": 0.5316923076923077,
 "mode0_best_f1": 0.49281730606726387,
 "mode0_best_roc_auc": 0.5399367573964498,
 "mode0_best_acc": 0.5383076923076923
}