{
 "generalization_gap": 0.1224615384615384,
 "confidence_gap": 0.12119702190135073,
 "top3_last_f1": 0.10333515582285403,
 "top3_last_roc_auc": 0.540644923076923,
 "top3_last_acc": 0.49538461538461537,
 "mode0_last_f1": 0.48945578231292514,
 "mode0_last_roc_auc": 0.5395640710059171,
 "mode0_last_acc": 0.5381538461538462
}