{
 "generalization_gap": 0.0023333333333332984,
 "confidence_gap": 0.0023182551892997894,
 "top3_last_f1": 0.2726698108620606,
 "top3_last_roc_auc": 0.5018983644444444,
 "top3_last_acc": 0.5013666666666666,
 "mode0_last_f1": 0.10257948410317937,
 "mode0_last_roc_auc": 0.5030910444444444,
 "mode0_last_acc": 0.5013333333333333
}