{
 "generalization_gap": 0.25323076923076926,
 "confidence_gap": 0.18130177201430958,
 "top3_best_f1": 0.5925469664305513,
 "top3_best_roc_auc": 0.6294967573964498,
 "top3_best_acc": 0.5929230769230769,
 "mode0_best_f1": 0.29264877479579926,
 "mode0_best_roc_auc": 0.5495522366863905,
 "mode0_best_acc": 0.5336923076923077
}