{
 "generalization_gap": 0.25323076923076926,
 "confidence_gap": 0.18130177201430958,
 "top3_last_f1": 0.024060150375939848,
 "top3_last_roc_auc": 0.6076165680473373,
 "top3_last_acc": 0.5007692307692307,
 "mode0_last_f1": 0.27359389895138225,
 "mode0_last_roc_auc": 0.5474779171597632,
 "mode0_last_acc": 0.5310769230769231
}