{
 "generalization_gap": 0.008333333333333331,
 "confidence_gap": 0.0038911369111398614,
 "top3_best_f1": 0.03524172206803073,
 "top3_best_roc_auc": 0.5058932422222222,
 "top3_best_acc": 0.5017666666666667,
 "mode0_best_f1": 0.10555954948478313,
 "mode0_best_roc_auc": 0.5062316288888888,
 "mode0_best_acc": 0.5023333333333333
}