{
 "generalization_gap": 0.008333333333333331,
 "confidence_gap": 0.0038911369111398614,
 "top3_last_f1": 0.00013331555792560993,
 "top3_last_roc_auc": 0.5018835333333334,
 "top3_last_acc": 0.5,
 "mode0_last_f1": 0.0026599281819390877,
 "mode0_last_roc_auc": 0.5059692844444444,
 "mode0_last_acc": 0.5000666666666667
}