{
 "generalization_gap": 0.22030769230769232,
 "confidence_gap": 0.11921891376103916,
 "top3_best_f1": 0.4465872565702401,
 "top3_best_roc_auc": 0.5767706508875741,
 "top3_best_acc": 0.5496923076923077,
 "mode0_best_f1": 0.14402618657937807,
 "mode0_best_roc_auc": 0.533963976331361,
 "mode0_best_acc": 0.5172307692307693
}