{
 "generalization_gap": 0.22030769230769232,
 "confidence_gap": 0.11921891376103916,
 "top3_last_f1": 0.0042944785276073615,
 "top3_last_roc_auc": 0.562721325443787,
 "top3_last_acc": 0.5006153846153846,
 "mode0_last_f1": 0.13366336633663364,
 "mode0_last_roc_auc": 0.5351101538461538,
 "mode0_last_acc": 0.5153846153846153
}