{
 "generalization_gap": 0.6048727272727272,
 "confidence_gap": 0.6733229884776156,
 "top3_best_f1": 0.8648640121158578,
 "top3_best_roc_auc": 0.8554667914049587,
 "top3_best_acc": 0.8442545454545455,
 "mode0_best_f1": 0.9186350796319083,
 "mode0_best_roc_auc": 0.9247224826446282,
 "mode0_best_acc": 0.9146363636363637,
 "mode3_best_f1": 0.925634544872023,
 "mode3_best_roc_auc": 0.9669006942148759,
 "mode3_best_acc": 0.9240363636363637
}