{
 "generalization_gap": 0.0709333333333334,
 "confidence_gap": 0.053780881221833776,
 "top3_last_f1": 0.3540383600211156,
 "top3_last_roc_auc": 0.5129568577777777,
 "top3_last_acc": 0.5105333333333333,
 "mode0_last_f1": 0.16825789059867463,
 "mode0_last_roc_auc": 0.5091470066666667,
 "mode0_last_acc": 0.5063333333333333
}