{
 "generalization_gap": 0.24184615384615382,
 "confidence_gap": 0.26306703913463425,
 "top3_best_f1": 0.7576881656096686,
 "top3_best_roc_auc": 0.7401735857988164,
 "top3_best_acc": 0.6884615384615385,
 "mode0_best_f1": 0.7363725080161719,
 "mode0_best_roc_auc": 0.7489890650887574,
 "mode0_best_acc": 0.709076923076923,
 "mode3_best_f1": 0.7680895366996358,
 "mode3_best_roc_auc": 0.7690468639053254,
 "mode3_best_acc": 0.7258461538461538
}