{
 "generalization_gap": 0.24184615384615382,
 "confidence_gap": 0.26306703913463425,
 "top3_last_f1": 0.7366132723112129,
 "top3_last_roc_auc": 0.7711633136094675,
 "top3_last_acc": 0.6458461538461538,
 "mode0_last_f1": 0.5348356807511737,
 "mode0_last_roc_auc": 0.7221939881656805,
 "mode0_last_acc": 0.6189230769230769,
 "mode3_last_f1": 0.7126233613197822,
 "mode3_last_roc_auc": 0.7701729704142011,
 "mode3_last_acc": 0.6998461538461539
}