{
 "generalization_gap": 0.07166666666666666,
 "confidence_gap": 0.08375268205550424,
 "top3_best_f1": 0.7082821796203608,
 "top3_best_roc_auc": 0.6786532511111112,
 "top3_best_acc": 0.5881333333333333,
 "mode0_best_f1": 0.7535184685899163,
 "mode0_best_roc_auc": 0.7360685777777778,
 "mode0_best_acc": 0.6952666666666667,
 "mode3_best_f1": 0.7567041237927313,
 "mode3_best_roc_auc": 0.7200204000000001,
 "mode3_best_acc": 0.6918333333333333
}