{
 "generalization_gap": 0.07166666666666666,
 "confidence_gap": 0.08375268205550424,
 "top3_last_f1": 0.7043410889113234,
 "top3_last_roc_auc": 0.6846527444444446,
 "top3_last_acc": 0.5802333333333334,
 "mode0_last_f1": 0.7535184685899163,
 "mode0_last_roc_auc": 0.7360685777777778,
 "mode0_last_acc": 0.6952666666666667,
 "mode3_last_f1": 0.720569777284801,
 "mode3_last_roc_auc": 0.7350068222222221,
 "mode3_last_acc": 0.6809
}