{
 "generalization_gap": 0.032200000000000006,
 "confidence_gap": 0.016243153330148197,
 "top3_best_f1": 0.19829814735028004,
 "top3_best_roc_auc": 0.5121198577777777,
 "top3_best_acc": 0.5038,
 "mode0_best_f1": 0.07203074634267297,
 "mode0_best_roc_auc": 0.5024023933333334,
 "mode0_best_acc": 0.501,
 "mode3_best_f1": 0.040228044327717635,
 "mode3_best_roc_auc": 0.5223232844444444,
 "mode3_best_acc": 0.5005666666666667
}