{
 "generalization_gap": 0.032200000000000006,
 "confidence_gap": 0.016243153330148197,
 "top3_last_f1": 0.07506968101579435,
 "top3_last_roc_auc": 0.5144373866666667,
 "top3_last_acc": 0.5022333333333333,
 "mode0_last_f1": 0.0031902166688820947,
 "mode0_last_roc_auc": 0.5080574377777778,
 "mode0_last_acc": 0.5000666666666667,
 "mode3_last_f1": 0.004249103704687293,
 "mode3_last_roc_auc": 0.5221621911111111,
 "mode3_last_acc": 0.5000666666666667
}