{
 "generalization_gap": 0.12353333333333333,
 "confidence_gap": 0.039498895947991206,
 "top3_best_f1": 0.10810151293313812,
 "top3_best_roc_auc": 0.5346461333333332,
 "top3_best_acc": 0.5126666666666667,
 "mode0_best_f1": 0.2306122448979592,
 "mode0_best_roc_auc": 0.5331692266666666,
 "mode0_best_acc": 0.5224666666666666
}