{
 "generalization_gap": 0.12353333333333333,
 "confidence_gap": 0.039498895947991206,
 "top3_last_f1": 0.0017311405552966242,
 "top3_last_roc_auc": 0.5267241133333334,
 "top3_last_acc": 0.5002333333333333,
 "mode0_last_f1": 0.03189481221115667,
 "mode0_last_roc_auc": 0.5275013844444445,
 "mode0_last_acc": 0.5042333333333333
}