{
 "generalization_gap": 0.0008727272727272733,
 "confidence_gap": 9.235520212856011e-05,
 "top3_best_f1": 0.00029083506016650305,
 "top3_best_roc_auc": 0.5028889123966942,
 "top3_best_acc": 0.5000181818181818,
 "mode0_best_f1": 0.6661324007965419,
 "mode0_best_roc_auc": 0.49879331900826446,
 "mode0_best_acc": 0.5000727272727272,
 "mode3_best_f1": 0.0005088688572259378,
 "mode3_best_roc_auc": 0.5014426889256198,
 "mode3_best_acc": 0.5000363636363636
}