{
 "generalization_gap": 0.0008727272727272733,
 "confidence_gap": 9.235520212856011e-05,
 "top3_last_f1": 0.0,
 "top3_last_roc_auc": 0.5,
 "top3_last_acc": 0.5,
 "mode0_last_f1": 0.6666666666666666,
 "mode0_last_roc_auc": 0.5,
 "mode0_last_acc": 0.5,
 "mode3_last_f1": 0.0,
 "mode3_last_roc_auc": 0.4999999907438016,
 "mode3_last_acc": 0.5
}