{
 "generalization_gap": 0.132,
 "confidence_gap": 0.14501768278620253,
 "top3_best_f1": 0.720943290286356,
 "top3_best_roc_auc": 0.6707419171597633,
 "top3_best_acc": 0.6176923076923077,
 "mode0_best_f1": 0.7200100489888205,
 "mode0_best_roc_auc": 0.6829592426035503,
 "mode0_best_acc": 0.6570769230769231,
 "mode3_best_f1": 0.7222923504165616,
 "mode3_best_roc_auc": 0.6894886153846154,
 "mode3_best_acc": 0.6615384615384615
}