{
 "generalization_gap": 0.048666666666666664,
 "confidence_gap": 0.030683175591349393,
 "top3_best_f1": 0.28854105138806846,
 "top3_best_roc_auc": 0.5296530177777778,
 "top3_best_acc": 0.5182,
 "mode0_best_f1": 0.11009505474672122,
 "mode0_best_roc_auc": 0.5142751733333334,
 "mode0_best_acc": 0.5069333333333333,
 "mode3_best_f1": 0.07938492311538943,
 "mode3_best_roc_auc": 0.5442712266666667,
 "mode3_best_acc": 0.5090666666666667
}