{
 "generalization_gap": 0.048666666666666664,
 "confidence_gap": 0.030683175591349393,
 "top3_last_f1": 0.160676532769556,
 "top3_last_roc_auc": 0.5237645555555556,
 "top3_last_acc": 0.5103666666666666,
 "mode0_last_f1": 0.11009505474672122,
 "mode0_last_roc_auc": 0.5142751733333334,
 "mode0_last_acc": 0.5069333333333333,
 "mode3_last_f1": 0.013057240833553153,
 "mode3_last_roc_auc": 0.5487269155555555,
 "mode3_last_acc": 0.5011333333333333
}