{
 "generalization_gap": 0.1701538461538461,
 "confidence_gap": 0.15307109745441938,
 "top3_best_f1": 0.49434684292920505,
 "top3_best_roc_auc": 0.5644402840236686,
 "top3_best_acc": 0.5527692307692308,
 "mode0_best_f1": 0.09222886421861656,
 "mode0_best_roc_auc": 0.5210092307692308,
 "mode0_best_acc": 0.5093846153846154,
 "mode3_best_f1": 0.2641236117817479,
 "mode3_best_roc_auc": 0.6026706745562131,
 "mode3_best_acc": 0.5310769230769231
}