{
 "generalization_gap": 0.006533333333333391,
 "confidence_gap": 0.007133792138632411,
 "top3_last_f1": 0.4121743212581175,
 "top3_last_roc_auc": 0.5041444422222223,
 "top3_last_acc": 0.4991333333333333,
 "mode0_last_f1": 0.09291633899945556,
 "mode0_last_roc_auc": 0.4959822422222222,
 "mode0_last_acc": 0.5001666666666666,
 "mode3_last_f1": 0.029232958220152632,
 "mode3_last_roc_auc": 0.5036064755555556,
 "mode3_last_acc": 0.49966666666666665
}