{
 "generalization_gap": 0.00014545454545454584,
 "confidence_gap": 0.0004014390775640706,
 "top3_best_f1": 0.43472342531864866,
 "top3_best_roc_auc": 0.5017364158677686,
 "top3_best_acc": 0.5016727272727273,
 "mode0_best_f1": 0.00014544396771143918,
 "mode0_best_roc_auc": 0.500072719338843,
 "mode0_best_acc": 0.5000363636363636
}