{
 "generalization_gap": 0.03538461538461535,
 "confidence_gap": 0.034577319519822014,
 "top3_last_f1": 0.48001269035532995,
 "top3_last_roc_auc": 0.49976814201183434,
 "top3_last_acc": 0.4956923076923077,
 "mode0_last_f1": 0.034360189573459717,
 "mode0_last_roc_auc": 0.49962702958579885,
 "mode0_last_acc": 0.49846153846153846,
 "mode3_last_f1": 0.04732690622261174,
 "mode3_last_roc_auc": 0.522111573964497,
 "mode3_last_acc": 0.4983076923076923
}