{
 "generalization_gap": 0.24345454545454542,
 "confidence_gap": 0.2045012202469042,
 "top3_best_f1": 0.4980416666666666,
 "top3_best_roc_auc": 0.5808745282644628,
 "top3_best_acc": 0.5619272727272727,
 "mode0_best_f1": 0.5773071208927893,
 "mode0_best_roc_auc": 0.577722958016529,
 "mode0_best_acc": 0.5551272727272727,
 "mode3_best_f1": 0.6600615786848306,
 "mode3_best_roc_auc": 0.6840501328925619,
 "mode3_best_acc": 0.6406727272727273
}