{
 "generalization_gap": 0.24345454545454542,
 "confidence_gap": 0.2045012202469042,
 "top3_last_f1": 0.5312657883486844,
 "top3_last_roc_auc": 0.581592797355372,
 "top3_last_acc": 0.5614181818181818,
 "mode0_last_f1": 0.6549819112672561,
 "mode0_last_roc_auc": 0.5817307755371901,
 "mode0_last_acc": 0.5196909090909091,
 "mode3_last_f1": 0.6425086857122283,
 "mode3_last_roc_auc": 0.6866366003305785,
 "mode3_last_acc": 0.6389272727272727
}