{
 "generalization_gap": 0.026000000000000023,
 "confidence_gap": 0.01783334305614881,
 "top3_best_f1": 0.3904702713900973,
 "top3_best_roc_auc": 0.5137997777777777,
 "top3_best_acc": 0.5096333333333334,
 "mode0_best_f1": 0.13351165901029247,
 "mode0_best_roc_auc": 0.5082184177777778,
 "mode0_best_acc": 0.5033,
 "mode3_best_f1": 0.064034151547492,
 "mode3_best_roc_auc": 0.5221260244444444,
 "mode3_best_acc": 0.5030333333333333
}