{
 "generalization_gap": 0.026000000000000023,
 "confidence_gap": 0.01783334305614881,
 "top3_last_f1": 0.25190262587571194,
 "top3_last_roc_auc": 0.5138180688888889,
 "top3_last_acc": 0.5052333333333333,
 "mode0_last_f1": 0.13351165901029247,
 "mode0_last_roc_auc": 0.5082184177777778,
 "mode0_last_acc": 0.5033,
 "mode3_last_f1": 0.0035873247857569914,
 "mode3_last_roc_auc": 0.5211941733333333,
 "mode3_last_acc": 0.5000333333333333
}