{
 "generalization_gap": 0.006218181818181817,
 "confidence_gap": 0.0016810328724981456,
 "top3_best_f1": 0.3154643284176963,
 "top3_best_roc_auc": 0.4985934565289256,
 "top3_best_acc": 0.5003636363636363,
 "mode0_best_f1": 0.010297771216649263,
 "mode0_best_roc_auc": 0.5002363636363637,
 "mode0_best_acc": 0.5002363636363636
}