{
 "generalization_gap": 0.006218181818181817,
 "confidence_gap": 0.0016810328724981456,
 "top3_last_f1": 0.4365696057582202,
 "top3_last_roc_auc": 0.498346879338843,
 "top3_last_acc": 0.4990181818181818,
 "mode0_last_f1": 0.6666666666666666,
 "mode0_last_roc_auc": 0.5002363636363637,
 "mode0_last_acc": 0.5
}