{
 "generalization_gap": 0.2262,
 "confidence_gap": 0.18470871327278787,
 "top3_best_f1": 0.5242415650694642,
 "top3_best_roc_auc": 0.5651685911111111,
 "top3_best_acc": 0.5525333333333333,
 "mode0_best_f1": 0.4808709415897772,
 "mode0_best_roc_auc": 0.565336331111111,
 "mode0_best_acc": 0.5517666666666666
}