{
 "generalization_gap": 0.0034666666666666734,
 "confidence_gap": 0.004078890190486961,
 "top3_best_f1": 0.1521825284493008,
 "top3_best_roc_auc": 0.5044761955555556,
 "top3_best_acc": 0.5008333333333334,
 "mode0_best_f1": 0.2787146653781106,
 "mode0_best_roc_auc": 0.5038761599999999,
 "mode0_best_acc": 0.5024333333333333,
 "mode3_best_f1": 0.06374601587400788,
 "mode3_best_roc_auc": 0.5045151933333334,
 "mode3_best_acc": 0.5006333333333334
}