{
 "generalization_gap": 0.2244666666666667,
 "confidence_gap": 0.23600892453249644,
 "top3_best_f1": 0.7428962323721322,
 "top3_best_roc_auc": 0.6584247177777778,
 "top3_best_acc": 0.6742666666666667,
 "mode0_best_f1": 0.7450013119916034,
 "mode0_best_roc_auc": 0.7009948377777777,
 "mode0_best_acc": 0.6760666666666667,
 "mode3_best_f1": 0.7665255447910443,
 "mode3_best_roc_auc": 0.7545278200000001,
 "mode3_best_acc": 0.7003666666666667
}