{
 "generalization_gap": 0.2244666666666667,
 "confidence_gap": 0.23600892453249644,
 "top3_last_f1": 0.7287530075096604,
 "top3_last_roc_auc": 0.6609788533333334,
 "top3_last_acc": 0.6279666666666667,
 "mode0_last_f1": 0.6369135636510284,
 "mode0_last_roc_auc": 0.7184044777777778,
 "mode0_last_acc": 0.6398666666666667,
 "mode3_last_f1": 0.7665255447910443,
 "mode3_last_roc_auc": 0.7545278200000001,
 "mode3_last_acc": 0.7003666666666667
}