{
 "generalization_gap": 0.0012307692307692297,
 "confidence_gap": -0.00038797321829658893,
 "top3_best_f1": 0.004901960784313725,
 "top3_best_roc_auc": 0.48819507692307695,
 "top3_best_acc": 0.5003076923076923,
 "mode0_best_f1": 0.01097226455348979,
 "mode0_best_roc_auc": 0.49745931360946744,
 "mode0_best_acc": 0.5007692307692307
}