{
 "generalization_gap": 0.0135384615384615,
 "confidence_gap": 0.008680129797179914,
 "top3_best_f1": 0.361244019138756,
 "top3_best_roc_auc": 0.50856175147929,
 "top3_best_acc": 0.5070769230769231,
 "mode0_best_f1": 0.1514593741782803,
 "mode0_best_roc_auc": 0.49847351479289936,
 "mode0_best_acc": 0.5035384615384615,
 "mode3_best_f1": 0.04301708898055392,
 "mode3_best_roc_auc": 0.5041050887573965,
 "mode3_best_acc": 0.5003076923076923
}