{
 "generalization_gap": 0.0135384615384615,
 "confidence_gap": 0.008680129797179914,
 "top3_last_f1": 0.361244019138756,
 "top3_last_roc_auc": 0.50856175147929,
 "top3_last_acc": 0.5070769230769231,
 "mode0_last_f1": 0.11848211848211848,
 "mode0_last_roc_auc": 0.49506163313609475,
 "mode0_last_acc": 0.5032307692307693,
 "mode3_last_f1": 0.04301708898055392,
 "mode3_last_roc_auc": 0.5041050887573965,
 "mode3_last_acc": 0.5003076923076923
}