{
 "generalization_gap": 0.008133333333333326,
 "confidence_gap": 0.002904777869552101,
 "top3_best_f1": 0.02692332704688821,
 "top3_best_roc_auc": 0.5040368555555556,
 "top3_best_acc": 0.5012333333333333,
 "mode0_best_f1": 0.05274502345632053,
 "mode0_best_roc_auc": 0.50622322,
 "mode0_best_acc": 0.5019333333333333
}