{
 "generalization_gap": 0.24769230769230777,
 "confidence_gap": 0.25205273863556976,
 "top3_best_f1": 0.7159247361174851,
 "top3_best_roc_auc": 0.6830665088757397,
 "top3_best_acc": 0.6190769230769231,
 "mode0_best_f1": 0.7160132890365448,
 "mode0_best_roc_auc": 0.7004872899408284,
 "mode0_best_acc": 0.6712307692307692
}