{
 "generalization_gap": 0.24769230769230777,
 "confidence_gap": 0.25205273863556976,
 "top3_last_f1": 0.14770039421813402,
 "top3_last_roc_auc": 0.6789519053254438,
 "top3_last_acc": 0.5010769230769231,
 "mode0_last_f1": 0.7160132890365448,
 "mode0_last_roc_auc": 0.7004872899408284,
 "mode0_last_acc": 0.6712307692307692
}