{
 "generalization_gap": 0.05373333333333341,
 "confidence_gap": 0.04549801980636492,
 "top3_last_f1": 0.4289687137891078,
 "top3_last_roc_auc": 0.51077004,
 "top3_last_acc": 0.5072,
 "mode0_last_f1": 0.13948126801152735,
 "mode0_last_roc_auc": 0.5071755733333333,
 "mode0_last_acc": 0.5023333333333333,
 "mode3_last_f1": 0.056786703601108025,
 "mode3_last_roc_auc": 0.5326682111111112,
 "mode3_last_acc": 0.5006
}