{
 "generalization_gap": 0.41080000000000005,
 "confidence_gap": 0.4742608878255029,
 "top3_last_f1": 0.7806008226167545,
 "top3_last_roc_auc": 0.7321195466666668,
 "top3_last_acc": 0.7190666666666666,
 "mode0_last_f1": 0.8314226231783484,
 "mode0_last_roc_auc": 0.8202839555555554,
 "mode0_last_acc": 0.7975666666666666,
 "mode3_last_f1": 0.5354409620991253,
 "mode3_last_roc_auc": 0.9030811800000003,
 "mode3_last_acc": 0.6600666666666667
}