{
 "generalization_gap": 0.38606666666666667,
 "confidence_gap": 0.44798858740821157,
 "top3_best_f1": 0.8151529974455133,
 "top3_best_roc_auc": 0.9232275511111112,
 "top3_best_acc": 0.7732666666666667,
 "mode0_best_f1": 0.8910866685152664,
 "mode0_best_roc_auc": 0.9063215688888889,
 "mode0_best_acc": 0.8821666666666667,
 "mode3_best_f1": 0.9180768869842661,
 "mode3_best_roc_auc": 0.9327699311111111,
 "mode3_best_acc": 0.9127
}