{
 "generalization_gap": 0.07899999999999999,
 "confidence_gap": 0.03281646357040744,
 "top3_best_f1": 0.17122815087396503,
 "top3_best_roc_auc": 0.5347295466666666,
 "top3_best_acc": 0.5195333333333333,
 "mode0_best_f1": 0.1993526063176694,
 "mode0_best_roc_auc": 0.5164952644444445,
 "mode0_best_acc": 0.5218,
 "mode3_best_f1": 0.00478151148890955,
 "mode3_best_roc_auc": 0.5200203777777778,
 "mode3_best_acc": 0.5004666666666666
}