{
 "generalization_gap": 0.07899999999999999,
 "confidence_gap": 0.03281646357040744,
 "top3_last_f1": 0.14980042263442125,
 "top3_last_roc_auc": 0.5199148022222222,
 "top3_last_acc": 0.5172,
 "mode0_last_f1": 0.03405250844814141,
 "mode0_last_roc_auc": 0.5244777288888889,
 "mode0_last_acc": 0.5045333333333333,
 "mode3_last_f1": 0.0,
 "mode3_last_roc_auc": 0.5340088266666668,
 "mode3_last_acc": 0.49993333333333334
}