{
 "generalization_gap": 0.09230769230769231,
 "confidence_gap": 0.08166561184837151,
 "top3_best_f1": 0.4895356442119032,
 "top3_best_roc_auc": 0.5189214201183432,
 "top3_best_acc": 0.5196923076923077,
 "mode0_best_f1": 0.19904257999496094,
 "mode0_best_roc_auc": 0.5138474792899408,
 "mode0_best_acc": 0.5109230769230769,
 "mode3_best_f1": 0.2671988729748767,
 "mode3_best_roc_auc": 0.5563664852071006,
 "mode3_best_acc": 0.5198461538461538
}