{
 "generalization_gap": 0.09230769230769231,
 "confidence_gap": 0.08166561184837151,
 "top3_last_f1": 0.5109443402126329,
 "top3_last_roc_auc": 0.5234185562130178,
 "top3_last_acc": 0.5187692307692308,
 "mode0_last_f1": 0.08061311382344592,
 "mode0_last_roc_auc": 0.5115594792899408,
 "mode0_last_acc": 0.5016923076923077,
 "mode3_last_f1": 0.12146194009343227,
 "mode3_last_roc_auc": 0.5542932071005917,
 "mode3_last_acc": 0.5081538461538462
}