{
 "generalization_gap": 0.017538461538461614,
 "confidence_gap": 0.012234130552790767,
 "top3_best_f1": 0.4548540393754243,
 "top3_best_roc_auc": 0.5057627455621302,
 "top3_best_acc": 0.5058461538461538,
 "mode0_best_f1": 0.1665373674683217,
 "mode0_best_roc_auc": 0.5018845443786982,
 "mode0_best_acc": 0.5041538461538462,
 "mode3_best_f1": 0.13347627981774324,
 "mode3_best_roc_auc": 0.5126746508875739,
 "mode3_best_acc": 0.5026153846153846
}