{
 "generalization_gap": 0.017538461538461614,
 "confidence_gap": 0.012234130552790767,
 "top3_last_f1": 0.3190546528803545,
 "top3_last_roc_auc": 0.5066304378698224,
 "top3_last_acc": 0.5035384615384615,
 "mode0_last_f1": 0.11950886766712143,
 "mode0_last_roc_auc": 0.4997634082840237,
 "mode0_last_acc": 0.5035384615384615,
 "mode3_last_f1": 0.03849570624814924,
 "mode3_last_roc_auc": 0.5143040473372781,
 "mode3_last_acc": 0.5004615384615385
}