{
 "generalization_gap": 0.0010909090909090903,
 "confidence_gap": -1.2586272096831372e-06,
 "top3_best_f1": 0.012494165799016264,
 "top3_best_roc_auc": 0.4963836476033058,
 "top3_best_acc": 0.4999090909090909,
 "mode0_best_f1": 0.01001296643134995,
 "mode0_best_roc_auc": 0.4972393586776859,
 "mode0_best_acc": 0.5002545454545455,
 "mode3_best_f1": 0.0005088873541492494,
 "mode3_best_roc_auc": 0.49884138710743803,
 "mode3_best_acc": 0.5000545454545454
}