{
 "generalization_gap": 0.0010909090909090903,
 "confidence_gap": -1.2586272096831372e-06,
 "top3_last_f1": 0.007288471946599315,
 "top3_last_roc_auc": 0.49771774942148755,
 "top3_last_acc": 0.49976363636363635,
 "mode0_last_f1": 0.009084027252081756,
 "mode0_last_roc_auc": 0.49676554842975207,
 "mode0_last_acc": 0.5002,
 "mode3_last_f1": 0.00678945467677862,
 "mode3_last_roc_auc": 0.5001813533884298,
 "mode3_last_acc": 0.4999636363636364
}