{
 "generalization_gap": 0.22806666666666664,
 "confidence_gap": 0.23070433045298222,
 "top3_last_f1": 0.7136454561567873,
 "top3_last_roc_auc": 0.6410537488888889,
 "top3_last_acc": 0.6230333333333333,
 "mode0_last_f1": 0.580738851698367,
 "mode0_last_roc_auc": 0.6705110400000001,
 "mode0_last_acc": 0.6054333333333334,
 "mode3_last_f1": 0.7339084967320262,
 "mode3_last_roc_auc": 0.7050356822222223,
 "mode3_last_acc": 0.6607333333333333
}