{
 "generalization_gap": 0.000690909090909091,
 "confidence_gap": 0.0004017221756486382,
 "top3_best_f1": 0.14486883918001123,
 "top3_best_roc_auc": 0.49790307768595043,
 "top3_best_acc": 0.5009454545454546,
 "mode0_best_f1": 0.0005815644082582146,
 "mode0_best_roc_auc": 0.5002489573553719,
 "mode0_best_acc": 0.5000727272727272,
 "mode3_best_f1": 0.006577996241145005,
 "mode3_best_roc_auc": 0.5043938631404958,
 "mode3_best_acc": 0.5002545454545455
}