{
 "generalization_gap": 0.000690909090909091,
 "confidence_gap": 0.0004017221756486382,
 "top3_last_f1": 0.12442234757943718,
 "top3_last_roc_auc": 0.5011174452892563,
 "top3_last_acc": 0.5004909090909091,
 "mode0_last_f1": 0.447835627368841,
 "mode0_last_roc_auc": 0.49784235966942153,
 "mode0_last_acc": 0.49672727272727274,
 "mode3_last_f1": 0.0,
 "mode3_last_roc_auc": 0.500219013553719,
 "mode3_last_acc": 0.5
}