{
 "generalization_gap": -0.014153846153846183,
 "confidence_gap": -0.009039704495261869,
 "top3_best_f1": 0.014523449319213315,
 "top3_best_roc_auc": 0.4888647573964497,
 "top3_best_acc": 0.4989230769230769,
 "mode0_best_f1": 0.0012292562999385373,
 "mode0_best_roc_auc": 0.5017006390532545,
 "mode0_best_acc": 0.5,
 "mode3_best_f1": 0.0006151953245155337,
 "mode3_best_roc_auc": 0.4864048284023669,
 "mode3_best_acc": 0.5001538461538462
}