{
 "generalization_gap": -0.014153846153846183,
 "confidence_gap": -0.009039704495261869,
 "top3_last_f1": 0.013901480809912358,
 "top3_last_roc_auc": 0.488482650887574,
 "top3_last_acc": 0.498,
 "mode0_last_f1": 0.0006148170919151553,
 "mode0_last_roc_auc": 0.5002485680473373,
 "mode0_last_acc": 0.49984615384615383,
 "mode3_last_f1": 0.0,
 "mode3_last_roc_auc": 0.48616994082840237,
 "mode3_last_acc": 0.5
}