{
 "generalization_gap": 0.010066666666666668,
 "confidence_gap": 0.0035502858763667364,
 "top3_best_f1": 0.028443405415936106,
 "top3_best_roc_auc": 0.5035565955555557,
 "top3_best_acc": 0.5013,
 "mode0_best_f1": 0.09622949827513162,
 "mode0_best_roc_auc": 0.5013438555555555,
 "mode0_best_acc": 0.5022333333333333
}