{
 "generalization_gap": 0.010066666666666668,
 "confidence_gap": 0.0035502858763667364,
 "top3_last_f1": 0.00013332444503699753,
 "top3_last_roc_auc": 0.5039226755555555,
 "top3_last_acc": 0.5000333333333333,
 "mode0_last_f1": 0.0027931103278579505,
 "mode0_last_roc_auc": 0.5019853733333333,
 "mode0_last_acc": 0.5001666666666666
}