{
 "generalization_gap": 0.006153846153846121,
 "confidence_gap": 0.0064543937225470804,
 "top3_best_f1": 0.3178116517018167,
 "top3_best_roc_auc": 0.49515739644970413,
 "top3_best_acc": 0.49738461538461537,
 "mode0_best_f1": 0.044719035010297156,
 "mode0_best_roc_auc": 0.5004039763313609,
 "mode0_best_acc": 0.5004615384615385,
 "mode3_best_f1": 0.15695538057742783,
 "mode3_best_roc_auc": 0.508365775147929,
 "mode3_best_acc": 0.5058461538461538
}