{
 "generalization_gap": 0.006153846153846121,
 "confidence_gap": 0.0064543937225470804,
 "top3_last_f1": 0.24394742909845515,
 "top3_last_roc_auc": 0.49652648520710063,
 "top3_last_acc": 0.49553846153846154,
 "mode0_last_f1": 0.007931665649786456,
 "mode0_last_roc_auc": 0.5022710059171598,
 "mode0_last_acc": 0.4996923076923077,
 "mode3_last_f1": 0.0012285012285012285,
 "mode3_last_roc_auc": 0.5092065325443786,
 "mode3_last_acc": 0.4996923076923077
}