{
 "generalization_gap": 0.007599999999999996,
 "confidence_gap": 0.00756114170277683,
 "top3_best_f1": 0.26743555621272613,
 "top3_best_roc_auc": 0.50307798,
 "top3_best_acc": 0.5045666666666667,
 "mode0_best_f1": 0.1691940232183525,
 "mode0_best_roc_auc": 0.49966088444444445,
 "mode0_best_acc": 0.5014333333333333
}