{
 "generalization_gap": 0.061309090909090896,
 "confidence_gap": 0.05012894072369746,
 "top3_best_f1": 0.3721374490390216,
 "top3_best_roc_auc": 0.5147027114049587,
 "top3_best_acc": 0.5099818181818182,
 "mode0_best_f1": 0.5380504120547568,
 "mode0_best_roc_auc": 0.5177656495867768,
 "mode0_best_acc": 0.5128363636363636,
 "mode3_best_f1": 0.450060275929812,
 "mode3_best_roc_auc": 0.584982772892562,
 "mode3_best_acc": 0.5521090909090909
}