{
 "generalization_gap": 0.061309090909090896,
 "confidence_gap": 0.05012894072369746,
 "top3_last_f1": 0.3721374490390216,
 "top3_last_roc_auc": 0.5147027114049587,
 "top3_last_acc": 0.5099818181818182,
 "mode0_last_f1": 0.6170015195002533,
 "mode0_last_roc_auc": 0.5179257401652893,
 "mode0_last_acc": 0.5050545454545454,
 "mode3_last_f1": 0.4260023174971031,
 "mode3_last_roc_auc": 0.584789576198347,
 "mode3_last_acc": 0.5496727272727273
}