{
 "generalization_gap": 0.14769230769230768,
 "confidence_gap": 0.14760652884212377,
 "top3_best_f1": 0.6276876650320634,
 "top3_best_roc_auc": 0.5580486153846154,
 "top3_best_acc": 0.5444615384615384,
 "mode0_best_f1": 0.5136974929437158,
 "mode0_best_roc_auc": 0.5565251597633136,
 "mode0_best_acc": 0.5493846153846154
}