{
 "generalization_gap": 0.29366666666666663,
 "confidence_gap": 0.3614890683943336,
 "top3_best_f1": 0.796072186836518,
 "top3_best_roc_auc": 0.8902330755555555,
 "top3_best_acc": 0.7438666666666667,
 "mode0_best_f1": 0.8947606551443308,
 "mode0_best_roc_auc": 0.9128255155555557,
 "mode0_best_acc": 0.8837,
 "mode3_best_f1": 0.9183798711261123,
 "mode3_best_roc_auc": 0.92761686,
 "mode3_best_acc": 0.9113333333333333
}