{
 "generalization_gap": 0.29366666666666663,
 "confidence_gap": 0.3614890683943336,
 "top3_last_f1": 0.7355927215655501,
 "top3_last_roc_auc": 0.657762911111111,
 "top3_last_acc": 0.6406,
 "mode0_last_f1": 0.8570775472884165,
 "mode0_last_roc_auc": 0.866004091111111,
 "mode0_last_acc": 0.8332666666666667,
 "mode3_last_f1": 0.8962796952039445,
 "mode3_last_roc_auc": 0.9390761199999998,
 "mode3_last_acc": 0.8843
}