{
 "generalization_gap": 0.15323076923076928,
 "confidence_gap": 0.1518906058540076,
 "top3_best_f1": 0.6290950169448978,
 "top3_best_roc_auc": 0.5572416094674557,
 "top3_best_acc": 0.5453846153846154,
 "mode0_best_f1": 0.5434646654158849,
 "mode0_best_roc_auc": 0.557517775147929,
 "mode0_best_acc": 0.5507692307692308
}