{
 "generalization_gap": 0.15323076923076928,
 "confidence_gap": 0.1518906058540076,
 "top3_last_f1": 0.12436069986541051,
 "top3_last_roc_auc": 0.5559881183431953,
 "top3_last_acc": 0.49953846153846154,
 "mode0_last_f1": 0.5409990574929313,
 "mode0_last_roc_auc": 0.5569244023668639,
 "mode0_last_acc": 0.5504615384615384
}