{
 "generalization_gap": 0.11507692307692308,
 "confidence_gap": 0.13231513112655902,
 "top3_best_f1": 0.755726078362981,
 "top3_best_roc_auc": 0.7436942958579882,
 "top3_best_acc": 0.6767692307692308,
 "mode0_best_f1": 0.7840909090909091,
 "mode0_best_roc_auc": 0.7555731124260355,
 "mode0_best_acc": 0.7427692307692307,
 "mode3_best_f1": 0.7882615156017831,
 "mode3_best_roc_auc": 0.7818782011834319,
 "mode3_best_acc": 0.7369230769230769
}