{
 "generalization_gap": 0.11507692307692308,
 "confidence_gap": 0.13231513112655902,
 "top3_last_f1": 0.755726078362981,
 "top3_last_roc_auc": 0.7436942958579882,
 "top3_last_acc": 0.6767692307692308,
 "mode0_last_f1": 0.7685754850922859,
 "mode0_last_roc_auc": 0.7769549349112426,
 "mode0_last_acc": 0.699076923076923,
 "mode3_last_f1": 0.7882615156017831,
 "mode3_last_roc_auc": 0.7818782011834319,
 "mode3_last_acc": 0.7369230769230769
}