{
 "generalization_gap": 0.3106666666666667,
 "confidence_gap": 0.26820401067452454,
 "top3_best_f1": 0.5489172396043972,
 "top3_best_roc_auc": 0.6144481133333334,
 "top3_best_acc": 0.5910333333333333,
 "mode0_best_f1": 0.5777656266019617,
 "mode0_best_roc_auc": 0.6097605466666667,
 "mode0_best_acc": 0.5881666666666666
}