{
 "generalization_gap": 0.022999999999999993,
 "confidence_gap": 0.006265530806256962,
 "top3_best_f1": 0.03670315518351577,
 "top3_best_roc_auc": 0.5007560066666666,
 "top3_best_acc": 0.5013333333333333,
 "mode0_best_f1": 0.09128681412684835,
 "mode0_best_roc_auc": 0.4998490333333333,
 "mode0_best_acc": 0.5042666666666666
}