{
 "generalization_gap": 0.022999999999999993,
 "confidence_gap": 0.006265530806256962,
 "top3_last_f1": 0.00026663111585121987,
 "top3_last_roc_auc": 0.5028518377777778,
 "top3_last_acc": 0.5000666666666667,
 "mode0_last_f1": 0.003456068057955602,
 "mode0_last_roc_auc": 0.5020901155555556,
 "mode0_last_acc": 0.5002
}