{
 "generalization_gap": 0.22923076923076924,
 "confidence_gap": 0.1456540852790842,
 "top3_best_f1": 0.5220061412487206,
 "top3_best_roc_auc": 0.603196875739645,
 "top3_best_acc": 0.568923076923077,
 "mode0_best_f1": 0.20375611011062514,
 "mode0_best_roc_auc": 0.5545564023668639,
 "mode0_best_acc": 0.5238461538461539
}