{
 "generalization_gap": 0.22923076923076924,
 "confidence_gap": 0.1456540852790842,
 "top3_last_f1": 0.007350689127105667,
 "top3_last_roc_auc": 0.5858973254437869,
 "top3_last_acc": 0.5013846153846154,
 "mode0_last_f1": 0.18434145064152918,
 "mode0_last_roc_auc": 0.5528399526627219,
 "mode0_last_acc": 0.5207692307692308
}