{
 "generalization_gap": 0.06492307692307686,
 "confidence_gap": 0.017564439399597787,
 "top3_best_f1": 0.10645966176878294,
 "top3_best_roc_auc": 0.518026177514793,
 "top3_best_acc": 0.5041538461538462,
 "mode0_best_f1": 0.0018438844499078057,
 "mode0_best_roc_auc": 0.49225841420118344,
 "mode0_best_acc": 0.5003076923076923,
 "mode3_best_f1": 0.0006151953245155337,
 "mode3_best_roc_auc": 0.5382878106508876,
 "mode3_best_acc": 0.5001538461538462
}