{
 "generalization_gap": 0.06492307692307686,
 "confidence_gap": 0.017564439399597787,
 "top3_last_f1": 0.0842760180995475,
 "top3_last_roc_auc": 0.5177983431952662,
 "top3_last_acc": 0.5018461538461538,
 "mode0_last_f1": 0.013914095583787053,
 "mode0_last_roc_auc": 0.49847905325443786,
 "mode0_last_acc": 0.49846153846153846,
 "mode3_last_f1": 0.0006151953245155337,
 "mode3_last_roc_auc": 0.5382878106508876,
 "mode3_last_acc": 0.5001538461538462
}