{
 "generalization_gap": 0.04873333333333334,
 "confidence_gap": 0.011761869763990636,
 "top3_best_f1": 0.03236874474007898,
 "top3_best_roc_auc": 0.5053467822222222,
 "top3_best_acc": 0.5017666666666667,
 "mode0_best_f1": 0.10221980281860521,
 "mode0_best_roc_auc": 0.5095269844444446,
 "mode0_best_acc": 0.5052333333333333
}