{
 "generalization_gap": 0.04873333333333334,
 "confidence_gap": 0.011761869763990636,
 "top3_last_f1": 0.0002666133439978671,
 "top3_last_roc_auc": 0.5090656777777778,
 "top3_last_acc": 0.5000333333333333,
 "mode0_last_f1": 0.003851261620185923,
 "mode0_last_roc_auc": 0.5098682355555555,
 "mode0_last_acc": 0.49993333333333334
}