{
 "generalization_gap": 0.004327272727272728,
 "confidence_gap": 0.001876454525021113,
 "top3_best_f1": 0.5682103423623799,
 "top3_best_roc_auc": 0.5032461018181819,
 "top3_best_acc": 0.5058363636363636,
 "mode0_best_f1": 0.004922720527020668,
 "mode0_best_roc_auc": 0.4997757428099173,
 "mode0_best_acc": 0.5001636363636364
}