{
 "generalization_gap": 0.08606666666666668,
 "confidence_gap": 0.028287541257069573,
 "top3_best_f1": 0.0757424507112553,
 "top3_best_roc_auc": 0.5122751066666666,
 "top3_best_acc": 0.5062,
 "mode0_best_f1": 0.16344233293385838,
 "mode0_best_roc_auc": 0.5132381955555555,
 "mode0_best_acc": 0.5113666666666666
}