{
 "generalization_gap": 0.1418666666666667,
 "confidence_gap": 0.13773637364547398,
 "top3_best_f1": 0.602176894569436,
 "top3_best_roc_auc": 0.5587805422222223,
 "top3_best_acc": 0.5455666666666666,
 "mode0_best_f1": 0.5854503464203232,
 "mode0_best_roc_auc": 0.5582254022222222,
 "mode0_best_acc": 0.5452666666666667
}