{
 "generalization_gap": 0.0070666666666666655,
 "confidence_gap": 0.0011275688861186323,
 "top3_best_f1": 0.0,
 "top3_best_roc_auc": 0.4985813733333333,
 "top3_best_acc": 0.5,
 "mode0_best_f1": 0.00013332444503699753,
 "mode0_best_roc_auc": 0.4977605711111111,
 "mode0_best_acc": 0.5000333333333333,
 "mode3_best_f1": 0.0,
 "mode3_best_roc_auc": 0.5049916222222222,
 "mode3_best_acc": 0.5
}