{
 "generalization_gap": 0.002866666666666684,
 "confidence_gap": 0.0012022900439485062,
 "top3_best_f1": 0.3528077141236529,
 "top3_best_roc_auc": 0.50455182,
 "top3_best_acc": 0.5055666666666667,
 "mode0_best_f1": 0.19135802469135801,
 "mode0_best_roc_auc": 0.5004515822222222,
 "mode0_best_acc": 0.5022,
 "mode3_best_f1": 0.05461999369284137,
 "mode3_best_roc_auc": 0.5008238822222223,
 "mode3_best_acc": 0.5003666666666666
}