{
 "generalization_gap": 0.04890909090909093,
 "confidence_gap": 0.037300807831779484,
 "top3_best_f1": 0.2578317205182876,
 "top3_best_roc_auc": 0.5081061117355372,
 "top3_best_acc": 0.5063636363636363,
 "mode0_best_f1": 0.4345870035949293,
 "mode0_best_roc_auc": 0.5111410479338843,
 "mode0_best_acc": 0.511,
 "mode3_best_f1": 0.4032597141844809,
 "mode3_best_roc_auc": 0.5718161507438015,
 "mode3_best_acc": 0.5406727272727273
}