{
 "generalization_gap": 0.04890909090909093,
 "confidence_gap": 0.037300807831779484,
 "top3_last_f1": 0.34276592657088956,
 "top3_last_roc_auc": 0.5091862829752065,
 "top3_last_acc": 0.5059272727272728,
 "mode0_last_f1": 0.6043785903427918,
 "mode0_last_roc_auc": 0.511248292892562,
 "mode0_last_acc": 0.502890909090909,
 "mode3_last_f1": 0.4032597141844809,
 "mode3_last_roc_auc": 0.5718161507438015,
 "mode3_last_acc": 0.5406727272727273
}