{
 "generalization_gap": 0.07533333333333325,
 "confidence_gap": 0.07251417697636553,
 "top3_last_f1": 0.5974199288256228,
 "top3_last_roc_auc": 0.5293489422222223,
 "top3_last_acc": 0.5173333333333333,
 "mode0_last_f1": 0.5374429371580276,
 "mode0_last_roc_auc": 0.5272280711111111,
 "mode0_last_acc": 0.5237666666666667
}