{
 "generalization_gap": -0.00029090909090909167,
 "confidence_gap": 0.00021066614921258758,
 "top3_best_f1": 0.20799907658567554,
 "top3_best_roc_auc": 0.5014609791735537,
 "top3_best_acc": 0.5009818181818182,
 "mode0_best_f1": 0.00014544396771143918,
 "mode0_best_roc_auc": 0.499646825785124,
 "mode0_best_acc": 0.5000363636363636
}