{
 "generalization_gap": 0.013466666666666655,
 "confidence_gap": 0.0053899025328302125,
 "top3_best_f1": 0.030833009457183577,
 "top3_best_roc_auc": 0.5057029577777777,
 "top3_best_acc": 0.5012666666666666,
 "mode0_best_f1": 0.09261059795819154,
 "mode0_best_roc_auc": 0.5074250199999999,
 "mode0_best_acc": 0.5022666666666666
}