{
 "generalization_gap": 0.013466666666666655,
 "confidence_gap": 0.0053899025328302125,
 "top3_last_f1": 0.0006663113006396588,
 "top3_last_roc_auc": 0.50323692,
 "top3_last_acc": 0.5000666666666667,
 "mode0_last_f1": 0.0070259163518260745,
 "mode0_last_roc_auc": 0.5048828888888889,
 "mode0_last_acc": 0.5006333333333334
}