{
 "generalization_gap": 0.1812666666666667,
 "confidence_gap": 0.1647889527305677,
 "top3_best_f1": 0.6207405657591685,
 "top3_best_roc_auc": 0.5893010266666666,
 "top3_best_acc": 0.5718666666666666,
 "mode0_best_f1": 0.550231305668715,
 "mode0_best_roc_auc": 0.5860708644444445,
 "mode0_best_acc": 0.5657333333333333
}