{
 "generalization_gap": 0.1812666666666667,
 "confidence_gap": 0.1647889527305677,
 "top3_last_f1": 0.5766468832999968,
 "top3_last_roc_auc": 0.5889295555555556,
 "top3_last_acc": 0.5696333333333333,
 "mode0_last_f1": 0.43787620905807634,
 "mode0_last_roc_auc": 0.5863435044444445,
 "mode0_last_acc": 0.5486333333333333
}