{
 "generalization_gap": 0.16646153846153844,
 "confidence_gap": 0.16941809236467664,
 "top3_best_f1": 0.6654298082869511,
 "top3_best_roc_auc": 0.6033154556213018,
 "top3_best_acc": 0.5838461538461538,
 "mode0_best_f1": 0.6015659624759936,
 "mode0_best_roc_auc": 0.6045518106508876,
 "mode0_best_acc": 0.585076923076923
}