{
 "generalization_gap": 0.16646153846153844,
 "confidence_gap": 0.16941809236467664,
 "top3_last_f1": 0.6733094491715181,
 "top3_last_roc_auc": 0.610468402366864,
 "top3_last_acc": 0.5510769230769231,
 "mode0_last_f1": 0.4775956284153005,
 "mode0_last_roc_auc": 0.5957145088757396,
 "mode0_last_acc": 0.5587692307692308
}