{
 "generalization_gap": 0.19556363636363638,
 "confidence_gap": 0.13295988680777895,
 "top3_best_f1": 0.5041236098809172,
 "top3_best_roc_auc": 0.5509063814876034,
 "top3_best_acc": 0.5419454545454545,
 "mode0_best_f1": 0.33753722646639905,
 "mode0_best_roc_auc": 0.5504724033057852,
 "mode0_best_acc": 0.5348909090909091,
 "mode3_best_f1": 0.09917743830787308,
 "mode3_best_roc_auc": 0.650937494214876,
 "mode3_best_acc": 0.5121636363636364
}