{
 "generalization_gap": 0.19556363636363638,
 "confidence_gap": 0.13295988680777895,
 "top3_last_f1": 0.42749405503340504,
 "top3_last_roc_auc": 0.5420673646280991,
 "top3_last_acc": 0.5403818181818182,
 "mode0_last_f1": 0.185901780762832,
 "mode0_last_roc_auc": 0.5244991319008265,
 "mode0_last_acc": 0.5195636363636363,
 "mode3_last_f1": 0.05104538144185721,
 "mode3_last_roc_auc": 0.6382623636363636,
 "mode3_last_acc": 0.5065090909090909
}