{
 "generalization_gap": 0.013066666666666671,
 "confidence_gap": 0.00414622355731311,
 "top3_best_f1": 0.01732283464566929,
 "top3_best_roc_auc": 0.5021980044444445,
 "top3_best_acc": 0.5008,
 "mode0_best_f1": 0.06844201095072176,
 "mode0_best_roc_auc": 0.5007649466666667,
 "mode0_best_acc": 0.5009333333333333
}