{
 "generalization_gap": 0.013066666666666671,
 "confidence_gap": 0.00414622355731311,
 "top3_last_f1": 0.00039989336177019465,
 "top3_last_roc_auc": 0.5029469111111111,
 "top3_last_acc": 0.5000666666666667,
 "mode0_last_f1": 0.0021292168474283052,
 "mode0_last_roc_auc": 0.5009284311111111,
 "mode0_last_acc": 0.5001
}