{
 "generalization_gap": 0.036933333333333374,
 "confidence_gap": 0.03374482435722026,
 "top3_best_f1": 0.5963835616438358,
 "top3_best_roc_auc": 0.5107233288888888,
 "top3_best_acc": 0.5089333333333333,
 "mode0_best_f1": 0.47861435136090485,
 "mode0_best_roc_auc": 0.5097437555555555,
 "mode0_best_acc": 0.5083333333333333
}