{
 "generalization_gap": 0.036933333333333374,
 "confidence_gap": 0.03374482435722026,
 "top3_last_f1": 0.567466948084308,
 "top3_last_roc_auc": 0.5103847133333332,
 "top3_last_acc": 0.5081666666666667,
 "mode0_last_f1": 0.48314410480349346,
 "mode0_last_roc_auc": 0.5095061488888889,
 "mode0_last_acc": 0.5068333333333334
}