{
 "generalization_gap": 0.0009333333333333416,
 "confidence_gap": -0.00022028872333201832,
 "top3_best_f1": 0.1986058981233244,
 "top3_best_roc_auc": 0.49943848666666657,
 "top3_best_acc": 0.5018,
 "mode0_best_f1": 0.04125824844640912,
 "mode0_best_roc_auc": 0.5019602822222222,
 "mode0_best_acc": 0.5011666666666666,
 "mode3_best_f1": 0.026893594907106664,
 "mode3_best_roc_auc": 0.5006951355555556,
 "mode3_best_acc": 0.5006666666666667
}