{
 "generalization_gap": 0.0009333333333333416,
 "confidence_gap": -0.00022028872333201832,
 "top3_last_f1": 0.34092804776329083,
 "top3_last_roc_auc": 0.4992158688888889,
 "top3_last_acc": 0.49956666666666666,
 "mode0_last_f1": 0.05319686631286328,
 "mode0_last_roc_auc": 0.50144158,
 "mode0_last_acc": 0.5004666666666666,
 "mode3_last_f1": 0.013149243918474688,
 "mode3_last_roc_auc": 0.5004517555555557,
 "mode3_last_acc": 0.49966666666666665
}