{
 "generalization_gap": 0.10984615384615382,
 "confidence_gap": 0.1258523824454253,
 "top3_best_f1": 0.7530992932452786,
 "top3_best_roc_auc": 0.7459665325443787,
 "top3_best_acc": 0.6721538461538461,
 "mode0_best_f1": 0.7916292206958531,
 "mode0_best_roc_auc": 0.7615333491124262,
 "mode0_best_acc": 0.7503076923076923,
 "mode3_best_f1": 0.8041755753993209,
 "mode3_best_roc_auc": 0.8018284970414202,
 "mode3_best_acc": 0.7604615384615384
}