{
 "generalization_gap": 0.029538461538461513,
 "confidence_gap": 0.02839098405536339,
 "top3_best_f1": 0.5157671315949061,
 "top3_best_roc_auc": 0.5089319763313609,
 "top3_best_acc": 0.5086153846153846,
 "mode0_best_f1": 0.45054945054945056,
 "mode0_best_roc_auc": 0.5050650887573964,
 "mode0_best_acc": 0.5076923076923077,
 "mode3_best_f1": 0.5769386378961564,
 "mode3_best_roc_auc": 0.5216307218934911,
 "mode3_best_acc": 0.5173846153846153
}