{
 "generalization_gap": 0.029538461538461513,
 "confidence_gap": 0.02839098405536339,
 "top3_last_f1": 0.13842864778193478,
 "top3_last_roc_auc": 0.5079966390532544,
 "top3_last_acc": 0.504,
 "mode0_last_f1": 0.12279271936973647,
 "mode0_last_roc_auc": 0.4979308875739645,
 "mode0_last_acc": 0.5032307692307693,
 "mode3_last_f1": 0.11427009294696554,
 "mode3_last_roc_auc": 0.5231313136094674,
 "mode3_last_acc": 0.5015384615384615
}