{
 "generalization_gap": 0.032333333333333325,
 "confidence_gap": 0.02460729303638237,
 "top3_best_f1": 0.13406070454413557,
 "top3_best_roc_auc": 0.5010340533333333,
 "top3_best_acc": 0.5026333333333334,
 "mode0_best_f1": 0.09945217024863043,
 "mode0_best_roc_auc": 0.49805634,
 "mode0_best_acc": 0.5013666666666666
}