{
 "generalization_gap": 0.032333333333333325,
 "confidence_gap": 0.02460729303638237,
 "top3_last_f1": 0.2839500263271265,
 "top3_last_roc_auc": 0.5011177755555556,
 "top3_last_acc": 0.5013666666666666,
 "mode0_last_f1": 0.10730893048765948,
 "mode0_last_roc_auc": 0.4995641288888889,
 "mode0_last_acc": 0.5008666666666667
}