{
 "generalization_gap": 0.09586666666666671,
 "confidence_gap": 0.07125982119901353,
 "top3_last_f1": 0.22812203103557482,
 "top3_last_roc_auc": 0.5227781777777778,
 "top3_last_acc": 0.5125333333333333,
 "mode0_last_f1": 0.30297513534230824,
 "mode0_last_roc_auc": 0.5219238088888889,
 "mode0_last_acc": 0.5150333333333333
}