{
 "generalization_gap": 0.3181333333333334,
 "confidence_gap": 0.27026416534975034,
 "top3_best_f1": 0.5950884086444008,
 "top3_best_roc_auc": 0.6154520911111112,
 "top3_best_acc": 0.5878,
 "mode0_best_f1": 0.5465988510373596,
 "mode0_best_roc_auc": 0.6120293733333333,
 "mode0_best_acc": 0.5869666666666666
}