{
 "generalization_gap": 0.1519333333333333,
 "confidence_gap": 0.1780656119207778,
 "top3_best_f1": 0.5501613091304854,
 "top3_best_roc_auc": 0.6332796644444443,
 "top3_best_acc": 0.6142333333333333,
 "mode0_best_f1": 0.5153540175019888,
 "mode0_best_roc_auc": 0.5847464866666667,
 "mode0_best_acc": 0.5938666666666667,
 "mode3_best_f1": 0.18272811918063317,
 "mode3_best_roc_auc": 0.5519520622222223,
 "mode3_best_acc": 0.5318666666666667
}