{
 "generalization_gap": 0.1519333333333333,
 "confidence_gap": 0.1780656119207778,
 "top3_last_f1": 0.5238696023767857,
 "top3_last_roc_auc": 0.6195760466666667,
 "top3_last_acc": 0.6100333333333333,
 "mode0_last_f1": 0.1929278967979728,
 "mode0_last_roc_auc": 0.5952516666666666,
 "mode0_last_acc": 0.5328666666666667,
 "mode3_last_f1": 0.00013332444503699753,
 "mode3_last_roc_auc": 0.6063677911111112,
 "mode3_last_acc": 0.5000333333333333
}