{
 "generalization_gap": 0.6412727272727272,
 "confidence_gap": 0.6715974872937054,
 "top3_best_f1": 0.8420571589271276,
 "top3_best_roc_auc": 0.8569875980165289,
 "top3_best_acc": 0.8366181818181818,
 "mode0_best_f1": 0.8386808951068917,
 "mode0_best_roc_auc": 0.879645041322314,
 "mode0_best_acc": 0.8356363636363636,
 "mode3_best_f1": 0.8756494394312277,
 "mode3_best_roc_auc": 0.922772028429752,
 "mode3_best_acc": 0.8677090909090909
}