{
 "generalization_gap": -0.0005818181818181799,
 "confidence_gap": 0.0005544345555083454,
 "top3_best_f1": 0.549961448234001,
 "top3_best_roc_auc": 0.49978011371900827,
 "top3_best_acc": 0.5012181818181818,
 "mode0_best_f1": 0.032045638623798285,
 "mode0_best_roc_auc": 0.4979585223140496,
 "mode0_best_acc": 0.5002363636363636
}