{
 "generalization_gap": 0.00043636363636363664,
 "confidence_gap": -7.259099596462933e-06,
 "top3_best_f1": 0.014053705230703041,
 "top3_best_roc_auc": 0.49968174545454547,
 "top3_best_acc": 0.4999818181818182,
 "mode0_best_f1": 0.39210392369486796,
 "mode0_best_roc_auc": 0.4985409209917356,
 "mode0_best_acc": 0.5005636363636363,
 "mode3_best_f1": 0.0006541886243866982,
 "mode3_best_roc_auc": 0.49831949355371896,
 "mode3_best_acc": 0.5000545454545454
}