{
 "generalization_gap": 0.00043636363636363664,
 "confidence_gap": -7.259099596462933e-06,
 "top3_last_f1": 0.014119333452786239,
 "top3_last_roc_auc": 0.4989530876033058,
 "top3_last_acc": 0.4998,
 "mode0_last_f1": 0.01518679035782084,
 "mode0_last_roc_auc": 0.49817296528925614,
 "mode0_last_acc": 0.5000909090909091,
 "mode3_last_f1": 0.0026829091436444056,
 "mode3_last_roc_auc": 0.49884560132231404,
 "mode3_last_acc": 0.49985454545454544
}