{
 "generalization_gap": 0.22989090909090915,
 "confidence_gap": 0.19086438617962462,
 "top3_best_f1": 0.48747611749144426,
 "top3_best_roc_auc": 0.5739014380165289,
 "top3_best_acc": 0.5561636363636364,
 "mode0_best_f1": 0.3900134622445233,
 "mode0_best_roc_auc": 0.5698966902479339,
 "mode0_best_acc": 0.5468909090909091,
 "mode3_best_f1": 0.667094925137125,
 "mode3_best_roc_auc": 0.6789611087603306,
 "mode3_best_acc": 0.6325272727272727
}