{
 "generalization_gap": 0.22989090909090915,
 "confidence_gap": 0.19086438617962462,
 "top3_last_f1": 0.5212724281125127,
 "top3_last_roc_auc": 0.574369307107438,
 "top3_last_acc": 0.5556363636363636,
 "mode0_last_f1": 0.6537794752140986,
 "mode0_last_roc_auc": 0.5743614280991736,
 "mode0_last_acc": 0.5170727272727272,
 "mode3_last_f1": 0.6464339908952959,
 "mode3_last_roc_auc": 0.6787694783471074,
 "mode3_last_acc": 0.6314363636363637
}