{
 "generalization_gap": 0.009199999999999986,
 "confidence_gap": 0.004364450070483139,
 "top3_best_f1": 0.053777693618632834,
 "top3_best_roc_auc": 0.49949312,
 "top3_best_acc": 0.5003,
 "mode0_best_f1": 0.010301109350237718,
 "mode0_best_roc_auc": 0.4984542711111111,
 "mode0_best_acc": 0.5004,
 "mode3_best_f1": 0.03826399589111454,
 "mode3_best_roc_auc": 0.5064615644444445,
 "mode3_best_acc": 0.5006666666666667
}