{
 "generalization_gap": 0.009199999999999986,
 "confidence_gap": 0.004364450070483139,
 "top3_last_f1": 0.03906500160102465,
 "top3_last_roc_auc": 0.5001833,
 "top3_last_acc": 0.49983333333333335,
 "mode0_last_f1": 0.0009323388385721897,
 "mode0_last_roc_auc": 0.49826627333333334,
 "mode0_last_acc": 0.49993333333333334,
 "mode3_last_f1": 0.0002665778073975342,
 "mode3_last_roc_auc": 0.5070045377777778,
 "mode3_last_acc": 0.49996666666666667
}