{
 "generalization_gap": -0.001230769230769202,
 "confidence_gap": 0.0054922708243203,
 "top3_best_f1": 0.2981173864894795,
 "top3_best_roc_auc": 0.5106002366863905,
 "top3_best_acc": 0.5124615384615384,
 "mode0_best_f1": 0.2587202587202587,
 "mode0_best_roc_auc": 0.5117906745562131,
 "mode0_best_acc": 0.5063076923076923,
 "mode3_best_f1": 0.0643291799478412,
 "mode3_best_roc_auc": 0.49781055621301773,
 "mode3_best_acc": 0.5032307692307693
}