{
 "generalization_gap": 0.004615384615384632,
 "confidence_gap": 0.004382168511721074,
 "top3_best_f1": 0.3758493496408465,
 "top3_best_roc_auc": 0.49703640236686386,
 "top3_best_acc": 0.5053846153846154,
 "mode0_best_f1": 0.028759736369083286,
 "mode0_best_roc_auc": 0.5008151479289942,
 "mode0_best_acc": 0.5012307692307693
}