{
 "generalization_gap": 0.01313333333333333,
 "confidence_gap": 0.012088660436973986,
 "top3_best_f1": 0.44261246000376436,
 "top3_best_roc_auc": 0.5099490733333333,
 "top3_best_acc": 0.5064333333333333,
 "mode0_best_f1": 0.4099984028110525,
 "mode0_best_roc_auc": 0.5092965844444444,
 "mode0_best_acc": 0.5074666666666666
}