{
 "generalization_gap": 0.01313333333333333,
 "confidence_gap": 0.012088660436973986,
 "top3_last_f1": 0.4834774121583937,
 "top3_last_roc_auc": 0.5093022288888889,
 "top3_last_acc": 0.5060666666666667,
 "mode0_last_f1": 0.3413702766307002,
 "mode0_last_roc_auc": 0.5087406311111111,
 "mode0_last_acc": 0.5055666666666667
}