{
 "generalization_gap": 0.15800000000000003,
 "confidence_gap": 0.15408809229124976,
 "top3_best_f1": 0.6151803751803753,
 "top3_best_roc_auc": 0.5739601177777778,
 "top3_best_acc": 0.5555333333333333,
 "mode0_best_f1": 0.6075095422670651,
 "mode0_best_roc_auc": 0.5730159088888889,
 "mode0_best_acc": 0.5578333333333333
}