{
 "generalization_gap": -0.004333333333333328,
 "confidence_gap": -0.000278560687212423,
 "top3_best_f1": 0.11516337543734805,
 "top3_best_roc_auc": 0.5061009711111112,
 "top3_best_acc": 0.5026333333333334,
 "mode0_best_f1": 0.06318028274740398,
 "mode0_best_roc_auc": 0.5030839844444445,
 "mode0_best_acc": 0.5008,
 "mode3_best_f1": 0.006633059166887769,
 "mode3_best_roc_auc": 0.49791749999999996,
 "mode3_best_acc": 0.5008
}