{
 "generalization_gap": 0.06092307692307691,
 "confidence_gap": 0.045234882524796016,
 "top3_last_f1": 0.2971852498363517,
 "top3_last_roc_auc": 0.5091815384615385,
 "top3_last_acc": 0.5044615384615385,
 "mode0_last_f1": 0.0,
 "mode0_last_roc_auc": 0.4958522130177515,
 "mode0_last_acc": 0.49953846153846154,
 "mode3_last_f1": 0.0,
 "mode3_last_roc_auc": 0.5322880946745563,
 "mode3_last_acc": 0.49984615384615383
}