{
 "generalization_gap": 0.22353333333333336,
 "confidence_gap": 0.22914773940806532,
 "top3_best_f1": 0.7131143232588699,
 "top3_best_roc_auc": 0.6403937933333332,
 "top3_best_acc": 0.6361333333333333,
 "mode0_best_f1": 0.7043028146230993,
 "mode0_best_roc_auc": 0.6582772822222223,
 "mode0_best_acc": 0.6344,
 "mode3_best_f1": 0.7326790450928382,
 "mode3_best_roc_auc": 0.6826800711111112,
 "mode3_best_acc": 0.6640666666666667
}