{
 "generalization_gap": 0.4684666666666666,
 "confidence_gap": 0.5222498813081697,
 "top3_best_f1": 0.820046580800853,
 "top3_best_roc_auc": 0.866581888888889,
 "top3_best_acc": 0.7862333333333333,
 "mode0_best_f1": 0.8312873502310931,
 "mode0_best_roc_auc": 0.8669626822222222,
 "mode0_best_acc": 0.8089666666666666
}