{
 "generalization_gap": 0.14039999999999997,
 "confidence_gap": 0.07104469976147326,
 "top3_last_f1": 0.0887801895444818,
 "top3_last_roc_auc": 0.524821628888889,
 "top3_last_acc": 0.5032333333333333,
 "mode0_last_f1": 0.1255441816684316,
 "mode0_last_roc_auc": 0.5202584977777778,
 "mode0_last_acc": 0.5045333333333333,
 "mode3_last_f1": 0.07064100168192862,
 "mode3_last_roc_auc": 0.5891868555555555,
 "mode3_last_acc": 0.5027
}