{
 "generalization_gap": 0.23873333333333335,
 "confidence_gap": 0.1945153864444672,
 "top3_last_f1": 0.336148241084785,
 "top3_last_roc_auc": 0.5677856022222222,
 "top3_last_acc": 0.5414333333333333,
 "mode0_last_f1": 0.40282436010591355,
 "mode0_last_roc_auc": 0.5663680844444444,
 "mode0_last_acc": 0.5489333333333334
}