{
 "generalization_gap": 0.2327333333333333,
 "confidence_gap": 0.18971365706234886,
 "top3_best_f1": 0.5184759166067577,
 "top3_best_roc_auc": 0.5685191933333333,
 "top3_best_acc": 0.5534666666666667,
 "mode0_best_f1": 0.49970317601662223,
 "mode0_best_roc_auc": 0.5636426,
 "mode0_best_acc": 0.5505333333333333
}