{
 "generalization_gap": 0.013399999999999995,
 "confidence_gap": 0.0020100872519674684,
 "top3_best_f1": 0.09325985587113184,
 "top3_best_roc_auc": 0.5013825355555556,
 "top3_best_acc": 0.5009,
 "mode0_best_f1": 0.102447216890595,
 "mode0_best_roc_auc": 0.5004048466666666,
 "mode0_best_acc": 0.5012,
 "mode3_best_f1": 0.003323363243602526,
 "mode3_best_roc_auc": 0.5109014155555557,
 "mode3_best_acc": 0.5001666666666666
}