{
 "generalization_gap": 0.013399999999999995,
 "confidence_gap": 0.0020100872519674684,
 "top3_last_f1": 0.0743623000432339,
 "top3_last_roc_auc": 0.5019852111111112,
 "top3_last_acc": 0.5004333333333333,
 "mode0_last_f1": 0.006228465412138882,
 "mode0_last_roc_auc": 0.4993860422222222,
 "mode0_last_acc": 0.5000666666666667,
 "mode3_last_f1": 0.0,
 "mode3_last_roc_auc": 0.5092666066666667,
 "mode3_last_acc": 0.5
}