{
 "generalization_gap": 0.0040000000000000036,
 "confidence_gap": 0.00036698681245056486,
 "top3_best_f1": 0.004898958971218616,
 "top3_best_roc_auc": 0.4989752899408284,
 "top3_best_acc": 0.5,
 "mode0_best_f1": 0.0036809815950920245,
 "mode0_best_roc_auc": 0.5045277159763314,
 "mode0_best_acc": 0.5003076923076923
}