{
 "generalization_gap": 0.21466666666666667,
 "confidence_gap": 0.18518884424813575,
 "top3_best_f1": 0.45884725777674346,
 "top3_best_roc_auc": 0.54398518,
 "top3_best_acc": 0.5349333333333334,
 "mode0_best_f1": 0.48845006078915376,
 "mode0_best_roc_auc": 0.5484258133333333,
 "mode0_best_acc": 0.5371666666666667,
 "mode3_best_f1": 0.6860066430943963,
 "mode3_best_roc_auc": 0.6435001266666667,
 "mode3_best_acc": 0.6092666666666666
}