{
 "generalization_gap": 0.0015636363636363643,
 "confidence_gap": 0.00016277801667204366,
 "top3_best_f1": 0.5525207318678426,
 "top3_best_roc_auc": 0.5041599160330579,
 "top3_best_acc": 0.5055272727272727,
 "mode0_best_f1": 7.272462819533835e-05,
 "mode0_best_roc_auc": 0.5007408813223141,
 "mode0_best_acc": 0.5000181818181818
}