{
 "generalization_gap": 0.0719333333333333,
 "confidence_gap": 0.08550705136638093,
 "top3_best_f1": 0.7245368693089873,
 "top3_best_roc_auc": 0.690748468888889,
 "top3_best_acc": 0.6198333333333333,
 "mode0_best_f1": 0.737044544934768,
 "mode0_best_roc_auc": 0.6849498333333334,
 "mode0_best_acc": 0.6627333333333333,
 "mode3_best_f1": 0.7344764803391396,
 "mode3_best_roc_auc": 0.7033715666666667,
 "mode3_best_acc": 0.6743
}