{
 "generalization_gap": 0.1129230769230769,
 "confidence_gap": 0.10985813557089141,
 "top3_best_f1": 0.5875386892746602,
 "top3_best_roc_auc": 0.5343914792899409,
 "top3_best_acc": 0.5284615384615384,
 "mode0_best_f1": 0.4661522272886707,
 "mode0_best_roc_auc": 0.5350904615384615,
 "mode0_best_acc": 0.5316923076923077
}