{
 "generalization_gap": 0.1129230769230769,
 "confidence_gap": 0.10985813557089141,
 "top3_last_f1": 0.11071720752658848,
 "top3_last_roc_auc": 0.5346304378698226,
 "top3_last_acc": 0.4983076923076923,
 "mode0_last_f1": 0.4661522272886707,
 "mode0_last_roc_auc": 0.5350904615384615,
 "mode0_last_acc": 0.5316923076923077
}