{
 "generalization_gap": 0.6125818181818181,
 "confidence_gap": 0.6226117982822749,
 "top3_last_f1": 0.7983006844465423,
 "top3_last_roc_auc": 0.769798398677686,
 "top3_last_acc": 0.7669272727272727,
 "mode0_last_f1": 0.7486932046642543,
 "mode0_last_roc_auc": 0.7959408892561984,
 "mode0_last_acc": 0.7727272727272727,
 "mode3_last_f1": 0.1768394786091867,
 "mode3_last_roc_auc": 0.8964422023140497,
 "mode3_last_acc": 0.5441636363636364
}