{
 "generalization_gap": 0.4192666666666667,
 "confidence_gap": 0.47474742449791074,
 "top3_last_f1": 0.7829688448043897,
 "top3_last_roc_auc": 0.7392078111111111,
 "top3_last_acc": 0.7257666666666667,
 "mode0_last_f1": 0.8179026387625112,
 "mode0_last_roc_auc": 0.8124104977777777,
 "mode0_last_acc": 0.7865333333333333,
 "mode3_last_f1": 0.452226874762086,
 "mode3_last_roc_auc": 0.8596971155555555,
 "mode3_last_acc": 0.6162666666666666
}