{
 "generalization_gap": 0.1392,
 "confidence_gap": 0.1060324100550446,
 "top3_best_f1": 0.44443967275772484,
 "top3_best_roc_auc": 0.5387218889256198,
 "top3_best_acc": 0.5295818181818182,
 "mode0_best_f1": 0.506455042527339,
 "mode0_best_roc_auc": 0.5402039887603306,
 "mode0_best_acc": 0.5273454545454546,
 "mode3_best_f1": 0.5878763222131814,
 "mode3_best_roc_auc": 0.6290997566942149,
 "mode3_best_acc": 0.5948
}