{
 "generalization_gap": 0.1392,
 "confidence_gap": 0.1060324100550446,
 "top3_last_f1": 0.4496631458142945,
 "top3_last_roc_auc": 0.5395564819834711,
 "top3_last_acc": 0.5291818181818182,
 "mode0_last_f1": 0.63671800979941,
 "mode0_last_roc_auc": 0.5415856680991735,
 "mode0_last_acc": 0.512,
 "mode3_last_f1": 0.5404999594188784,
 "mode3_last_roc_auc": 0.6321255147107437,
 "mode3_last_acc": 0.5882545454545455
}