{
 "generalization_gap": 0.1867692307692308,
 "confidence_gap": 0.1915670546549959,
 "top3_best_f1": 0.7078935291418081,
 "top3_best_roc_auc": 0.6684401420118343,
 "top3_best_acc": 0.6083076923076923,
 "mode0_best_f1": 0.6990368122443594,
 "mode0_best_roc_auc": 0.6768025562130178,
 "mode0_best_acc": 0.6490769230769231
}