{
 "generalization_gap": 0.1867692307692308,
 "confidence_gap": 0.1915670546549959,
 "top3_last_f1": 0.6900432900432901,
 "top3_last_roc_auc": 0.671860402366864,
 "top3_last_acc": 0.5593846153846154,
 "mode0_last_f1": 0.6094879044926169,
 "mode0_last_roc_auc": 0.6686881420118344,
 "mode0_last_acc": 0.6175384615384616
}