{
 "generalization_gap": 0.04093333333333332,
 "confidence_gap": 0.03253619066116564,
 "top3_last_f1": 0.28512257380917977,
 "top3_last_roc_auc": 0.507054208888889,
 "top3_last_acc": 0.5052333333333333,
 "mode0_last_f1": 0.1233785290837589,
 "mode0_last_roc_auc": 0.5062519022222223,
 "mode0_last_acc": 0.5021666666666667
}