{
 "generalization_gap": 0.006799999999999973,
 "confidence_gap": 0.007407082875638182,
 "top3_best_f1": 0.38058865042135415,
 "top3_best_roc_auc": 0.50593154,
 "top3_best_acc": 0.5026333333333334,
 "mode0_best_f1": 0.2235061419945867,
 "mode0_best_roc_auc": 0.5051038177777778,
 "mode0_best_acc": 0.5027333333333334
}