{
 "generalization_gap": 0.006799999999999973,
 "confidence_gap": 0.007407082875638182,
 "top3_last_f1": 0.2870100730414856,
 "top3_last_roc_auc": 0.5056936222222221,
 "top3_last_acc": 0.5021666666666667,
 "mode0_last_f1": 0.12654985738401536,
 "mode0_last_roc_auc": 0.50573924,
 "mode0_last_acc": 0.49983333333333335
}