{
 "generalization_gap": 0.23953333333333326,
 "confidence_gap": 0.19791583760535553,
 "top3_last_f1": 0.5698312868124189,
 "top3_last_roc_auc": 0.5806669822222221,
 "top3_last_acc": 0.5691,
 "mode0_last_f1": 0.4827126617012936,
 "mode0_last_roc_auc": 0.5800106644444445,
 "mode0_last_acc": 0.5601333333333334,
 "mode3_last_f1": 0.18721821460775476,
 "mode3_last_roc_auc": 0.646002168888889,
 "mode3_last_acc": 0.5192666666666667
}