{
 "generalization_gap": 0.1129230769230769,
 "confidence_gap": 0.12779631787056334,
 "top3_best_f1": 0.7195040956386982,
 "top3_best_roc_auc": 0.7326327573964498,
 "top3_best_acc": 0.6101538461538462,
 "mode0_best_f1": 0.7808219178082192,
 "mode0_best_roc_auc": 0.7478756923076925,
 "mode0_best_acc": 0.7390769230769231,
 "mode3_best_f1": 0.7963518240879561,
 "mode3_best_roc_auc": 0.7626208284023669,
 "mode3_best_acc": 0.7492307692307693
}