{
 "generalization_gap": 0.1129230769230769,
 "confidence_gap": 0.12779631787056334,
 "top3_last_f1": 0.6958569746279842,
 "top3_last_roc_auc": 0.7419279053254437,
 "top3_last_acc": 0.562923076923077,
 "mode0_last_f1": 0.7674308674072323,
 "mode0_last_roc_auc": 0.7676383905325442,
 "mode0_last_acc": 0.6972307692307692,
 "mode3_last_f1": 0.784503631961259,
 "mode3_last_roc_auc": 0.7764317633136096,
 "mode3_last_acc": 0.7261538461538461
}