{
 "generalization_gap": 0.055384615384615365,
 "confidence_gap": 0.048972806791074186,
 "top3_best_f1": 0.4041955422363739,
 "top3_best_roc_auc": 0.5133669585798817,
 "top3_best_acc": 0.5106153846153846,
 "mode0_best_f1": 0.09635854341736694,
 "mode0_best_roc_auc": 0.5015766153846153,
 "mode0_best_acc": 0.5036923076923077
}