{
 "generalization_gap": 0.055384615384615365,
 "confidence_gap": 0.048972806791074186,
 "top3_last_f1": 0.5481272084805654,
 "top3_last_roc_auc": 0.5179692781065088,
 "top3_last_acc": 0.5081538461538462,
 "mode0_last_f1": 0.09635854341736694,
 "mode0_last_roc_auc": 0.5015766153846153,
 "mode0_last_acc": 0.5036923076923077
}