{
 "generalization_gap": -0.003933333333333344,
 "confidence_gap": -0.0005792958374619059,
 "top3_last_f1": 0.14265253509023204,
 "top3_last_roc_auc": 0.5023822555555556,
 "top3_last_acc": 0.5011666666666666,
 "mode0_last_f1": 0.0738492038907131,
 "mode0_last_roc_auc": 0.49904491333333334,
 "mode0_last_acc": 0.5017,
 "mode3_last_f1": 0.017059248080834588,
 "mode3_last_roc_auc": 0.49668352000000004,
 "mode3_last_acc": 0.5006333333333334
}