{
 "generalization_gap": 0.18399999999999994,
 "confidence_gap": 0.18389188063912643,
 "top3_best_f1": 0.6482775530219445,
 "top3_best_roc_auc": 0.5746527810650888,
 "top3_best_acc": 0.5586153846153846,
 "mode0_best_f1": 0.5697833005000758,
 "mode0_best_roc_auc": 0.5758981301775148,
 "mode0_best_acc": 0.5632307692307692
}