{
 "generalization_gap": 0.18399999999999994,
 "confidence_gap": 0.18389188063912643,
 "top3_last_f1": 0.12911867130993837,
 "top3_last_roc_auc": 0.573570650887574,
 "top3_last_acc": 0.49984615384615383,
 "mode0_last_f1": 0.5679500837011109,
 "mode0_last_roc_auc": 0.5751584852071006,
 "mode0_last_acc": 0.5632307692307692
}