{
 "generalization_gap": 0.017200000000000007,
 "confidence_gap": 0.0046036078139310155,
 "top3_best_f1": 0.04190158892875449,
 "top3_best_roc_auc": 0.4983630222222222,
 "top3_best_acc": 0.5015333333333334,
 "mode0_best_f1": 0.08664790111369478,
 "mode0_best_roc_auc": 0.5021485088888888,
 "mode0_best_acc": 0.5024666666666666
}