{
 "generalization_gap": 0.1846666666666667,
 "confidence_gap": 0.12553619631733437,
 "top3_best_f1": 0.4213333333333333,
 "top3_best_roc_auc": 0.6022876533333333,
 "top3_best_acc": 0.5732333333333334,
 "mode0_best_f1": 0.3975024103576512,
 "mode0_best_roc_auc": 0.5722630866666667,
 "mode0_best_acc": 0.5625666666666667,
 "mode3_best_f1": 0.03628588090455517,
 "mode3_best_roc_auc": 0.6177784644444444,
 "mode3_best_acc": 0.5042333333333333
}