{
 "generalization_gap": 0.1846666666666667,
 "confidence_gap": 0.12553619631733437,
 "top3_last_f1": 0.38189573459715637,
 "top3_last_roc_auc": 0.5919482422222222,
 "top3_last_acc": 0.5652666666666667,
 "mode0_last_f1": 0.08544027898866609,
 "mode0_last_roc_auc": 0.5706360911111112,
 "mode0_last_acc": 0.5104666666666666,
 "mode3_last_f1": 0.0,
 "mode3_last_roc_auc": 0.6191995600000002,
 "mode3_last_acc": 0.49996666666666667
}