{
 "generalization_gap": 0.0030181818181818174,
 "confidence_gap": 0.0012682537348712407,
 "top3_best_f1": 0.010013327090011888,
 "top3_best_roc_auc": 0.499420611570248,
 "top3_best_acc": 0.5002727272727273,
 "mode0_best_f1": 0.00036354382520812885,
 "mode0_best_roc_auc": 0.49968657652892556,
 "mode0_best_acc": 0.5000545454545454,
 "mode3_best_f1": 0.0155005382131324,
 "mode3_best_roc_auc": 0.5079919735537191,
 "mode3_best_acc": 0.5011272727272728
}