{
 "generalization_gap": 0.0030181818181818174,
 "confidence_gap": 0.0012682537348712407,
 "top3_last_f1": 0.1076169149385,
 "top3_last_roc_auc": 0.4996721123966943,
 "top3_last_acc": 0.5000545454545454,
 "mode0_last_f1": 0.43426750551515647,
 "mode0_last_roc_auc": 0.49862590082644626,
 "mode0_last_acc": 0.4964363636363636,
 "mode3_last_f1": 7.272198385571959e-05,
 "mode3_last_roc_auc": 0.500855971570248,
 "mode3_last_acc": 0.5
}