{
 "generalization_gap": 0.06379999999999997,
 "confidence_gap": 0.043151713021983784,
 "top3_best_f1": 0.4513374641076016,
 "top3_best_roc_auc": 0.5198130666666667,
 "top3_best_acc": 0.5159333333333334,
 "mode0_best_f1": 0.3924843423799583,
 "mode0_best_roc_auc": 0.5195325022222222,
 "mode0_best_acc": 0.515,
 "mode3_best_f1": 0.13902750377161427,
 "mode3_best_roc_auc": 0.54325974,
 "mode3_best_acc": 0.5054
}