{
 "generalization_gap": 0.18000000000000005,
 "confidence_gap": 0.18251318656349647,
 "top3_best_f1": 0.678939617083947,
 "top3_best_roc_auc": 0.6205833372781066,
 "top3_best_acc": 0.5975384615384616,
 "mode0_best_f1": 0.6125461254612545,
 "mode0_best_roc_auc": 0.6214801420118343,
 "mode0_best_acc": 0.5961538461538461
}