{
 "generalization_gap": 0.18000000000000005,
 "confidence_gap": 0.18251318656349647,
 "top3_last_f1": 0.6772144846796657,
 "top3_last_roc_auc": 0.627331124260355,
 "top3_last_acc": 0.5543076923076923,
 "mode0_last_f1": 0.5035765379113019,
 "mode0_last_roc_auc": 0.613057325443787,
 "mode0_last_acc": 0.5729230769230769
}