{
 "generalization_gap": 0.038153846153846094,
 "confidence_gap": 0.027997962429825995,
 "top3_best_f1": 0.3889739663093415,
 "top3_best_roc_auc": 0.5011536094674557,
 "top3_best_acc": 0.5089230769230769,
 "mode0_best_f1": 0.08528664219147135,
 "mode0_best_roc_auc": 0.4962261301775148,
 "mode0_best_acc": 0.5016923076923077,
 "mode3_best_f1": 0.029402940294029404,
 "mode3_best_roc_auc": 0.5194852071005918,
 "mode3_best_acc": 0.5023076923076923
}