{
 "generalization_gap": 0.038153846153846094,
 "confidence_gap": 0.027997962429825995,
 "top3_last_f1": 0.3889739663093415,
 "top3_last_roc_auc": 0.5011536094674557,
 "top3_last_acc": 0.5089230769230769,
 "mode0_last_f1": 0.022275737507525588,
 "mode0_last_roc_auc": 0.49505609467455625,
 "mode0_last_acc": 0.5003076923076923,
 "mode3_last_f1": 0.04310599350457632,
 "mode3_last_roc_auc": 0.519755076923077,
 "mode3_last_acc": 0.5013846153846154
}