{
 "generalization_gap": 0.11953333333333332,
 "confidence_gap": 0.09146980961297267,
 "top3_last_f1": 0.29921987271607475,
 "top3_last_roc_auc": 0.5880091111111111,
 "top3_last_acc": 0.5448666666666667,
 "mode0_last_f1": 0.11764705882352941,
 "mode0_last_roc_auc": 0.5561460533333333,
 "mode0_last_acc": 0.52,
 "mode3_last_f1": 0.0,
 "mode3_last_roc_auc": 0.5455730222222223,
 "mode3_last_acc": 0.5
}