{
 "generalization_gap": 0.001963636363636362,
 "confidence_gap": 0.00022745387472863227,
 "top3_best_f1": 7.271933970839545e-05,
 "top3_best_roc_auc": 0.4984774049586777,
 "top3_best_acc": 0.4999818181818182,
 "mode0_best_f1": 0.4068506599760009,
 "mode0_best_roc_auc": 0.5089221705785124,
 "mode0_best_acc": 0.5056909090909091,
 "mode3_best_f1": 0.024451789458719835,
 "mode3_best_roc_auc": 0.498927173553719,
 "mode3_best_acc": 0.5009272727272728
}