{
 "generalization_gap": 0.001963636363636362,
 "confidence_gap": 0.00022745387472863227,
 "top3_last_f1": 0.0002907927737995711,
 "top3_last_roc_auc": 0.5055057276033058,
 "top3_last_acc": 0.4999454545454545,
 "mode0_last_f1": 0.003118993218003119,
 "mode0_last_roc_auc": 0.5098127041322313,
 "mode0_last_acc": 0.5002363636363636,
 "mode3_last_f1": 0.024451789458719835,
 "mode3_last_roc_auc": 0.498927173553719,
 "mode3_last_acc": 0.5009272727272728
}