{
 "generalization_gap": 0.4806909090909091,
 "confidence_gap": 0.3668601002179521,
 "top3_best_f1": 0.5582810808602765,
 "top3_best_roc_auc": 0.6396320033057851,
 "top3_best_acc": 0.6067818181818182,
 "mode0_best_f1": 0.6668446731558122,
 "mode0_best_roc_auc": 0.6379855728925621,
 "mode0_best_acc": 0.5009090909090909,
 "mode3_best_f1": 0.6616421388533159,
 "mode3_best_roc_auc": 0.8142151596694216,
 "mode3_best_acc": 0.7069636363636363
}