{
 "generalization_gap": 0.6265818181818181,
 "confidence_gap": 0.7098704842493375,
 "top3_last_f1": 0.8489237577952122,
 "top3_last_roc_auc": 0.8248428595041323,
 "top3_last_acc": 0.822490909090909,
 "mode0_last_f1": 0.8425205311228797,
 "mode0_last_roc_auc": 0.8344229295867769,
 "mode0_last_acc": 0.8134727272727272,
 "mode3_last_f1": 0.8246267130292493,
 "mode3_last_roc_auc": 0.9670426783471073,
 "mode3_last_acc": 0.8441090909090909
}