{
 "generalization_gap": 0.02246666666666669,
 "confidence_gap": 0.019874320211051733,
 "top3_best_f1": 0.24458251250189422,
 "top3_best_roc_auc": 0.5020460733333333,
 "top3_best_acc": 0.5015,
 "mode0_best_f1": 0.15647756138865368,
 "mode0_best_roc_auc": 0.5020763711111111,
 "mode0_best_acc": 0.5019
}