{
 "generalization_gap": 0.02246666666666669,
 "confidence_gap": 0.019874320211051733,
 "top3_last_f1": 0.2918082295205738,
 "top3_last_roc_auc": 0.5020897955555556,
 "top3_last_acc": 0.4997333333333333,
 "mode0_last_f1": 0.11588210973953104,
 "mode0_last_roc_auc": 0.5017582422222222,
 "mode0_last_acc": 0.5010333333333333
}