{
 "generalization_gap": 0.010933333333333337,
 "confidence_gap": 0.0033352923487414976,
 "top3_best_f1": 0.010301109350237718,
 "top3_best_roc_auc": 0.4956127755555555,
 "top3_best_acc": 0.5004,
 "mode0_best_f1": 0.08437423463139848,
 "mode0_best_roc_auc": 0.49757725111111106,
 "mode0_best_acc": 0.5015333333333334
}