{
 "generalization_gap": 0.010933333333333337,
 "confidence_gap": 0.0033352923487414976,
 "top3_last_f1": 0.00013330667199893355,
 "top3_last_roc_auc": 0.4998319444444444,
 "top3_last_acc": 0.49996666666666667,
 "mode0_last_f1": 0.002128225591912743,
 "mode0_last_roc_auc": 0.4976261155555555,
 "mode0_last_acc": 0.4998666666666667
}