{
 "generalization_gap": 0.1129230769230769,
 "confidence_gap": 0.15711459308015763,
 "top3_best_f1": 0.7538586515028431,
 "top3_best_roc_auc": 0.7359995266272189,
 "top3_best_acc": 0.6736923076923077,
 "mode0_best_f1": 0.78705452713764,
 "mode0_best_roc_auc": 0.7572171834319527,
 "mode0_best_acc": 0.7398461538461538,
 "mode3_best_f1": 0.7767245918904686,
 "mode3_best_roc_auc": 0.7633761420118343,
 "mode3_best_acc": 0.7390769230769231
}