{
 "generalization_gap": 0.1129230769230769,
 "confidence_gap": 0.15711459308015763,
 "top3_last_f1": 0.7138150669887986,
 "top3_last_roc_auc": 0.7493638816568047,
 "top3_last_acc": 0.5990769230769231,
 "mode0_last_f1": 0.7856435643564358,
 "mode0_last_roc_auc": 0.7612566627218935,
 "mode0_last_acc": 0.7335384615384616,
 "mode3_last_f1": 0.7767245918904686,
 "mode3_last_roc_auc": 0.7633761420118343,
 "mode3_last_acc": 0.7390769230769231
}