{
 "generalization_gap": 0.25076923076923074,
 "confidence_gap": 0.2318960943389684,
 "top3_best_f1": 0.6868322821469945,
 "top3_best_roc_auc": 0.6733823431952661,
 "top3_best_acc": 0.6256923076923077,
 "mode0_best_f1": 0.3944197844007609,
 "mode0_best_roc_auc": 0.5885454674556213,
 "mode0_best_acc": 0.5592307692307692
}