{
 "generalization_gap": 0.25076923076923074,
 "confidence_gap": 0.2318960943389684,
 "top3_last_f1": 0.11468144044321328,
 "top3_last_roc_auc": 0.6425956449704142,
 "top3_last_acc": 0.5083076923076923,
 "mode0_last_f1": 0.3820946669522382,
 "mode0_last_roc_auc": 0.5856437396449704,
 "mode0_last_acc": 0.5561538461538461
}