{
 "generalization_gap": 0.0035333333333333328,
 "confidence_gap": 0.0008578507883811176,
 "top3_best_f1": 0.2319034163883894,
 "top3_best_roc_auc": 0.5023391844444445,
 "top3_best_acc": 0.5016333333333334,
 "mode0_best_f1": 0.007547669491525424,
 "mode0_best_roc_auc": 0.4981332511111112,
 "mode0_best_acc": 0.5003333333333333,
 "mode3_best_f1": 0.0029263101888800215,
 "mode3_best_roc_auc": 0.5027540111111112,
 "mode3_best_acc": 0.5002666666666666
}