{
 "generalization_gap": 0.0,
 "confidence_gap": -0.00011963607145336775,
 "top3_best_f1": 0.008432736314822156,
 "top3_best_roc_auc": 0.4980617375206612,
 "top3_best_acc": 0.49972727272727274,
 "mode0_best_f1": 0.390199354048335,
 "mode0_best_roc_auc": 0.5036527854545454,
 "mode0_best_acc": 0.5022363636363636,
 "mode3_best_f1": 0.0010893246187363833,
 "mode3_best_roc_auc": 0.4987920033057851,
 "mode3_best_acc": 0.49981818181818183
}