{
 "generalization_gap": 0.0,
 "confidence_gap": -0.00011963607145336775,
 "top3_last_f1": 0.006496318752706799,
 "top3_last_roc_auc": 0.4982803801652892,
 "top3_last_acc": 0.4994909090909091,
 "mode0_last_f1": 0.023354866188684605,
 "mode0_last_roc_auc": 0.5036424066115702,
 "mode0_last_acc": 0.49970909090909094,
 "mode3_last_f1": 0.007071727522008947,
 "mode3_last_roc_auc": 0.49823178247933886,
 "mode3_last_acc": 0.49963636363636366
}