{
 "generalization_gap": 0.6235636363636363,
 "confidence_gap": 0.661721346993092,
 "top3_last_f1": 0.8062092686459086,
 "top3_last_roc_auc": 0.7680491404958677,
 "top3_last_acc": 0.7664363636363636,
 "mode0_last_f1": 0.8255981912956102,
 "mode0_last_roc_auc": 0.8203411272727272,
 "mode0_last_acc": 0.7980363636363637,
 "mode3_last_f1": 0.6642025758167084,
 "mode3_last_roc_auc": 0.9225467365289257,
 "mode3_last_acc": 0.7340545454545454
}