{
 "generalization_gap": 0.030066666666666686,
 "confidence_gap": 0.020592964348280618,
 "top3_best_f1": 0.22107135383971543,
 "top3_best_roc_auc": 0.49998167777777774,
 "top3_best_acc": 0.5036666666666667,
 "mode0_best_f1": 0.1850475461799104,
 "mode0_best_roc_auc": 0.50081708,
 "mode0_best_acc": 0.5029333333333333
}