{
 "generalization_gap": 0.030066666666666686,
 "confidence_gap": 0.020592964348280618,
 "top3_last_f1": 0.2682867081475675,
 "top3_last_roc_auc": 0.5001410533333333,
 "top3_last_acc": 0.5021666666666667,
 "mode0_last_f1": 0.09256338711634114,
 "mode0_last_roc_auc": 0.5009481933333333,
 "mode0_last_acc": 0.5013333333333333
}