{
 "generalization_gap": 0.014399999999999968,
 "confidence_gap": 0.009507812065624788,
 "top3_best_f1": 0.21836906263135775,
 "top3_best_roc_auc": 0.5006144355555555,
 "top3_best_acc": 0.5041333333333333,
 "mode0_best_f1": 0.10094447452325091,
 "mode0_best_roc_auc": 0.5006850666666667,
 "mode0_best_acc": 0.5018333333333334
}