{
 "generalization_gap": 0.014399999999999968,
 "confidence_gap": 0.009507812065624788,
 "top3_last_f1": 0.26927231660610823,
 "top3_last_roc_auc": 0.5005898822222221,
 "top3_last_acc": 0.5039333333333333,
 "mode0_last_f1": 0.08664876739077373,
 "mode0_last_roc_auc": 0.5006866133333334,
 "mode0_last_acc": 0.5010666666666667
}