{
 "generalization_gap": 0.3993333333333333,
 "confidence_gap": 0.3596224471296065,
 "top3_best_f1": 0.6300468209269188,
 "top3_best_roc_auc": 0.669640731111111,
 "top3_best_acc": 0.6365333333333333,
 "mode0_best_f1": 0.6357359661118709,
 "mode0_best_roc_auc": 0.6687030022222222,
 "mode0_best_acc": 0.6359666666666667
}