{
 "generalization_gap": 0.5314666666666668,
 "confidence_gap": 0.544500725487499,
 "top3_best_f1": 0.8000213452866939,
 "top3_best_roc_auc": 0.8515225488888888,
 "top3_best_acc": 0.7501666666666666,
 "mode0_best_f1": 0.822777728704767,
 "mode0_best_roc_auc": 0.8368328911111111,
 "mode0_best_acc": 0.7993666666666667,
 "mode3_best_f1": 0.8599860016432853,
 "mode3_best_roc_auc": 0.8889269777777777,
 "mode3_best_acc": 0.8466333333333333
}