{
 "generalization_gap": 0.5314666666666668,
 "confidence_gap": 0.544500725487499,
 "top3_last_f1": 0.7671253900854351,
 "top3_last_roc_auc": 0.7453899866666664,
 "top3_last_acc": 0.6965333333333333,
 "mode0_last_f1": 0.7980335052235017,
 "mode0_last_roc_auc": 0.842636548888889,
 "mode0_last_acc": 0.7480333333333333,
 "mode3_last_f1": 0.8599860016432853,
 "mode3_last_roc_auc": 0.8889269777777777,
 "mode3_last_acc": 0.8466333333333333
}