{
 "generalization_gap": 0.3472,
 "confidence_gap": 0.3042851759307379,
 "top3_best_f1": 0.5761653568737216,
 "top3_best_roc_auc": 0.6357839,
 "top3_best_acc": 0.6063,
 "mode0_best_f1": 0.574349710982659,
 "mode0_best_roc_auc": 0.6341978777777778,
 "mode0_best_acc": 0.6072666666666666
}