{
 "generalization_gap": 0.020066666666666677,
 "confidence_gap": 0.003810026035457853,
 "top3_best_f1": 0.0,
 "top3_best_roc_auc": 0.5015644044444444,
 "top3_best_acc": 0.5,
 "mode0_best_f1": 0.036665380162099574,
 "mode0_best_roc_auc": 0.5026788355555556,
 "mode0_best_acc": 0.5008,
 "mode3_best_f1": 0.0,
 "mode3_best_roc_auc": 0.5144137333333334,
 "mode3_best_acc": 0.5
}