{
 "generalization_gap": 0.020066666666666677,
 "confidence_gap": 0.003810026035457853,
 "top3_last_f1": 0.0,
 "top3_last_roc_auc": 0.5021106288888889,
 "top3_last_acc": 0.5,
 "mode0_last_f1": 0.00013331555792560993,
 "mode0_last_roc_auc": 0.5021250777777778,
 "mode0_last_acc": 0.5,
 "mode3_last_f1": 0.0,
 "mode3_last_roc_auc": 0.5138910577777777,
 "mode3_last_acc": 0.5
}