{
 "generalization_gap": 0.0020363636363636365,
 "confidence_gap": 0.0002891160676761276,
 "top3_best_f1": 0.5625830837484185,
 "top3_best_roc_auc": 0.5038992317355372,
 "top3_best_acc": 0.5034363636363637,
 "mode0_best_f1": 0.0016702371010493447,
 "mode0_best_roc_auc": 0.500585521322314,
 "mode0_best_acc": 0.5000909090909091
}