{
 "generalization_gap": 0.0015999999999999903,
 "confidence_gap": 0.00129432479283546,
 "top3_last_f1": 0.041214611285870194,
 "top3_last_roc_auc": 0.5039588911111111,
 "top3_last_acc": 0.5021666666666667,
 "mode0_last_f1": 0.0038553576176548793,
 "mode0_last_roc_auc": 0.5036897266666667,
 "mode0_last_acc": 0.5004666666666666,
 "mode3_last_f1": 0.00026663111585121987,
 "mode3_last_roc_auc": 0.49328739111111114,
 "mode3_last_acc": 0.5000666666666667
}