{
 "generalization_gap": 0.2455384615384616,
 "confidence_gap": 0.16881407668255266,
 "top3_best_f1": 0.5702319587628866,
 "top3_best_roc_auc": 0.6205164970414201,
 "top3_best_acc": 0.5895384615384616,
 "mode0_best_f1": 0.24938514510575502,
 "mode0_best_roc_auc": 0.5521323076923077,
 "mode0_best_acc": 0.5304615384615384
}