{
 "generalization_gap": 0.2455384615384616,
 "confidence_gap": 0.16881407668255266,
 "top3_last_f1": 0.007348438456827924,
 "top3_last_roc_auc": 0.6006454911242604,
 "top3_last_acc": 0.5012307692307693,
 "mode0_last_f1": 0.23317488116087062,
 "mode0_last_roc_auc": 0.5496412307692308,
 "mode0_last_acc": 0.5284615384615384
}