{
 "generalization_gap": 0.03166666666666662,
 "confidence_gap": 0.03487393196672084,
 "top3_best_f1": 0.44929271761095724,
 "top3_best_roc_auc": 0.5083111333333334,
 "top3_best_acc": 0.5094666666666666,
 "mode0_best_f1": 0.5017773113510952,
 "mode0_best_roc_auc": 0.5057852977777778,
 "mode0_best_acc": 0.5094333333333333
}