{
 "generalization_gap": 0.03166666666666662,
 "confidence_gap": 0.03487393196672084,
 "top3_last_f1": 0.5648632926119838,
 "top3_last_roc_auc": 0.5083059488888888,
 "top3_last_acc": 0.5013333333333333,
 "mode0_last_f1": 0.484472049689441,
 "mode0_last_roc_auc": 0.5069733511111111,
 "mode0_last_acc": 0.5075333333333333
}