{
 "generalization_gap": 0.7237090909090909,
 "confidence_gap": 0.7092950978598533,
 "top3_best_f1": 0.8303264967959014,
 "top3_best_roc_auc": 0.8437452819834711,
 "top3_best_acc": 0.8175454545454546,
 "mode0_best_f1": 0.6669900557846229,
 "mode0_best_roc_auc": 0.8455802181818182,
 "mode0_best_acc": 0.5007272727272727,
 "mode3_best_f1": 0.8963181248518104,
 "mode3_best_roc_auc": 0.9119731642975207,
 "mode3_best_acc": 0.8886909090909091
}