{
 "generalization_gap": 0.7237090909090909,
 "confidence_gap": 0.7092950978598533,
 "top3_last_f1": 0.7718575785241156,
 "top3_last_roc_auc": 0.8188323114049587,
 "top3_last_acc": 0.7864545454545454,
 "mode0_last_f1": 0.6666666666666666,
 "mode0_last_roc_auc": 0.5,
 "mode0_last_acc": 0.5,
 "mode3_last_f1": 0.8510963603818616,
 "mode3_last_roc_auc": 0.9360684357024793,
 "mode3_last_acc": 0.8548
}