{
 "generalization_gap": 0.07306666666666661,
 "confidence_gap": 0.09782470621520967,
 "top3_last_f1": 0.7181267507841118,
 "top3_last_roc_auc": 0.7002651022222222,
 "top3_last_acc": 0.6075666666666667,
 "mode0_last_f1": 0.5162897661939441,
 "mode0_last_roc_auc": 0.6789210133333333,
 "mode0_last_acc": 0.5793333333333334,
 "mode3_last_f1": 0.11501940877873991,
 "mode3_last_roc_auc": 0.6770973866666667,
 "mode3_last_acc": 0.5060333333333333
}