{
 "generalization_gap": 0.17446153846153845,
 "confidence_gap": 0.179608698446017,
 "top3_best_f1": 0.6625436945415435,
 "top3_best_roc_auc": 0.6547539881656805,
 "top3_best_acc": 0.6138461538461538,
 "mode0_best_f1": 0.367399189246853,
 "mode0_best_roc_auc": 0.6123465088757396,
 "mode0_best_acc": 0.5438461538461539,
 "mode3_best_f1": 0.056058394160583946,
 "mode3_best_roc_auc": 0.6832390059171598,
 "mode3_best_acc": 0.5026153846153846
}