{
 "generalization_gap": 0.17446153846153845,
 "confidence_gap": 0.179608698446017,
 "top3_last_f1": 0.5741144871579654,
 "top3_last_roc_auc": 0.6536503195266272,
 "top3_last_acc": 0.6096923076923076,
 "mode0_last_f1": 0.22619935371613223,
 "mode0_last_roc_auc": 0.5828292544378698,
 "mode0_last_acc": 0.5210769230769231,
 "mode3_last_f1": 0.056058394160583946,
 "mode3_last_roc_auc": 0.6832390059171598,
 "mode3_last_acc": 0.5026153846153846
}