{
 "generalization_gap": 0.22769230769230775,
 "confidence_gap": 0.2328215911122461,
 "top3_best_f1": 0.7243194802285202,
 "top3_best_roc_auc": 0.7193492071005916,
 "top3_best_acc": 0.6213846153846154,
 "mode0_best_f1": 0.7499354172048566,
 "mode0_best_roc_auc": 0.7378906035502958,
 "mode0_best_acc": 0.7021538461538461,
 "mode3_best_f1": 0.7653126193811282,
 "mode3_best_roc_auc": 0.7522807100591717,
 "mode3_best_acc": 0.7164615384615385
}