{
 "generalization_gap": 0.22769230769230775,
 "confidence_gap": 0.2328215911122461,
 "top3_last_f1": 0.7082696923412612,
 "top3_last_roc_auc": 0.7358406627218935,
 "top3_last_acc": 0.5886153846153847,
 "mode0_last_f1": 0.6957168352171328,
 "mode0_last_roc_auc": 0.7299439999999999,
 "mode0_last_acc": 0.6852307692307692,
 "mode3_last_f1": 0.7626139427397612,
 "mode3_last_roc_auc": 0.7582079526627219,
 "mode3_last_acc": 0.7155384615384616
}