{
 "generalization_gap": -0.0008727272727272715,
 "confidence_gap": 2.1077259117738105e-05,
 "top3_best_f1": 0.0,
 "top3_best_roc_auc": 0.502568188429752,
 "top3_best_acc": 0.5,
 "mode0_best_f1": 0.15847044765143853,
 "mode0_best_roc_auc": 0.5025776198347107,
 "mode0_best_acc": 0.5006363636363637,
 "mode3_best_f1": 0.0,
 "mode3_best_roc_auc": 0.50143602446281,
 "mode3_best_acc": 0.5
}