{
 "generalization_gap": 0.03473333333333328,
 "confidence_gap": 0.03349779309459433,
 "top3_best_f1": 0.4501989041507168,
 "top3_best_roc_auc": 0.5131805088888888,
 "top3_best_acc": 0.5116666666666667,
 "mode0_best_f1": 0.46209280094124566,
 "mode0_best_roc_auc": 0.5111650688888889,
 "mode0_best_acc": 0.5123333333333333
}