{
 "generalization_gap": 0.21206666666666663,
 "confidence_gap": 0.14539769071846478,
 "top3_last_f1": 0.3234167002823719,
 "top3_last_roc_auc": 0.5850082999999998,
 "top3_last_acc": 0.5527333333333333,
 "mode0_last_f1": 0.24378839776001743,
 "mode0_last_roc_auc": 0.5518258777777778,
 "mode0_last_acc": 0.5363666666666667,
 "mode3_last_f1": 0.01804412248929865,
 "mode3_last_roc_auc": 0.620828248888889,
 "mode3_last_acc": 0.5029666666666667
}