{
 "generalization_gap": 0.07569230769230773,
 "confidence_gap": 0.06983689328301002,
 "top3_best_f1": 0.5301953818827709,
 "top3_best_roc_auc": 0.5126044970414202,
 "top3_best_acc": 0.5116923076923077,
 "mode0_best_f1": 0.38427270966492355,
 "mode0_best_roc_auc": 0.5111174911242603,
 "mode0_best_acc": 0.5109230769230769
}