{
 "generalization_gap": 0.07569230769230773,
 "confidence_gap": 0.06983689328301002,
 "top3_last_f1": 0.08698076386952885,
 "top3_last_roc_auc": 0.5119524260355031,
 "top3_last_acc": 0.49615384615384617,
 "mode0_last_f1": 0.38427270966492355,
 "mode0_last_roc_auc": 0.5111174911242603,
 "mode0_last_acc": 0.5109230769230769
}