{
 "generalization_gap": -0.0006153846153846287,
 "confidence_gap": -0.002148957117092065,
 "top3_best_f1": 0.019939577039274924,
 "top3_best_roc_auc": 0.4918123076923077,
 "top3_best_acc": 0.5009230769230769,
 "mode0_best_f1": 0.023423423423423424,
 "mode0_best_roc_auc": 0.5017588165680473,
 "mode0_best_acc": 0.4996923076923077
}