{
 "generalization_gap": -0.0006153846153846287,
 "confidence_gap": -0.002148957117092065,
 "top3_last_f1": 0.019939577039274924,
 "top3_last_roc_auc": 0.4918123076923077,
 "top3_last_acc": 0.5009230769230769,
 "mode0_last_f1": 0.08267716535433071,
 "mode0_last_roc_auc": 0.5000722366863906,
 "mode0_last_acc": 0.49815384615384617
}