{
 "generalization_gap": 0.12615384615384617,
 "confidence_gap": 0.1401548889304618,
 "top3_best_f1": 0.7219501335707925,
 "top3_best_roc_auc": 0.6949012544378699,
 "top3_best_acc": 0.6156923076923076,
 "mode0_best_f1": 0.7337553287688928,
 "mode0_best_roc_auc": 0.7082716686390533,
 "mode0_best_acc": 0.682923076923077,
 "mode3_best_f1": 0.7547123015873017,
 "mode3_best_roc_auc": 0.7217522366863905,
 "mode3_best_acc": 0.6956923076923077
}