{
 "generalization_gap": 0.12615384615384617,
 "confidence_gap": 0.1401548889304618,
 "top3_last_f1": 0.6982795698924732,
 "top3_last_roc_auc": 0.6991968284023669,
 "top3_last_acc": 0.5683076923076923,
 "mode0_last_f1": 0.7444362924920519,
 "mode0_last_roc_auc": 0.7157343431952663,
 "mode0_last_acc": 0.6784615384615384,
 "mode3_last_f1": 0.6664672449895304,
 "mode3_last_roc_auc": 0.7088936804733726,
 "mode3_last_acc": 0.6569230769230769
}