{
 "generalization_gap": 0.11859999999999993,
 "confidence_gap": 0.11406386466173013,
 "top3_best_f1": 0.5042529061525376,
 "top3_best_roc_auc": 0.5426391155555556,
 "top3_best_acc": 0.5337333333333333,
 "mode0_best_f1": 0.5792875394558846,
 "mode0_best_roc_auc": 0.5408697955555555,
 "mode0_best_acc": 0.5335
}