{
 "generalization_gap": 0.2233846153846154,
 "confidence_gap": 0.22230882114080475,
 "top3_best_f1": 0.678693550288881,
 "top3_best_roc_auc": 0.6174203550295858,
 "top3_best_acc": 0.5807692307692308,
 "mode0_best_f1": 0.6273084193689108,
 "mode0_best_roc_auc": 0.6245087810650887,
 "mode0_best_acc": 0.6056923076923076
}