{
 "generalization_gap": 0.2233846153846154,
 "confidence_gap": 0.22230882114080475,
 "top3_last_f1": 0.1328334226031066,
 "top3_last_roc_auc": 0.6171983431952662,
 "top3_last_acc": 0.5018461538461538,
 "mode0_last_f1": 0.6327345309381238,
 "mode0_last_roc_auc": 0.6232237633136095,
 "mode0_last_acc": 0.6036923076923076
}