{
 "generalization_gap": 0.0016363636363636372,
 "confidence_gap": 0.0002081316267785703,
 "top3_best_f1": 0.5782664941785253,
 "top3_best_roc_auc": 0.4996942776859504,
 "top3_best_acc": 0.502109090909091,
 "mode0_best_f1": 0.0003635306092773012,
 "mode0_best_roc_auc": 0.4999636449586777,
 "mode0_best_acc": 0.5000363636363636
}