{
 "generalization_gap": 0.0016363636363636372,
 "confidence_gap": 0.0002081316267785703,
 "top3_last_f1": 0.14681234092743187,
 "top3_last_roc_auc": 0.499525013553719,
 "top3_last_acc": 0.5002181818181818,
 "mode0_last_f1": 0.6666666666666666,
 "mode0_last_roc_auc": 0.5001090823140496,
 "mode0_last_acc": 0.5
}