{
 "generalization_gap": 0.31079999999999997,
 "confidence_gap": 0.37939622048222577,
 "top3_best_f1": 0.8706098174394178,
 "top3_best_roc_auc": 0.8787787622222222,
 "top3_best_acc": 0.8542333333333333,
 "mode0_best_f1": 0.8586312753883841,
 "mode0_best_roc_auc": 0.885010668888889,
 "mode0_best_acc": 0.8480333333333333,
 "mode3_best_f1": 0.8745901132215553,
 "mode3_best_roc_auc": 0.8927633177777776,
 "mode3_best_acc": 0.8648666666666667
}