{
 "generalization_gap": -0.00013333333333333253,
 "confidence_gap": 0.0006956308698092446,
 "top3_best_f1": 0.00013331555792560993,
 "top3_best_roc_auc": 0.4991428688888889,
 "top3_best_acc": 0.5,
 "mode0_best_f1": 0.21508979527723965,
 "mode0_best_roc_auc": 0.5006793377777778,
 "mode0_best_acc": 0.5003,
 "mode3_best_f1": 0.0,
 "mode3_best_roc_auc": 0.5063097844444444,
 "mode3_best_acc": 0.5
}