{
 "generalization_gap": -0.00013333333333333253,
 "confidence_gap": 0.0006956308698092446,
 "top3_last_f1": 0.0,
 "top3_last_roc_auc": 0.502181391111111,
 "top3_last_acc": 0.5,
 "mode0_last_f1": 0.20897253413464073,
 "mode0_last_roc_auc": 0.49972198,
 "mode0_last_acc": 0.49983333333333335,
 "mode3_last_f1": 0.0,
 "mode3_last_roc_auc": 0.5024875155555555,
 "mode3_last_acc": 0.5
}