{
 "generalization_gap": 0.022769230769230764,
 "confidence_gap": 0.01886828023717335,
 "top3_best_f1": 0.2923280423280423,
 "top3_best_roc_auc": 0.5079741065088758,
 "top3_best_acc": 0.5061538461538462,
 "mode0_best_f1": 0.2648339060710195,
 "mode0_best_roc_auc": 0.5059406863905325,
 "mode0_best_acc": 0.5063076923076923,
 "mode3_best_f1": 0.021739130434782605,
 "mode3_best_roc_auc": 0.5161277159763313,
 "mode3_best_acc": 0.5015384615384615
}