{
 "generalization_gap": 0.022769230769230764,
 "confidence_gap": 0.01886828023717335,
 "top3_last_f1": 0.4318901795142556,
 "top3_last_roc_auc": 0.5069901065088758,
 "top3_last_acc": 0.5033846153846154,
 "mode0_last_f1": 0.20421313506815367,
 "mode0_last_roc_auc": 0.5057570650887574,
 "mode0_last_acc": 0.506,
 "mode3_last_f1": 0.07308021695689411,
 "mode3_last_roc_auc": 0.5174344142011834,
 "mode3_last_acc": 0.5004615384615385
}