{
 "generalization_gap": 0.025399999999999978,
 "confidence_gap": 0.02151192312132988,
 "top3_best_f1": 0.4179293428808799,
 "top3_best_roc_auc": 0.5081180844444444,
 "top3_best_acc": 0.5095666666666666,
 "mode0_best_f1": 0.47883025162366466,
 "mode0_best_roc_auc": 0.5093088,
 "mode0_best_acc": 0.5105
}