{
 "generalization_gap": -0.0022666666666666946,
 "confidence_gap": -0.0015350638378753834,
 "top3_best_f1": 0.3639068344100646,
 "top3_best_roc_auc": 0.5021761955555555,
 "top3_best_acc": 0.5011333333333333,
 "mode0_best_f1": 0.1501163913018793,
 "mode0_best_roc_auc": 0.5015257711111111,
 "mode0_best_acc": 0.5010333333333333
}