{
 "generalization_gap": -0.0022666666666666946,
 "confidence_gap": -0.0015350638378753834,
 "top3_last_f1": 0.2651544779037935,
 "top3_last_roc_auc": 0.5015483977777777,
 "top3_last_acc": 0.49893333333333334,
 "mode0_last_f1": 0.10685387910518801,
 "mode0_last_roc_auc": 0.5017453244444444,
 "mode0_last_acc": 0.4996
}