{
 "generalization_gap": 0.11569230769230765,
 "confidence_gap": 0.12824270628920698,
 "top3_best_f1": 0.7516188714153561,
 "top3_best_roc_auc": 0.7476083313609467,
 "top3_best_acc": 0.6695384615384615,
 "mode0_best_f1": 0.7861256879559709,
 "mode0_best_roc_auc": 0.7593855147928994,
 "mode0_best_acc": 0.7429230769230769,
 "mode3_best_f1": 0.7904222451081359,
 "mode3_best_roc_auc": 0.7769498224852072,
 "mode3_best_acc": 0.7495384615384615
}