{
 "generalization_gap": 0.11569230769230765,
 "confidence_gap": 0.12824270628920698,
 "top3_last_f1": 0.7516188714153561,
 "top3_last_roc_auc": 0.7476083313609467,
 "top3_last_acc": 0.6695384615384615,
 "mode0_last_f1": 0.7671426885400685,
 "mode0_last_roc_auc": 0.784746650887574,
 "mode0_last_acc": 0.6964615384615385,
 "mode3_last_f1": 0.7904222451081359,
 "mode3_last_roc_auc": 0.7769498224852072,
 "mode3_last_acc": 0.7495384615384615
}