{
 "generalization_gap": 0.08461538461538459,
 "confidence_gap": 0.034417762835151855,
 "top3_best_f1": 0.032796660703637445,
 "top3_best_roc_auc": 0.5111787928994083,
 "top3_best_acc": 0.5009230769230769,
 "mode0_best_f1": 0.024624624624624628,
 "mode0_best_roc_auc": 0.4907541775147929,
 "mode0_best_acc": 0.5003076923076923
}