{
 "generalization_gap": 0.012266666666666648,
 "confidence_gap": 0.0037973830839619083,
 "top3_best_f1": 0.0,
 "top3_best_roc_auc": 0.5029402288888889,
 "top3_best_acc": 0.5,
 "mode0_best_f1": 0.18430368716300854,
 "mode0_best_roc_auc": 0.5043602266666667,
 "mode0_best_acc": 0.5007666666666667,
 "mode3_best_f1": 0.0,
 "mode3_best_roc_auc": 0.5102598644444445,
 "mode3_best_acc": 0.5
}