{
 "generalization_gap": 0.012266666666666648,
 "confidence_gap": 0.0037973830839619083,
 "top3_last_f1": 0.0,
 "top3_last_roc_auc": 0.5052691288888889,
 "top3_last_acc": 0.5,
 "mode0_last_f1": 0.007409367557554909,
 "mode0_last_roc_auc": 0.5025074711111112,
 "mode0_last_acc": 0.4998666666666667,
 "mode3_last_f1": 0.0,
 "mode3_last_roc_auc": 0.5119148111111111,
 "mode3_last_acc": 0.5
}