{
 "generalization_gap": 0.005672727272727267,
 "confidence_gap": 0.0026191373007909205,
 "top3_best_f1": 0.6664159549689441,
 "top3_best_roc_auc": 0.49730937652892565,
 "top3_best_acc": 0.5000363636363636,
 "mode0_best_f1": 0.0034075255564416733,
 "mode0_best_roc_auc": 0.49847325421487604,
 "mode0_best_acc": 0.5001454545454546
}