{
 "generalization_gap": -3.636363636363646e-05,
 "confidence_gap": 0.0001765076608850162,
 "top3_best_f1": 0.5100293717314994,
 "top3_best_roc_auc": 0.5014917038016529,
 "top3_best_acc": 0.5025818181818181,
 "mode0_best_f1": 0.0005815221341862324,
 "mode0_best_roc_auc": 0.500018185785124,
 "mode0_best_acc": 0.5000363636363636
}