{
 "generalization_gap": -3.636363636363646e-05,
 "confidence_gap": 0.0001765076608850162,
 "top3_last_f1": 0.03591092407504822,
 "top3_last_roc_auc": 0.5027732548760331,
 "top3_last_acc": 0.5001636363636364,
 "mode0_last_f1": 0.6666666666666666,
 "mode0_last_roc_auc": 0.5000545414876033,
 "mode0_last_acc": 0.5
}