{
 "generalization_gap": 0.3462545454545455,
 "confidence_gap": 0.23123248082761239,
 "top3_best_f1": 0.4222201156507726,
 "top3_best_roc_auc": 0.5836618869421488,
 "top3_best_acc": 0.5567272727272727,
 "mode0_best_f1": 0.6663833094503679,
 "mode0_best_roc_auc": 0.5854995940495867,
 "mode0_best_acc": 0.5005090909090909,
 "mode3_best_f1": 0.5089181807386296,
 "mode3_best_roc_auc": 0.7622516628099173,
 "mode3_best_acc": 0.6240545454545454
}