{
 "generalization_gap": 0.3462545454545455,
 "confidence_gap": 0.23123248082761239,
 "top3_last_f1": 0.14665063217083235,
 "top3_last_roc_auc": 0.5303363061157025,
 "top3_last_acc": 0.5226363636363637,
 "mode0_last_f1": 0.6666666666666666,
 "mode0_last_roc_auc": 0.5,
 "mode0_last_acc": 0.5,
 "mode3_last_f1": 0.14731323722149411,
 "mode3_last_roc_auc": 0.6333048588429752,
 "mode3_last_acc": 0.5268363636363637
}