{
 "generalization_gap": 0.013066666666666671,
 "confidence_gap": 0.0040666515510733026,
 "top3_best_f1": 0.01343254098900375,
 "top3_best_roc_auc": 0.5005748977777777,
 "top3_best_acc": 0.5005666666666667,
 "mode0_best_f1": 0.12696181775591475,
 "mode0_best_roc_auc": 0.5006663288888888,
 "mode0_best_acc": 0.5030666666666667
}