{
 "generalization_gap": -0.008307692307692294,
 "confidence_gap": -0.0055005465545270305,
 "top3_best_f1": 0.13904308749669572,
 "top3_best_roc_auc": 0.49260056804733726,
 "top3_best_acc": 0.4989230769230769,
 "mode0_best_f1": 0.015795868772782502,
 "mode0_best_roc_auc": 0.5011832426035503,
 "mode0_best_acc": 0.5015384615384615
}