{
 "generalization_gap": -0.008307692307692294,
 "confidence_gap": -0.0055005465545270305,
 "top3_last_f1": 0.3821703968403235,
 "top3_last_roc_auc": 0.4942751715976332,
 "top3_last_acc": 0.4946153846153846,
 "mode0_last_f1": 0.0030693677102516886,
 "mode0_last_roc_auc": 0.503717301775148,
 "mode0_last_acc": 0.5003076923076923
}