{
 "generalization_gap": 0.004666666666666652,
 "confidence_gap": 6.399149851593622e-05,
 "top3_last_f1": 0.07077228706232927,
 "top3_last_roc_auc": 0.4976576288888888,
 "top3_last_acc": 0.5010666666666667,
 "mode0_last_f1": 0.01732965734541158,
 "mode0_last_roc_auc": 0.49953505555555555,
 "mode0_last_acc": 0.501,
 "mode3_last_f1": 0.0,
 "mode3_last_roc_auc": 0.4994300888888889,
 "mode3_last_acc": 0.49996666666666667
}