{
 "generalization_gap": 0.00018181818181818056,
 "confidence_gap": 0.00024146408870486837,
 "top3_best_f1": 0.4155711333177082,
 "top3_best_roc_auc": 0.4988075431404959,
 "top3_best_acc": 0.5012909090909091,
 "mode0_best_f1": 0.0012348817782297605,
 "mode0_best_roc_auc": 0.49724571834710746,
 "mode0_best_acc": 0.5000181818181818
}