{
 "generalization_gap": 0.11866666666666664,
 "confidence_gap": 0.09182117526799632,
 "top3_best_f1": 0.4768865338936598,
 "top3_best_roc_auc": 0.5298095177777778,
 "top3_best_acc": 0.5228333333333334,
 "mode0_best_f1": 0.5207211425895575,
 "mode0_best_roc_auc": 0.5292509933333334,
 "mode0_best_acc": 0.5223666666666666
}