{
 "generalization_gap": 0.32639999999999997,
 "confidence_gap": 0.27981416897526146,
 "top3_last_f1": 0.299027247809964,
 "top3_last_roc_auc": 0.6526312311111111,
 "top3_last_acc": 0.5652333333333334,
 "mode0_last_f1": 0.3884927224772883,
 "mode0_last_roc_auc": 0.5812208511111111,
 "mode0_last_acc": 0.5826666666666667
}