{
 "generalization_gap": -0.0048000000000000265,
 "confidence_gap": -0.0022831875139561197,
 "top3_best_f1": 0.14956344256718448,
 "top3_best_roc_auc": 0.4961111955555556,
 "top3_best_acc": 0.5,
 "mode0_best_f1": 0.02268135306002737,
 "mode0_best_roc_auc": 0.5034144488888889,
 "mode0_best_acc": 0.5001666666666666,
 "mode3_best_f1": 0.0029261155815654724,
 "mode3_best_roc_auc": 0.4985173977777778,
 "mode3_best_acc": 0.5002333333333333
}