{
 "generalization_gap": -0.0048000000000000265,
 "confidence_gap": -0.0022831875139561197,
 "top3_last_f1": 0.054635865802228234,
 "top3_last_roc_auc": 0.49759421777777774,
 "top3_last_acc": 0.4993666666666667,
 "mode0_last_f1": 0.001597763131615738,
 "mode0_last_roc_auc": 0.5024275288888889,
 "mode0_last_acc": 0.5001,
 "mode3_last_f1": 0.0015976567700705633,
 "mode3_last_roc_auc": 0.49797617777777775,
 "mode3_last_acc": 0.5000666666666667
}