{
 "generalization_gap": 0.07353846153846155,
 "confidence_gap": 0.07243666036008534,
 "top3_best_f1": 0.5633319021039073,
 "top3_best_roc_auc": 0.5374992662721894,
 "top3_best_acc": 0.5306153846153846,
 "mode0_best_f1": 0.4762709001857795,
 "mode0_best_roc_auc": 0.525072852071006,
 "mode0_best_acc": 0.5229230769230769,
 "mode3_best_f1": 0.4435700232516544,
 "mode3_best_roc_auc": 0.5463383195266273,
 "mode3_best_acc": 0.5213846153846153
}