{
 "generalization_gap": 0.0032000000000000015,
 "confidence_gap": 0.0005171446024517835,
 "top3_best_f1": 0.0,
 "top3_best_roc_auc": 0.50776418,
 "top3_best_acc": 0.5,
 "mode0_best_f1": 0.013052076466710612,
 "mode0_best_roc_auc": 0.5024545911111111,
 "mode0_best_acc": 0.5009333333333333,
 "mode3_best_f1": 0.0,
 "mode3_best_roc_auc": 0.5121328133333334,
 "mode3_best_acc": 0.5
}