{
 "generalization_gap": 0.0032000000000000015,
 "confidence_gap": 0.0005171446024517835,
 "top3_last_f1": 0.0,
 "top3_last_roc_auc": 0.5088219288888889,
 "top3_last_acc": 0.5,
 "mode0_last_f1": 0.005308912336585042,
 "mode0_last_roc_auc": 0.5015273911111111,
 "mode0_last_acc": 0.5003666666666666,
 "mode3_last_f1": 0.0,
 "mode3_last_roc_auc": 0.5051358088888889,
 "mode3_last_acc": 0.5
}