{
 "generalization_gap": 0.12092307692307691,
 "confidence_gap": 0.13682616005014803,
 "top3_best_f1": 0.7215458505528874,
 "top3_best_roc_auc": 0.6739567337278106,
 "top3_best_acc": 0.6164615384615385,
 "mode0_best_f1": 0.730594758064516,
 "mode0_best_roc_auc": 0.6868452071005917,
 "mode0_best_acc": 0.6710769230769231,
 "mode3_best_f1": 0.7227904537109887,
 "mode3_best_roc_auc": 0.691179550295858,
 "mode3_best_acc": 0.6747692307692308
}