{
 "generalization_gap": 0.12092307692307691,
 "confidence_gap": 0.13682616005014803,
 "top3_last_f1": 0.6989351403678605,
 "top3_last_roc_auc": 0.6826055857988167,
 "top3_last_acc": 0.5693846153846154,
 "mode0_last_f1": 0.7327319906091684,
 "mode0_last_roc_auc": 0.6897093491124261,
 "mode0_last_acc": 0.6672307692307692,
 "mode3_last_f1": 0.6953060664287675,
 "mode3_last_roc_auc": 0.6933762840236686,
 "mode3_last_acc": 0.6584615384615384
}