{
 "generalization_gap": 0.00430769230769229,
 "confidence_gap": 0.004635371276991929,
 "top3_best_f1": 0.011574779165397503,
 "top3_best_roc_auc": 0.49565633136094667,
 "top3_best_acc": 0.5007692307692307,
 "mode0_best_f1": 0.0697740920789248,
 "mode0_best_roc_auc": 0.5008088047337278,
 "mode0_best_acc": 0.49953846153846154
}