{
 "generalization_gap": 0.00430769230769229,
 "confidence_gap": 0.004635371276991929,
 "top3_last_f1": 0.011574779165397503,
 "top3_last_roc_auc": 0.49565633136094667,
 "top3_last_acc": 0.5007692307692307,
 "mode0_last_f1": 0.10807860262008732,
 "mode0_last_roc_auc": 0.5015027692307692,
 "mode0_last_acc": 0.49723076923076925
}