{
 "generalization_gap": -0.0011333333333333473,
 "confidence_gap": -0.0001273666990300043,
 "top3_best_f1": 0.0,
 "top3_best_roc_auc": 0.5026502844444445,
 "top3_best_acc": 0.5,
 "mode0_best_f1": 0.0,
 "mode0_best_roc_auc": 0.50269524,
 "mode0_best_acc": 0.5,
 "mode3_best_f1": 0.0,
 "mode3_best_roc_auc": 0.5031343644444444,
 "mode3_best_acc": 0.5
}