{
 "generalization_gap": -0.0011333333333333473,
 "confidence_gap": -0.0001273666990300043,
 "top3_last_f1": 0.0,
 "top3_last_roc_auc": 0.5026676933333334,
 "top3_last_acc": 0.5,
 "mode0_last_f1": 0.0,
 "mode0_last_roc_auc": 0.5020660911111111,
 "mode0_last_acc": 0.5,
 "mode3_last_f1": 0.0,
 "mode3_last_roc_auc": 0.5035622355555556,
 "mode3_last_acc": 0.5
}