{
 "generalization_gap": 0.032307692307692315,
 "confidence_gap": 0.010653000780739469,
 "top3_best_f1": 0.013964784456587736,
 "top3_best_roc_auc": 0.4943050887573965,
 "top3_best_acc": 0.5003076923076923,
 "mode0_best_f1": 0.0006150061500615006,
 "mode0_best_roc_auc": 0.49189112426035503,
 "mode0_best_acc": 0.5
}