{
 "generalization_gap": 0.16086666666666666,
 "confidence_gap": 0.1900873215257695,
 "top3_last_f1": 0.5483384883813149,
 "top3_last_roc_auc": 0.6286580244444444,
 "top3_last_acc": 0.6203333333333333,
 "mode0_last_f1": 0.21626848691695105,
 "mode0_last_roc_auc": 0.6041513844444445,
 "mode0_last_acc": 0.5407333333333333,
 "mode3_last_f1": 0.00013332444503699753,
 "mode3_last_roc_auc": 0.5912069288888888,
 "mode3_last_acc": 0.5000333333333333
}