{
 "generalization_gap": 0.07413333333333338,
 "confidence_gap": 0.08599290731660514,
 "top3_best_f1": 0.7211339461904991,
 "top3_best_roc_auc": 0.6794587311111111,
 "top3_best_acc": 0.6137333333333334,
 "mode0_best_f1": 0.7199731415941583,
 "mode0_best_roc_auc": 0.7079959355555556,
 "mode0_best_acc": 0.6663666666666667,
 "mode3_best_f1": 0.7283467797073705,
 "mode3_best_roc_auc": 0.7057569288888889,
 "mode3_best_acc": 0.6689
}