{
 "generalization_gap": 0.012923076923076926,
 "confidence_gap": 0.00856018724198715,
 "top3_best_f1": 0.4711632453567938,
 "top3_best_roc_auc": 0.49880203550295854,
 "top3_best_acc": 0.5006153846153846,
 "mode0_best_f1": 0.11909314394974052,
 "mode0_best_roc_auc": 0.4989226982248521,
 "mode0_best_acc": 0.5038461538461538
}