{
 "generalization_gap": 0.012923076923076926,
 "confidence_gap": 0.00856018724198715,
 "top3_last_f1": 0.05783689994216311,
 "top3_last_roc_auc": 0.49767895857988165,
 "top3_last_acc": 0.49876923076923074,
 "mode0_last_f1": 0.2264600715137068,
 "mode0_last_roc_auc": 0.49857334911242607,
 "mode0_last_acc": 0.5007692307692307
}