{
 "generalization_gap": 0.1697333333333333,
 "confidence_gap": 0.15076619979013506,
 "top3_best_f1": 0.6108032830602388,
 "top3_best_roc_auc": 0.5751615177777778,
 "top3_best_acc": 0.5621666666666667,
 "mode0_best_f1": 0.5423857517603204,
 "mode0_best_roc_auc": 0.5770055422222222,
 "mode0_best_acc": 0.5580666666666667
}