{
 "generalization_gap": -0.000509090909090907,
 "confidence_gap": 0.0006334925159238031,
 "top3_best_f1": 0.6594656054576463,
 "top3_best_roc_auc": 0.4963719358677686,
 "top3_best_acc": 0.4990181818181818,
 "mode0_best_f1": 0.005428095823984947,
 "mode0_best_roc_auc": 0.5002909090909091,
 "mode0_best_acc": 0.5002909090909091
}