{
 "generalization_gap": 0.03920000000000001,
 "confidence_gap": 0.03508569077397994,
 "top3_best_f1": 0.4341609654854332,
 "top3_best_roc_auc": 0.5115997977777778,
 "top3_best_acc": 0.5092666666666666,
 "mode0_best_f1": 0.45004668534080294,
 "mode0_best_roc_auc": 0.5096104066666667,
 "mode0_best_acc": 0.5091666666666667
}