{
 "generalization_gap": 0.008599999999999997,
 "confidence_gap": 0.002109088847460222,
 "top3_best_f1": 0.0524615092187797,
 "top3_best_roc_auc": 0.5016703,
 "top3_best_acc": 0.5015,
 "mode0_best_f1": 0.00013331555792560993,
 "mode0_best_roc_auc": 0.5014803688888889,
 "mode0_best_acc": 0.5,
 "mode3_best_f1": 0.0,
 "mode3_best_roc_auc": 0.5070087444444444,
 "mode3_best_acc": 0.5
}