{
 "generalization_gap": 0.008599999999999997,
 "confidence_gap": 0.002109088847460222,
 "top3_last_f1": 0.015361386463598763,
 "top3_last_roc_auc": 0.5017856733333335,
 "top3_last_acc": 0.5000333333333333,
 "mode0_last_f1": 0.0,
 "mode0_last_roc_auc": 0.5018783822222221,
 "mode0_last_acc": 0.5,
 "mode3_last_f1": 0.0,
 "mode3_last_roc_auc": 0.5064817111111111,
 "mode3_last_acc": 0.5
}