{
 "generalization_gap": 0.013000000000000012,
 "confidence_gap": 0.010955012527539054,
 "top3_best_f1": 0.3426827110245974,
 "top3_best_roc_auc": 0.5040932177777777,
 "top3_best_acc": 0.5047333333333334,
 "mode0_best_f1": 0.38188106846689174,
 "mode0_best_roc_auc": 0.5037154955555556,
 "mode0_best_acc": 0.5055666666666667
}