{
 "generalization_gap": 0.013000000000000012,
 "confidence_gap": 0.010955012527539054,
 "top3_last_f1": 0.46260467802483396,
 "top3_last_roc_auc": 0.5042120422222223,
 "top3_last_acc": 0.5037333333333334,
 "mode0_last_f1": 0.3096253709198813,
 "mode0_last_roc_auc": 0.5036592377777778,
 "mode0_last_acc": 0.5036666666666667
}