{
 "generalization_gap": 0.00796363636363636,
 "confidence_gap": 0.002868987386908599,
 "top3_best_f1": 0.4901453537064264,
 "top3_best_roc_auc": 0.5001642208264463,
 "top3_best_acc": 0.5019090909090909,
 "mode0_best_f1": 0.0057169736223179075,
 "mode0_best_roc_auc": 0.5007459980165289,
 "mode0_best_acc": 0.5003818181818181
}