{
 "generalization_gap": 0.14,
 "confidence_gap": 0.12979225875220246,
 "top3_last_f1": 0.5355679956308028,
 "top3_last_roc_auc": 0.5582876466666666,
 "top3_last_acc": 0.5464666666666667,
 "mode0_last_f1": 0.2508084800574919,
 "mode0_last_roc_auc": 0.5231513533333333,
 "mode0_last_acc": 0.5135,
 "mode3_last_f1": 0.1993881787392112,
 "mode3_last_roc_auc": 0.5827705911111111,
 "mode3_last_acc": 0.5114666666666666
}