{
 "generalization_gap": 0.0010181818181818191,
 "confidence_gap": 7.572290736877676e-05,
 "top3_best_f1": 0.01258359099733947,
 "top3_best_roc_auc": 0.5032793361983472,
 "top3_best_acc": 0.5006545454545455,
 "mode0_best_f1": 0.5197621177832745,
 "mode0_best_roc_auc": 0.5036510347107438,
 "mode0_best_acc": 0.5022727272727273,
 "mode3_best_f1": 0.012879087671331437,
 "mode3_best_roc_auc": 0.4977694294214876,
 "mode3_best_acc": 0.501109090909091
}