{
 "generalization_gap": 0.0010181818181818191,
 "confidence_gap": 7.572290736877676e-05,
 "top3_last_f1": 0.00686887675789017,
 "top3_last_roc_auc": 0.5070061923966942,
 "top3_last_acc": 0.5005272727272727,
 "mode0_last_f1": 0.003188983511505708,
 "mode0_last_roc_auc": 0.5046700985123966,
 "mode0_last_acc": 0.49987272727272725,
 "mode3_last_f1": 0.012879087671331437,
 "mode3_last_roc_auc": 0.4977694294214876,
 "mode3_last_acc": 0.501109090909091
}