{
 "generalization_gap": 0.7203272727272727,
 "confidence_gap": 0.6877972353325634,
 "top3_best_f1": 0.8191778957397579,
 "top3_best_roc_auc": 0.8679141328925619,
 "top3_best_acc": 0.8067636363636363,
 "mode0_best_f1": 0.6670143226166366,
 "mode0_best_roc_auc": 0.8387004033057852,
 "mode0_best_acc": 0.5007818181818182,
 "mode3_best_f1": 0.8836796182448319,
 "mode3_best_roc_auc": 0.9289748833057853,
 "mode3_best_acc": 0.8785636363636363
}