{
 "generalization_gap": 0.01440000000000001,
 "confidence_gap": 0.003968225720626654,
 "top3_best_f1": 0.010047593865679535,
 "top3_best_roc_auc": 0.4992505977777778,
 "top3_best_acc": 0.5008,
 "mode0_best_f1": 0.08098656359285845,
 "mode0_best_roc_auc": 0.5022171022222222,
 "mode0_best_acc": 0.5007
}