{
 "generalization_gap": 0.03520000000000001,
 "confidence_gap": 0.008378941359599892,
 "top3_best_f1": 0.018979057591623036,
 "top3_best_roc_auc": 0.5015070644444444,
 "top3_best_acc": 0.5003333333333333,
 "mode0_best_f1": 0.09565269967954533,
 "mode0_best_roc_auc": 0.5031689022222221,
 "mode0_best_acc": 0.5014333333333333
}