{
 "generalization_gap": 0.2153846153846154,
 "confidence_gap": 0.22097821359717207,
 "top3_best_f1": 0.7146908678389109,
 "top3_best_roc_auc": 0.6816625798816569,
 "top3_best_acc": 0.6130769230769231,
 "mode0_best_f1": 0.7052238805970149,
 "mode0_best_roc_auc": 0.6887617988165681,
 "mode0_best_acc": 0.6596923076923077,
 "mode3_best_f1": 0.7291747384734598,
 "mode3_best_roc_auc": 0.7090496094674557,
 "mode3_best_acc": 0.6773846153846154
}