{
 "generalization_gap": 0.2153846153846154,
 "confidence_gap": 0.22097821359717207,
 "top3_last_f1": 0.7029648407362503,
 "top3_last_roc_auc": 0.6929053254437869,
 "top3_last_acc": 0.5853846153846154,
 "mode0_last_f1": 0.611048839071257,
 "mode0_last_roc_auc": 0.6785158816568048,
 "mode0_last_acc": 0.6263076923076923,
 "mode3_last_f1": 0.6708898055391868,
 "mode3_last_roc_auc": 0.7141330650887574,
 "mode3_last_acc": 0.6563076923076923
}