{
 "generalization_gap": -0.0040000000000000036,
 "confidence_gap": -0.003503724371154704,
 "top3_best_f1": 0.13794940079893475,
 "top3_best_roc_auc": 0.5032554792899409,
 "top3_best_acc": 0.502,
 "mode0_best_f1": 0.010962241169305725,
 "mode0_best_roc_auc": 0.4997816804733728,
 "mode0_best_acc": 0.5003076923076923
}