{
 "generalization_gap": 0.020472727272727267,
 "confidence_gap": 0.014129096434926255,
 "top3_last_f1": 0.2683934234018174,
 "top3_last_roc_auc": 0.5027710743801652,
 "top3_last_acc": 0.5008181818181818,
 "mode0_last_f1": 0.5795153611829719,
 "mode0_last_roc_auc": 0.503677867107438,
 "mode0_last_acc": 0.5005636363636363,
 "mode3_last_f1": 0.2918590068575393,
 "mode3_last_roc_auc": 0.5397209137190082,
 "mode3_last_acc": 0.5174727272727273
}