{
 "generalization_gap": 0.08299999999999996,
 "confidence_gap": 0.12372176210894326,
 "top3_best_f1": 0.6684178375076361,
 "top3_best_roc_auc": 0.6721068266666667,
 "top3_best_acc": 0.6381333333333333,
 "mode0_best_f1": 0.6886506511001347,
 "mode0_best_roc_auc": 0.6453467822222222,
 "mode0_best_acc": 0.6302,
 "mode3_best_f1": 0.6040947625908923,
 "mode3_best_roc_auc": 0.6586677977777777,
 "mode3_best_acc": 0.6061666666666666
}