{
 "generalization_gap": 0.002072727272727273,
 "confidence_gap": 6.194603821746934e-05,
 "top3_best_f1": 0.0,
 "top3_best_roc_auc": 0.5033835279338843,
 "top3_best_acc": 0.5,
 "mode0_best_f1": 0.6607436331508644,
 "mode0_best_roc_auc": 0.49922713190082646,
 "mode0_best_acc": 0.5008181818181818,
 "mode3_best_f1": 0.0,
 "mode3_best_roc_auc": 0.5014028178512396,
 "mode3_best_acc": 0.5
}