{
 "generalization_gap": 0.0009230769230769154,
 "confidence_gap": -0.005189344724311151,
 "top3_best_f1": 0.4730831973898858,
 "top3_best_roc_auc": 0.4978008047337278,
 "top3_best_acc": 0.5030769230769231,
 "mode0_best_f1": 0.011588899054589815,
 "mode0_best_roc_auc": 0.5109955029585799,
 "mode0_best_acc": 0.5013846153846154,
 "mode3_best_f1": 0.0073461891643709825,
 "mode3_best_roc_auc": 0.4991919053254438,
 "mode3_best_acc": 0.5010769230769231
}