{
 "generalization_gap": 0.0009230769230769154,
 "confidence_gap": -0.005189344724311151,
 "top3_last_f1": 0.247583985273815,
 "top3_last_roc_auc": 0.49681637869822487,
 "top3_last_acc": 0.4969230769230769,
 "mode0_last_f1": 0.0073461891643709825,
 "mode0_last_roc_auc": 0.5114251834319528,
 "mode0_last_acc": 0.5010769230769231,
 "mode3_last_f1": 0.0,
 "mode3_last_roc_auc": 0.4994522130177515,
 "mode3_last_acc": 0.5
}