{
 "generalization_gap": 0.20923076923076922,
 "confidence_gap": 0.21677377985430735,
 "top3_best_f1": 0.7309968138370505,
 "top3_best_roc_auc": 0.7209460828402368,
 "top3_best_acc": 0.6363076923076924,
 "mode0_best_f1": 0.7472414677957403,
 "mode0_best_roc_auc": 0.7372470532544378,
 "mode0_best_acc": 0.696923076923077
}