{
 "generalization_gap": 0.20923076923076922,
 "confidence_gap": 0.21677377985430735,
 "top3_last_f1": 0.6973840025837011,
 "top3_last_roc_auc": 0.7231246863905325,
 "top3_last_acc": 0.5675384615384615,
 "mode0_last_f1": 0.6959964804223493,
 "mode0_last_roc_auc": 0.7274200236686391,
 "mode0_last_acc": 0.681076923076923
}