{
 "generalization_gap": 0.23415384615384616,
 "confidence_gap": 0.23457824538760574,
 "top3_best_f1": 0.660024235896055,
 "top3_best_roc_auc": 0.6326400946745562,
 "top3_best_acc": 0.6115384615384616,
 "mode0_best_f1": 0.43952095808383235,
 "mode0_best_roc_auc": 0.5962596923076923,
 "mode0_best_acc": 0.568,
 "mode3_best_f1": 0.46671826625387,
 "mode3_best_roc_auc": 0.6595338698224853,
 "mode3_best_acc": 0.576
}