{
 "generalization_gap": 0.23415384615384616,
 "confidence_gap": 0.23457824538760574,
 "top3_last_f1": 0.6726930320150659,
 "top3_last_roc_auc": 0.6429265325443787,
 "top3_last_acc": 0.5989230769230769,
 "mode0_last_f1": 0.25111001480019735,
 "mode0_last_roc_auc": 0.5697972544378699,
 "mode0_last_acc": 0.5329230769230769,
 "mode3_last_f1": 0.26364522417154,
 "mode3_last_roc_auc": 0.6606369230769231,
 "mode3_last_acc": 0.5350769230769231
}