{
 "generalization_gap": 0.005400000000000016,
 "confidence_gap": 0.005768883583911144,
 "top3_best_f1": 0.1896047644829453,
 "top3_best_roc_auc": 0.4997514666666667,
 "top3_best_acc": 0.5010666666666667,
 "mode0_best_f1": 0.10957269037956553,
 "mode0_best_roc_auc": 0.4972393044444444,
 "mode0_best_acc": 0.5026666666666667
}