{
 "generalization_gap": 0.016615384615384643,
 "confidence_gap": 0.0010751785378043388,
 "top3_best_f1": 0.01638846737481032,
 "top3_best_roc_auc": 0.5040676449704142,
 "top3_best_acc": 0.5013846153846154,
 "mode0_best_f1": 0.01278149726110773,
 "mode0_best_roc_auc": 0.4988794792899408,
 "mode0_best_acc": 0.5009230769230769
}