{
 "generalization_gap": 0.1144615384615385,
 "confidence_gap": 0.1385401811711462,
 "top3_best_f1": 0.7324768988054993,
 "top3_best_roc_auc": 0.7430480946745562,
 "top3_best_acc": 0.6347692307692308,
 "mode0_best_f1": 0.7848199302955983,
 "mode0_best_roc_auc": 0.7600833609467457,
 "mode0_best_acc": 0.7435384615384616,
 "mode3_best_f1": 0.7940844717383131,
 "mode3_best_roc_auc": 0.7797295147928993,
 "mode3_best_acc": 0.7472307692307693
}