{
 "generalization_gap": 0.1144615384615385,
 "confidence_gap": 0.1385401811711462,
 "top3_last_f1": 0.7017922694882315,
 "top3_last_roc_auc": 0.7536499881656805,
 "top3_last_acc": 0.575076923076923,
 "mode0_last_f1": 0.7716254752851711,
 "mode0_last_roc_auc": 0.7783448047337278,
 "mode0_last_acc": 0.7043076923076923,
 "mode3_last_f1": 0.7940844717383131,
 "mode3_last_roc_auc": 0.7797295147928993,
 "mode3_last_acc": 0.7472307692307693
}