{
 "generalization_gap": 0.13169230769230772,
 "confidence_gap": 0.05489965129056229,
 "top3_best_f1": 0.2287787182587666,
 "top3_best_roc_auc": 0.5231469349112426,
 "top3_best_acc": 0.5093846153846154,
 "mode0_best_f1": 0.06014598540145986,
 "mode0_best_roc_auc": 0.5012081893491125,
 "mode0_best_acc": 0.5047692307692307
}