{
 "generalization_gap": 0.1430769230769231,
 "confidence_gap": 0.13755304301299975,
 "top3_best_f1": 0.6018834447932306,
 "top3_best_roc_auc": 0.5639220355029586,
 "top3_best_acc": 0.5512307692307692,
 "mode0_best_f1": 0.497129348193178,
 "mode0_best_roc_auc": 0.5595955029585798,
 "mode0_best_acc": 0.5418461538461539
}