{
 "generalization_gap": 0.1430769230769231,
 "confidence_gap": 0.13755304301299975,
 "top3_last_f1": 0.649835603569751,
 "top3_last_roc_auc": 0.5730038816568048,
 "top3_last_acc": 0.5412307692307692,
 "mode0_last_f1": 0.34466638334041655,
 "mode0_last_roc_auc": 0.5515523313609467,
 "mode0_last_acc": 0.5255384615384615
}