{
 "generalization_gap": -0.0005818181818181816,
 "confidence_gap": 0.0004052009691146441,
 "top3_last_f1": 0.16900558322015993,
 "top3_last_roc_auc": 0.49692889520661154,
 "top3_last_acc": 0.49936363636363634,
 "mode0_last_f1": 0.6666666666666666,
 "mode0_last_roc_auc": 0.5,
 "mode0_last_acc": 0.5
}