{
 "generalization_gap": 0.0627692307692308,
 "confidence_gap": 0.01965556076914074,
 "top3_best_f1": 0.1078107810781078,
 "top3_best_roc_auc": 0.49583862721893496,
 "top3_best_acc": 0.5009230769230769,
 "mode0_best_f1": 0.013386066321874049,
 "mode0_best_roc_auc": 0.4813593846153846,
 "mode0_best_acc": 0.5010769230769231
}