{
 "generalization_gap": 0.0017454545454545448,
 "confidence_gap": 0.0005740921433352794,
 "top3_best_f1": 0.002611818478615736,
 "top3_best_roc_auc": 0.4997818042975207,
 "top3_best_acc": 0.5000909090909091,
 "mode0_best_f1": 0.15026002971768201,
 "mode0_best_roc_auc": 0.49864737586776864,
 "mode0_best_acc": 0.5009090909090909,
 "mode3_best_f1": 0.0010899182561307902,
 "mode3_best_roc_auc": 0.5058516383471074,
 "mode3_best_acc": 0.5000909090909091
}