{
 "generalization_gap": 0.0017454545454545448,
 "confidence_gap": 0.0005740921433352794,
 "top3_last_f1": 0.05011389521640092,
 "top3_last_roc_auc": 0.49987406942148765,
 "top3_last_acc": 0.4996,
 "mode0_last_f1": 0.030250678701124703,
 "mode0_last_roc_auc": 0.501137357355372,
 "mode0_last_acc": 0.4999090909090909,
 "mode3_last_f1": 0.0,
 "mode3_last_roc_auc": 0.5001637633057852,
 "mode3_last_acc": 0.5
}