{
 "generalization_gap": 0.4605818181818182,
 "confidence_gap": 0.3175476490646249,
 "top3_best_f1": 0.5040479491881737,
 "top3_best_roc_auc": 0.6290531451239669,
 "top3_best_acc": 0.5968,
 "mode0_best_f1": 0.6666585706478839,
 "mode0_best_roc_auc": 0.6288073547107438,
 "mode0_best_acc": 0.5009272727272728,
 "mode3_best_f1": 0.5930722209644556,
 "mode3_best_roc_auc": 0.8094119973553717,
 "mode3_best_acc": 0.6732
}