{
 "generalization_gap": 0.00014545454545454584,
 "confidence_gap": -7.899381354512999e-05,
 "top3_best_f1": 0.009221902017291067,
 "top3_best_roc_auc": 0.4996948350413223,
 "top3_best_acc": 0.4999272727272727,
 "mode0_best_f1": 0.015048908954100826,
 "mode0_best_roc_auc": 0.4979475279338843,
 "mode0_best_acc": 0.5002,
 "mode3_best_f1": 0.008296659692662868,
 "mode3_best_roc_auc": 0.4994803147107438,
 "mode3_best_acc": 0.5001454545454546
}