{
 "generalization_gap": 0.00014545454545454584,
 "confidence_gap": -7.899381354512999e-05,
 "top3_last_f1": 0.009363295880149813,
 "top3_last_roc_auc": 0.49743656066115705,
 "top3_last_acc": 0.49985454545454544,
 "mode0_last_f1": 0.01242369838420108,
 "mode0_last_roc_auc": 0.4986164628099174,
 "mode0_last_acc": 0.4999272727272727,
 "mode3_last_f1": 0.008296659692662868,
 "mode3_last_roc_auc": 0.4994803147107438,
 "mode3_last_acc": 0.5001454545454546
}