{
 "generalization_gap": 0.14534545454545458,
 "confidence_gap": 0.11365184101457931,
 "top3_best_f1": 0.45393050712154953,
 "top3_best_roc_auc": 0.5383407867768595,
 "top3_best_acc": 0.5273818181818182,
 "mode0_best_f1": 0.513958938783163,
 "mode0_best_roc_auc": 0.5395277950413223,
 "mode0_best_acc": 0.5286727272727273,
 "mode3_best_f1": 0.5520730850316233,
 "mode3_best_roc_auc": 0.637478341157025,
 "mode3_best_acc": 0.5943818181818182
}