{
 "generalization_gap": 0.14534545454545458,
 "confidence_gap": 0.11365184101457931,
 "top3_last_f1": 0.4532879246552304,
 "top3_last_roc_auc": 0.5384258386776859,
 "top3_last_acc": 0.5271636363636364,
 "mode0_last_f1": 0.6398194058128754,
 "mode0_last_roc_auc": 0.5425968932231405,
 "mode0_last_acc": 0.5126363636363637,
 "mode3_last_f1": 0.5433356423943605,
 "mode3_last_roc_auc": 0.6373106849586777,
 "mode3_last_acc": 0.5924727272727273
}