{
 "generalization_gap": 0.0049454545454545445,
 "confidence_gap": 0.0027129206339871325,
 "top3_best_f1": 0.11637453573988402,
 "top3_best_roc_auc": 0.5121016680991736,
 "top3_best_acc": 0.5068727272727273,
 "mode0_best_f1": 0.17678690109358952,
 "mode0_best_roc_auc": 0.4979615828099173,
 "mode0_best_acc": 0.5045454545454545,
 "mode3_best_f1": 0.003913894324853229,
 "mode3_best_roc_auc": 0.5074023219834711,
 "mode3_best_acc": 0.5002545454545455
}