{
 "generalization_gap": 0.0049454545454545445,
 "confidence_gap": 0.0027129206339871325,
 "top3_last_f1": 0.1032990984445692,
 "top3_last_roc_auc": 0.5065490704132232,
 "top3_last_acc": 0.5063090909090909,
 "mode0_last_f1": 0.4513114622603674,
 "mode0_last_roc_auc": 0.5026717064462809,
 "mode0_last_acc": 0.5025090909090909,
 "mode3_last_f1": 0.0,
 "mode3_last_roc_auc": 0.5012901414876033,
 "mode3_last_acc": 0.5
}