{
 "generalization_gap": 0.030153846153846198,
 "confidence_gap": 0.02610213655535365,
 "top3_best_f1": 0.2138728323699422,
 "top3_best_roc_auc": 0.4908325207100591,
 "top3_best_acc": 0.4978461538461538,
 "mode0_best_f1": 0.029841838257236648,
 "mode0_best_roc_auc": 0.4923332544378698,
 "mode0_best_acc": 0.49984615384615383,
 "mode3_best_f1": 0.0018444512757454655,
 "mode3_best_roc_auc": 0.5085205207100592,
 "mode3_best_acc": 0.5004615384615385
}