{
 "generalization_gap": 0.030153846153846198,
 "confidence_gap": 0.02610213655535365,
 "top3_last_f1": 0.24153917477978673,
 "top3_last_roc_auc": 0.49082404733727814,
 "top3_last_acc": 0.4966153846153846,
 "mode0_last_f1": 0.003671970624235006,
 "mode0_last_roc_auc": 0.4927708402366864,
 "mode0_last_acc": 0.4990769230769231,
 "mode3_last_f1": 0.001226993865030675,
 "mode3_last_roc_auc": 0.5234499881656804,
 "mode3_last_acc": 0.4990769230769231
}