{
 "generalization_gap": 0.003333333333333355,
 "confidence_gap": 0.005457429864222929,
 "top3_last_f1": 0.23804181540030597,
 "top3_last_roc_auc": 0.5037574622222223,
 "top3_last_acc": 0.5019333333333333,
 "mode0_last_f1": 0.0799165234470906,
 "mode0_last_roc_auc": 0.5051823644444444,
 "mode0_last_acc": 0.5003333333333333
}