{
 "generalization_gap": 0.0016363636363636355,
 "confidence_gap": 8.761849889997366e-05,
 "top3_last_f1": 0.0,
 "top3_last_roc_auc": 0.5130417745454545,
 "top3_last_acc": 0.5,
 "mode0_last_f1": 0.0,
 "mode0_last_roc_auc": 0.5165339530578512,
 "mode0_last_acc": 0.5,
 "mode3_last_f1": 0.001598082301238514,
 "mode3_last_roc_auc": 0.49651598280991727,
 "mode3_last_acc": 0.5002
}