{
 "generalization_gap": 0.12745454545454546,
 "confidence_gap": 0.10175254129043232,
 "top3_best_f1": 0.4459220424951516,
 "top3_best_roc_auc": 0.5374454214876032,
 "top3_best_acc": 0.5272909090909091,
 "mode0_best_f1": 0.5014174072939013,
 "mode0_best_roc_auc": 0.5383338519008265,
 "mode0_best_acc": 0.5267272727272727,
 "mode3_best_f1": 0.5815402354428968,
 "mode3_best_roc_auc": 0.6227633170247933,
 "mode3_best_acc": 0.5908909090909091
}