{
 "generalization_gap": 0.30400000000000005,
 "confidence_gap": 0.3717657318218023,
 "top3_last_f1": 0.7410079051383399,
 "top3_last_roc_auc": 0.6681585022222221,
 "top3_last_acc": 0.6505333333333333,
 "mode0_last_f1": 0.8554773173265612,
 "mode0_last_roc_auc": 0.8649736466666667,
 "mode0_last_acc": 0.8330666666666666,
 "mode3_last_f1": 0.8646770882678035,
 "mode3_last_roc_auc": 0.8945429755555556,
 "mode3_last_acc": 0.8571666666666666
}