{
 "generalization_gap": 0.1648666666666666,
 "confidence_gap": 0.17964354321907983,
 "top3_best_f1": 0.710633775241931,
 "top3_best_roc_auc": 0.6756994422222222,
 "top3_best_acc": 0.6551333333333333,
 "mode0_best_f1": 0.7109213606941194,
 "mode0_best_roc_auc": 0.67288724,
 "mode0_best_acc": 0.6501666666666667,
 "mode3_best_f1": 0.675199609922594,
 "mode3_best_roc_auc": 0.6876366444444444,
 "mode3_best_acc": 0.6447333333333334
}