{
 "generalization_gap": 0.0023272727272727264,
 "confidence_gap": 0.00015572055837034977,
 "top3_best_f1": 0.5667234525837592,
 "top3_best_roc_auc": 0.4982425004958678,
 "top3_best_acc": 0.5005818181818181,
 "mode0_best_f1": 0.012783682849755815,
 "mode0_best_roc_auc": 0.5010764079338843,
 "mode0_best_acc": 0.5001454545454546
}