{
 "generalization_gap": 0.07507692307692304,
 "confidence_gap": 0.069655115768821,
 "top3_best_f1": 0.47880794701986756,
 "top3_best_roc_auc": 0.514287573964497,
 "top3_best_acc": 0.5156923076923077,
 "mode0_best_f1": 0.10930168368755173,
 "mode0_best_roc_auc": 0.49886068639053255,
 "mode0_best_acc": 0.5035384615384615,
 "mode3_best_f1": 0.17051049494687745,
 "mode3_best_roc_auc": 0.5464916449704142,
 "mode3_best_acc": 0.5075384615384615
}