{
 "generalization_gap": 0.002,
 "confidence_gap": 0.0004037768855257107,
 "top3_best_f1": 0.5058948467339849,
 "top3_best_roc_auc": 0.501167574214876,
 "top3_best_acc": 0.500890909090909,
 "mode0_best_f1": 0.6666666666666666,
 "mode0_best_roc_auc": 0.5019606611570249,
 "mode0_best_acc": 0.5
}