{
 "generalization_gap": 0.023600000000000065,
 "confidence_gap": 0.015997294850628063,
 "top3_best_f1": 0.5607426898855807,
 "top3_best_roc_auc": 0.5054514622222223,
 "top3_best_acc": 0.5047666666666667,
 "mode0_best_f1": 0.3397813288477713,
 "mode0_best_roc_auc": 0.5043891288888889,
 "mode0_best_acc": 0.5028333333333334,
 "mode3_best_f1": 0.1309433742652622,
 "mode3_best_roc_auc": 0.5120284022222222,
 "mode3_best_acc": 0.5022333333333333
}