{
 "generalization_gap": 0.136,
 "confidence_gap": 0.14743197650042406,
 "top3_last_f1": 0.69663164735189,
 "top3_last_roc_auc": 0.6511465562130178,
 "top3_last_acc": 0.569076923076923,
 "mode0_last_f1": 0.6859979101358411,
 "mode0_last_roc_auc": 0.651712426035503,
 "mode0_last_acc": 0.6301538461538462,
 "mode3_last_f1": 0.6451149425287356,
 "mode3_last_roc_auc": 0.662593325443787,
 "mode3_last_acc": 0.62
}