{
 "generalization_gap": 0.006145454545454548,
 "confidence_gap": 0.0033298456659802515,
 "top3_best_f1": 0.5259301699741306,
 "top3_best_roc_auc": 0.5016282241322314,
 "top3_best_acc": 0.5035454545454545,
 "mode0_best_f1": 0.003767842909934063,
 "mode0_best_roc_auc": 0.4961035166942148,
 "mode0_best_acc": 0.5000363636363636
}