{
 "generalization_gap": 0.0017454545454545466,
 "confidence_gap": 9.250775686169086e-05,
 "top3_best_f1": 0.008947254491666065,
 "top3_best_roc_auc": 0.4993445652892562,
 "top3_best_acc": 0.5005454545454545,
 "mode0_best_f1": 0.4655283442287052,
 "mode0_best_roc_auc": 0.5041100224793389,
 "mode0_best_acc": 0.5020181818181818,
 "mode3_best_f1": 0.007799805004874877,
 "mode3_best_roc_auc": 0.4968904899173554,
 "mode3_best_acc": 0.5004181818181819
}