{
 "generalization_gap": 0.0017454545454545466,
 "confidence_gap": 9.250775686169086e-05,
 "top3_last_f1": 0.008801991270156198,
 "top3_last_roc_auc": 0.5049585309090909,
 "top3_last_acc": 0.5004181818181819,
 "mode0_last_f1": 0.010792919844581954,
 "mode0_last_roc_auc": 0.5036687180165289,
 "mode0_last_acc": 0.5000727272727272,
 "mode3_last_f1": 0.007799805004874877,
 "mode3_last_roc_auc": 0.4968904899173554,
 "mode3_last_acc": 0.5004181818181819
}