{
 "generalization_gap": 0.0010666666666666672,
 "confidence_gap": 0.0003456324023286758,
 "top3_best_f1": 0.0,
 "top3_best_roc_auc": 0.5029227866666667,
 "top3_best_acc": 0.5,
 "mode0_best_f1": 0.12535778959051347,
 "mode0_best_roc_auc": 0.5040702355555555,
 "mode0_best_acc": 0.5009,
 "mode3_best_f1": 0.0,
 "mode3_best_roc_auc": 0.5106941822222222,
 "mode3_best_acc": 0.5
}