{
 "generalization_gap": 0.0010666666666666672,
 "confidence_gap": 0.0003456324023286758,
 "top3_last_f1": 0.0,
 "top3_last_roc_auc": 0.50401164,
 "top3_last_acc": 0.5,
 "mode0_last_f1": 0.10893090736116065,
 "mode0_last_roc_auc": 0.5044986377777778,
 "mode0_last_acc": 0.5004666666666666,
 "mode3_last_f1": 0.0,
 "mode3_last_roc_auc": 0.5037806333333334,
 "mode3_last_acc": 0.5
}