{
 "generalization_gap": 0.16066666666666662,
 "confidence_gap": 0.1639755529282978,
 "top3_best_f1": 0.7027641245177316,
 "top3_best_roc_auc": 0.6511429866666667,
 "top3_best_acc": 0.6250666666666667,
 "mode0_best_f1": 0.6820789548423744,
 "mode0_best_roc_auc": 0.65158482,
 "mode0_best_acc": 0.6268666666666667,
 "mode3_best_f1": 0.6863563586459286,
 "mode3_best_roc_auc": 0.6719988266666667,
 "mode3_best_acc": 0.6343333333333333
}