{
 "generalization_gap": 0.09513333333333329,
 "confidence_gap": 0.0724445344656085,
 "top3_best_f1": 0.4253486464315012,
 "top3_best_roc_auc": 0.5514114800000001,
 "top3_best_acc": 0.533,
 "mode0_best_f1": 0.23617668660161575,
 "mode0_best_roc_auc": 0.5204729266666667,
 "mode0_best_acc": 0.5146666666666667,
 "mode3_best_f1": 0.102303645927807,
 "mode3_best_roc_auc": 0.5703306711111111,
 "mode3_best_acc": 0.5051
}