{
 "generalization_gap": 0.09513333333333329,
 "confidence_gap": 0.0724445344656085,
 "top3_last_f1": 0.20879002793896412,
 "top3_last_roc_auc": 0.5568724822222222,
 "top3_last_acc": 0.5091333333333333,
 "mode0_last_f1": 0.014852786540483703,
 "mode0_last_roc_auc": 0.5349585066666667,
 "mode0_last_acc": 0.5003333333333333,
 "mode3_last_f1": 0.009107708553326294,
 "mode3_last_roc_auc": 0.5732396711111111,
 "mode3_last_acc": 0.49953333333333333
}