{
 "generalization_gap": 0.002836363636363637,
 "confidence_gap": 0.0012312986933134835,
 "top3_best_f1": 0.06443905935356155,
 "top3_best_roc_auc": 0.5017151200000001,
 "top3_best_acc": 0.5016181818181819,
 "mode0_best_f1": 0.43083522478812236,
 "mode0_best_roc_auc": 0.5018112383471075,
 "mode0_best_acc": 0.5030363636363636,
 "mode3_best_f1": 0.005790387955993051,
 "mode3_best_roc_auc": 0.5076243345454545,
 "mode3_best_acc": 0.5005090909090909
}