{
 "generalization_gap": 0.002836363636363637,
 "confidence_gap": 0.0012312986933134835,
 "top3_last_f1": 0.07031461893138052,
 "top3_last_roc_auc": 0.5017102201652892,
 "top3_last_acc": 0.5014181818181818,
 "mode0_last_f1": 0.43083522478812236,
 "mode0_last_roc_auc": 0.5018112383471075,
 "mode0_last_acc": 0.5030363636363636,
 "mode3_last_f1": 0.0,
 "mode3_last_roc_auc": 0.5004361342148761,
 "mode3_last_acc": 0.5
}