{
 "generalization_gap": 0.20399999999999996,
 "confidence_gap": 0.20308813640986834,
 "top3_last_f1": 0.126514131897712,
 "top3_last_roc_auc": 0.5944784378698225,
 "top3_last_acc": 0.5007692307692307,
 "mode0_last_f1": 0.6026431718061673,
 "mode0_last_roc_auc": 0.5994165680473373,
 "mode0_last_acc": 0.5836923076923077
}