{
 "generalization_gap": 0.039672727272727276,
 "confidence_gap": 0.018980591529508456,
 "top3_last_f1": 0.29675121926044434,
 "top3_last_roc_auc": 0.5048851424793389,
 "top3_last_acc": 0.5044909090909091,
 "mode0_last_f1": 0.2518409022474063,
 "mode0_last_roc_auc": 0.5032010631404957,
 "mode0_last_acc": 0.5030727272727272,
 "mode3_last_f1": 0.028624061215814085,
 "mode3_last_roc_auc": 0.5107048965289255,
 "mode3_last_acc": 0.5014545454545455
}