{
 "generalization_gap": 0.0871333333333334,
 "confidence_gap": 0.07836581211308385,
 "top3_last_f1": 0.4103574213139644,
 "top3_last_roc_auc": 0.5288207933333333,
 "top3_last_acc": 0.5210333333333333,
 "mode0_last_f1": 0.13233065174303368,
 "mode0_last_roc_auc": 0.5024333266666666,
 "mode0_last_acc": 0.5038666666666667,
 "mode3_last_f1": 0.04946413849958779,
 "mode3_last_roc_auc": 0.5552607511111112,
 "mode3_last_acc": 0.5003666666666666
}