{
 "generalization_gap": 0.15580000000000005,
 "confidence_gap": 0.16240741132900194,
 "top3_best_f1": 0.7254490558313291,
 "top3_best_roc_auc": 0.6723617066666667,
 "top3_best_acc": 0.6423333333333333,
 "mode0_best_f1": 0.7101152226900067,
 "mode0_best_roc_auc": 0.6757876133333334,
 "mode0_best_acc": 0.6511333333333333,
 "mode3_best_f1": 0.7174350909141076,
 "mode3_best_roc_auc": 0.6940485266666666,
 "mode3_best_acc": 0.6586333333333333
}