{
 "generalization_gap": 0.15580000000000005,
 "confidence_gap": 0.16240741132900194,
 "top3_last_f1": 0.706133992442427,
 "top3_last_roc_auc": 0.6611432644444444,
 "top3_last_acc": 0.5878333333333333,
 "mode0_last_f1": 0.7070769230769232,
 "mode0_last_roc_auc": 0.6769749977777777,
 "mode0_last_acc": 0.6509333333333334,
 "mode3_last_f1": 0.6744030214424951,
 "mode3_last_roc_auc": 0.6966527599999999,
 "mode3_last_acc": 0.6436666666666667
}