{
 "generalization_gap": 0.0007333333333333081,
 "confidence_gap": -0.0012636125114881547,
 "top3_best_f1": 0.2849906818942037,
 "top3_best_roc_auc": 0.49626173333333334,
 "top3_best_acc": 0.5012333333333333,
 "mode0_best_f1": 0.04203667028684597,
 "mode0_best_roc_auc": 0.4929430088888889,
 "mode0_best_acc": 0.5001666666666666,
 "mode3_best_f1": 0.005834383080289067,
 "mode3_best_roc_auc": 0.49828640888888887,
 "mode3_best_acc": 0.5001666666666666
}