{
 "generalization_gap": 0.0007333333333333081,
 "confidence_gap": -0.0012636125114881547,
 "top3_last_f1": 0.26201389915717876,
 "top3_last_roc_auc": 0.4963974666666666,
 "top3_last_acc": 0.5009,
 "mode0_last_f1": 0.06830601092896176,
 "mode0_last_roc_auc": 0.4929524311111111,
 "mode0_last_acc": 0.4998666666666667,
 "mode3_last_f1": 0.03136900535725812,
 "mode3_last_roc_auc": 0.49985554888888895,
 "mode3_last_acc": 0.4997666666666667
}