{
 "generalization_gap": 0.005199999999999982,
 "confidence_gap": 0.004684297592277675,
 "top3_last_f1": 0.24260175739824258,
 "top3_last_roc_auc": 0.4975696688888889,
 "top3_last_acc": 0.5000666666666667,
 "mode0_last_f1": 0.0817625458996328,
 "mode0_last_roc_auc": 0.4956907688888889,
 "mode0_last_acc": 0.4998666666666667
}