{
 "generalization_gap": 0.2233846153846154,
 "confidence_gap": 0.23163118800470406,
 "top3_best_f1": 0.717756183745583,
 "top3_best_roc_auc": 0.7561472189349113,
 "top3_best_acc": 0.6067692307692307,
 "mode0_best_f1": 0.7908447142134548,
 "mode0_best_roc_auc": 0.7783908165680473,
 "mode0_best_acc": 0.7455384615384615,
 "mode3_best_f1": 0.7953688044750877,
 "mode3_best_roc_auc": 0.7977723076923077,
 "mode3_best_acc": 0.758
}