{
 "generalization_gap": 0.0016727272727272736,
 "confidence_gap": 0.0019055490101130418,
 "top3_best_f1": 0.6059378053687418,
 "top3_best_roc_auc": 0.5002164476033059,
 "top3_best_acc": 0.5014181818181818,
 "mode0_best_f1": 0.004346093948064177,
 "mode0_best_roc_auc": 0.5030337388429752,
 "mode0_best_acc": 0.5001636363636364
}