{
 "generalization_gap": -3.636363636363646e-05,
 "confidence_gap": 0.0010202584609717638,
 "top3_best_f1": 0.4261971712762832,
 "top3_best_roc_auc": 0.501863947107438,
 "top3_best_acc": 0.5028363636363636,
 "mode0_best_f1": 0.010016935106114656,
 "mode0_best_roc_auc": 0.501874801322314,
 "mode0_best_acc": 0.5004545454545455
}