{
 "generalization_gap": 0.005999999999999998,
 "confidence_gap": 0.0025946704696090533,
 "top3_best_f1": 0.5976883524017403,
 "top3_best_roc_auc": 0.49899456661157027,
 "top3_best_acc": 0.5006727272727273,
 "mode0_best_f1": 0.00427474279089987,
 "mode0_best_roc_auc": 0.5002363933884297,
 "mode0_best_acc": 0.5002545454545455
}