{
 "generalization_gap": 0.0006545454545454563,
 "confidence_gap": 0.0004522354473490073,
 "top3_best_f1": 0.01616826441551009,
 "top3_best_roc_auc": 0.4991988304132231,
 "top3_best_acc": 0.4999272727272727,
 "mode0_best_f1": 0.5698983838796313,
 "mode0_best_roc_auc": 0.5009271305785125,
 "mode0_best_acc": 0.5020909090909091,
 "mode3_best_f1": 0.026277579062931614,
 "mode3_best_roc_auc": 0.5085868581818183,
 "mode3_best_acc": 0.5000909090909091
}