{
 "generalization_gap": 0.0006545454545454563,
 "confidence_gap": 0.0004522354473490073,
 "top3_last_f1": 0.023966531943558106,
 "top3_last_roc_auc": 0.4981594472727273,
 "top3_last_acc": 0.49945454545454543,
 "mode0_last_f1": 0.09127285955223385,
 "mode0_last_roc_auc": 0.5011611596694215,
 "mode0_last_acc": 0.5003818181818181,
 "mode3_last_f1": 0.08040637636600607,
 "mode3_last_roc_auc": 0.5069741031404958,
 "mode3_last_acc": 0.4996909090909091
}