{
 "generalization_gap": 0.0005818181818181816,
 "confidence_gap": 2.5454347916499705e-05,
 "top3_best_f1": 0.0029014942695488174,
 "top3_best_roc_auc": 0.4993940740495868,
 "top3_best_acc": 0.5001454545454546,
 "mode0_best_f1": 0.4884318766066838,
 "mode0_best_roc_auc": 0.504724266446281,
 "mode0_best_acc": 0.5043090909090909,
 "mode3_best_f1": 0.0023228803716608595,
 "mode3_best_roc_auc": 0.4993020390082644,
 "mode3_best_acc": 0.5002181818181818
}