{
 "generalization_gap": 0.0005818181818181816,
 "confidence_gap": 2.5454347916499705e-05,
 "top3_last_f1": 0.004559435498462095,
 "top3_last_roc_auc": 0.5005487166942149,
 "top3_last_acc": 0.49983636363636363,
 "mode0_last_f1": 0.02353777777777778,
 "mode0_last_roc_auc": 0.5038608958677686,
 "mode0_last_acc": 0.5006727272727273,
 "mode3_last_f1": 0.008791525545867263,
 "mode3_last_roc_auc": 0.49853500628099173,
 "mode3_last_acc": 0.49981818181818183
}