{
 "generalization_gap": 0.0005454545454545504,
 "confidence_gap": 0.0009055792701833099,
 "top3_best_f1": 0.11088069470546302,
 "top3_best_roc_auc": 0.5022367054545456,
 "top3_best_acc": 0.5010909090909091,
 "mode0_best_f1": 0.2508976291626696,
 "mode0_best_roc_auc": 0.5019360350413222,
 "mode0_best_acc": 0.5030727272727272,
 "mode3_best_f1": 0.15761972090735846,
 "mode3_best_roc_auc": 0.5082921123966943,
 "mode3_best_acc": 0.5017090909090909
}