{
 "generalization_gap": 0.0005454545454545504,
 "confidence_gap": 0.0009055792701833099,
 "top3_last_f1": 0.11205586628301704,
 "top3_last_roc_auc": 0.501405974214876,
 "top3_last_acc": 0.5006363636363637,
 "mode0_last_f1": 0.3783513359863559,
 "mode0_last_roc_auc": 0.5035501871074379,
 "mode0_last_acc": 0.5029636363636364,
 "mode3_last_f1": 0.13018915830900088,
 "mode3_last_roc_auc": 0.5083092938842976,
 "mode3_last_acc": 0.5017090909090909
}