{
 "generalization_gap": 0.11969230769230765,
 "confidence_gap": 0.1349115644609401,
 "top3_best_f1": 0.7167273128239057,
 "top3_best_roc_auc": 0.7372041183431952,
 "top3_best_acc": 0.6047692307692307,
 "mode0_best_f1": 0.7788413098236777,
 "mode0_best_roc_auc": 0.7608189822485205,
 "mode0_best_acc": 0.7298461538461538,
 "mode3_best_f1": 0.7658510918179428,
 "mode3_best_roc_auc": 0.7679512899408284,
 "mode3_best_acc": 0.7261538461538461
}