{
 "generalization_gap": 0.11969230769230765,
 "confidence_gap": 0.1349115644609401,
 "top3_last_f1": 0.16410523573847355,
 "top3_last_roc_auc": 0.737004023668639,
 "top3_last_acc": 0.5063076923076923,
 "mode0_last_f1": 0.7656398104265403,
 "mode0_last_roc_auc": 0.7735868875739643,
 "mode0_last_acc": 0.6956923076923077,
 "mode3_last_f1": 0.7658510918179428,
 "mode3_last_roc_auc": 0.7679512899408284,
 "mode3_last_acc": 0.7261538461538461
}