{
 "generalization_gap": 0.029538461538461513,
 "confidence_gap": 0.03055465971774657,
 "top3_best_f1": 0.6095823095823095,
 "top3_best_roc_auc": 0.5126563786982248,
 "top3_best_acc": 0.5110769230769231,
 "mode0_best_f1": 0.1921529175050302,
 "mode0_best_roc_auc": 0.5070072426035503,
 "mode0_best_acc": 0.5058461538461538
}