{
 "generalization_gap": 0.029538461538461513,
 "confidence_gap": 0.03055465971774657,
 "top3_last_f1": 0.04287812041116005,
 "top3_last_roc_auc": 0.5103646863905326,
 "top3_last_acc": 0.4986153846153846,
 "mode0_last_f1": 0.1921529175050302,
 "mode0_last_roc_auc": 0.5070072426035503,
 "mode0_last_acc": 0.5058461538461538
}