{
 "generalization_gap": 0.13846153846153852,
 "confidence_gap": 0.1351995256280859,
 "top3_best_f1": 0.6077969649398222,
 "top3_best_roc_auc": 0.5460354556213017,
 "top3_best_acc": 0.5387692307692308,
 "mode0_best_f1": 0.4979211707966073,
 "mode0_best_roc_auc": 0.5442518816568047,
 "mode0_best_acc": 0.5355384615384615
}