{
 "generalization_gap": 0.13846153846153852,
 "confidence_gap": 0.1351995256280859,
 "top3_last_f1": 0.1022539857064321,
 "top3_last_roc_auc": 0.545196449704142,
 "top3_last_acc": 0.49753846153846154,
 "mode0_last_f1": 0.49515212303577405,
 "mode0_last_roc_auc": 0.5437905325443787,
 "mode0_last_acc": 0.5353846153846153
}