{
 "generalization_gap": 0.005163636363636363,
 "confidence_gap": 0.002543646006561002,
 "top3_best_f1": 0.5114313848357354,
 "top3_best_roc_auc": 0.5030150241322314,
 "top3_best_acc": 0.5038363636363636,
 "mode0_best_f1": 0.005426132252930113,
 "mode0_best_roc_auc": 0.500109090909091,
 "mode0_best_acc": 0.500109090909091
}