{
 "generalization_gap": 0.10313333333333335,
 "confidence_gap": 0.08423011299265981,
 "top3_last_f1": 0.24731515902519624,
 "top3_last_roc_auc": 0.5290440733333334,
 "top3_last_acc": 0.5140666666666667,
 "mode0_last_f1": 0.3232635473748302,
 "mode0_last_roc_auc": 0.5300943377777778,
 "mode0_last_acc": 0.5183666666666666
}