{
 "generalization_gap": 0.008999999999999994,
 "confidence_gap": 0.002577983046689526,
 "top3_last_f1": 0.00013332444503699753,
 "top3_last_roc_auc": 0.5020545022222221,
 "top3_last_acc": 0.5000333333333333,
 "mode0_last_f1": 0.0018640569868850275,
 "mode0_last_roc_auc": 0.5022642622222222,
 "mode0_last_acc": 0.5002333333333333
}