{
 "generalization_gap": 0.022599999999999995,
 "confidence_gap": 0.013556188667656247,
 "top3_best_f1": 0.26434955312810327,
 "top3_best_roc_auc": 0.5111222733333334,
 "top3_best_acc": 0.5061333333333333,
 "mode0_best_f1": 0.09110813769614402,
 "mode0_best_roc_auc": 0.5016063733333334,
 "mode0_best_acc": 0.5018666666666667,
 "mode3_best_f1": 0.04864347270986275,
 "mode3_best_roc_auc": 0.5258420488888889,
 "mode3_best_acc": 0.5032333333333333
}