{
 "generalization_gap": 0.022599999999999995,
 "confidence_gap": 0.013556188667656247,
 "top3_last_f1": 0.14571740003442143,
 "top3_last_roc_auc": 0.5080946377777777,
 "top3_last_acc": 0.5036333333333334,
 "mode0_last_f1": 0.09110813769614402,
 "mode0_last_roc_auc": 0.5016063733333334,
 "mode0_last_acc": 0.5018666666666667,
 "mode3_last_f1": 0.03587791185390721,
 "mode3_last_roc_auc": 0.5257829866666667,
 "mode3_last_acc": 0.5019666666666667
}