{
 "generalization_gap": 0.14338461538461533,
 "confidence_gap": 0.1437947129757956,
 "top3_best_f1": 0.6136859673899089,
 "top3_best_roc_auc": 0.551506224852071,
 "top3_best_acc": 0.5370769230769231,
 "mode0_best_f1": 0.5042436345481777,
 "mode0_best_roc_auc": 0.5509170177514793,
 "mode0_best_acc": 0.5416923076923077
}