{
 "generalization_gap": 0.14338461538461533,
 "confidence_gap": 0.1437947129757956,
 "top3_last_f1": 0.13191489361702127,
 "top3_last_roc_auc": 0.5496024615384616,
 "top3_last_acc": 0.4978461538461538,
 "mode0_last_f1": 0.5165262475696694,
 "mode0_last_roc_auc": 0.5509046627218934,
 "mode0_last_acc": 0.540923076923077
}