{
 "generalization_gap": 0.00170909090909091,
 "confidence_gap": 2.8729230679296752e-05,
 "top3_last_f1": 0.0,
 "top3_last_roc_auc": 0.5,
 "top3_last_acc": 0.5,
 "mode0_last_f1": 0.6666666666666666,
 "mode0_last_roc_auc": 0.5,
 "mode0_last_acc": 0.5,
 "mode3_last_f1": 0.0,
 "mode3_last_roc_auc": 0.5,
 "mode3_last_acc": 0.5
}