{
 "generalization_gap": 0.004307692307692346,
 "confidence_gap": 0.002407858859725276,
 "top3_best_f1": 0.4884572520299315,
 "top3_best_roc_auc": 0.5038260828402367,
 "top3_best_acc": 0.5056923076923077,
 "mode0_best_f1": 0.1399198931909212,
 "mode0_best_roc_auc": 0.4984390532544379,
 "mode0_best_acc": 0.5044615384615385,
 "mode3_best_f1": 0.021745696164300814,
 "mode3_best_roc_auc": 0.496963597633136,
 "mode3_best_acc": 0.5016923076923077
}