{
 "generalization_gap": 0.004307692307692346,
 "confidence_gap": 0.002407858859725276,
 "top3_last_f1": 0.3328550932568149,
 "top3_last_roc_auc": 0.5043208994082841,
 "top3_last_acc": 0.49923076923076926,
 "mode0_last_f1": 0.10357241761284963,
 "mode0_last_roc_auc": 0.49703313609467453,
 "mode0_last_acc": 0.502,
 "mode3_last_f1": 0.026370991908900212,
 "mode3_last_roc_auc": 0.49830826035502956,
 "mode3_last_acc": 0.5001538461538462
}