{
 "generalization_gap": 0.22973333333333334,
 "confidence_gap": 0.23513095027828068,
 "top3_best_f1": 0.7151378969050103,
 "top3_best_roc_auc": 0.6422330511111111,
 "top3_best_acc": 0.6450333333333333,
 "mode0_best_f1": 0.7102272727272727,
 "mode0_best_roc_auc": 0.6423493466666667,
 "mode0_best_acc": 0.643,
 "mode3_best_f1": 0.7444076977162053,
 "mode3_best_roc_auc": 0.6655446199999999,
 "mode3_best_acc": 0.6728333333333333
}