{
 "generalization_gap": 0.008266666666666672,
 "confidence_gap": 0.0025196875175014927,
 "top3_best_f1": 0.0046456065834881875,
 "top3_best_roc_auc": 0.5028805577777777,
 "top3_best_acc": 0.5000666666666667,
 "mode0_best_f1": 0.0026602819898909284,
 "mode0_best_roc_auc": 0.5016575111111111,
 "mode0_best_acc": 0.5001333333333333
}