{
 "generalization_gap": 0.2867692307692308,
 "confidence_gap": 0.29340262707896214,
 "top3_best_f1": 0.7449856733524356,
 "top3_best_roc_auc": 0.7215174437869822,
 "top3_best_acc": 0.6576923076923077,
 "mode0_best_f1": 0.7769404672192917,
 "mode0_best_roc_auc": 0.7474938698224852,
 "mode0_best_acc": 0.7267692307692307,
 "mode3_best_f1": 0.7773171057910927,
 "mode3_best_roc_auc": 0.761385798816568,
 "mode3_best_acc": 0.7438461538461538
}