{
 "generalization_gap": 0.2867692307692308,
 "confidence_gap": 0.29340262707896214,
 "top3_last_f1": 0.7233474293345205,
 "top3_last_roc_auc": 0.7459865088757397,
 "top3_last_acc": 0.6175384615384616,
 "mode0_last_f1": 0.7008674842955429,
 "mode0_last_roc_auc": 0.7424649467455621,
 "mode0_last_acc": 0.6923076923076923,
 "mode3_last_f1": 0.7773171057910927,
 "mode3_last_roc_auc": 0.761385798816568,
 "mode3_last_acc": 0.7438461538461538
}