{
 "generalization_gap": 0.08769230769230774,
 "confidence_gap": 0.07878508141826368,
 "top3_best_f1": 0.5554927986444508,
 "top3_best_roc_auc": 0.5186887573964497,
 "top3_best_acc": 0.5156923076923077,
 "mode0_best_f1": 0.42319691686547994,
 "mode0_best_roc_auc": 0.517899976331361,
 "mode0_best_acc": 0.5164615384615384
}