{
 "generalization_gap": 0.08769230769230774,
 "confidence_gap": 0.07878508141826368,
 "top3_last_f1": 0.09641873278236915,
 "top3_last_roc_auc": 0.5175145088757397,
 "top3_last_acc": 0.49538461538461537,
 "mode0_last_f1": 0.4170668636867381,
 "mode0_last_roc_auc": 0.5175447573964498,
 "mode0_last_acc": 0.5144615384615384
}