{
 "generalization_gap": -0.0007636363636363639,
 "confidence_gap": 0.0001494344122157489,
 "top3_best_f1": 0.2293969144460028,
 "top3_best_roc_auc": 0.4988312978512397,
 "top3_best_acc": 0.5005090909090909,
 "mode0_best_f1": 0.00029083506016650305,
 "mode0_best_roc_auc": 0.49998181950413223,
 "mode0_best_acc": 0.5000181818181818
}