{
 "generalization_gap": -0.002153846153846173,
 "confidence_gap": 0.0014132793873835037,
 "top3_best_f1": 0.061975094121054154,
 "top3_best_roc_auc": 0.49939995266272186,
 "top3_best_acc": 0.5016923076923077,
 "mode0_best_f1": 0.03517138599105812,
 "mode0_best_roc_auc": 0.4972691124260355,
 "mode0_best_acc": 0.502,
 "mode3_best_f1": 0.0,
 "mode3_best_roc_auc": 0.5000086153846154,
 "mode3_best_acc": 0.5
}