{
 "generalization_gap": -0.002153846153846173,
 "confidence_gap": 0.0014132793873835037,
 "top3_last_f1": 0.061975094121054154,
 "top3_last_roc_auc": 0.49939995266272186,
 "top3_last_acc": 0.5016923076923077,
 "mode0_last_f1": 0.013986013986013988,
 "mode0_last_roc_auc": 0.4979077396449704,
 "mode0_last_acc": 0.5010769230769231,
 "mode3_last_f1": 0.001228878648233487,
 "mode3_last_roc_auc": 0.5009509112426035,
 "mode3_last_acc": 0.49984615384615383
}