{
 "generalization_gap": 0.0015272727272727243,
 "confidence_gap": 0.0008133138151889367,
 "top3_best_f1": 0.3721571964035229,
 "top3_best_roc_auc": 0.5022619385123966,
 "top3_best_acc": 0.5035818181818181,
 "mode0_best_f1": 0.046669907632474486,
 "mode0_best_roc_auc": 0.49734058181818186,
 "mode0_best_acc": 0.5008363636363636
}