{
 "generalization_gap": 0.06707692307692303,
 "confidence_gap": 0.06972451207911112,
 "top3_best_f1": 0.5747286390203173,
 "top3_best_roc_auc": 0.5372491360946745,
 "top3_best_acc": 0.5298461538461539,
 "mode0_best_f1": 0.46306274986963325,
 "mode0_best_roc_auc": 0.5268361183431953,
 "mode0_best_acc": 0.5247692307692308,
 "mode3_best_f1": 0.4622608695652174,
 "mode3_best_roc_auc": 0.5457703195266272,
 "mode3_best_acc": 0.5243076923076923
}