{
 "generalization_gap": 0.030200000000000005,
 "confidence_gap": 0.014444263120126796,
 "top3_best_f1": 0.2612419700214133,
 "top3_best_roc_auc": 0.5085633355555556,
 "top3_best_acc": 0.5055,
 "mode0_best_f1": 0.07812211200788614,
 "mode0_best_roc_auc": 0.5053380533333333,
 "mode0_best_acc": 0.5012333333333333,
 "mode3_best_f1": 0.0057067020570670205,
 "mode3_best_roc_auc": 0.5290168644444444,
 "mode3_best_acc": 0.5005333333333334
}