{
 "generalization_gap": 0.030200000000000005,
 "confidence_gap": 0.014444263120126796,
 "top3_last_f1": 0.13319446855291328,
 "top3_last_roc_auc": 0.5085925866666666,
 "top3_last_acc": 0.5006333333333334,
 "mode0_last_f1": 0.07812211200788614,
 "mode0_last_roc_auc": 0.5053380533333333,
 "mode0_last_acc": 0.5012333333333333,
 "mode3_last_f1": 0.0035878014749850507,
 "mode3_last_roc_auc": 0.5287262422222223,
 "mode3_last_acc": 0.5001
}