{
 "generalization_gap": 0.22826666666666662,
 "confidence_gap": 0.23860792269969866,
 "top3_best_f1": 0.7492595240527014,
 "top3_best_roc_auc": 0.6634994888888889,
 "top3_best_acc": 0.6726666666666666,
 "mode0_best_f1": 0.7402080863953642,
 "mode0_best_roc_auc": 0.6996676111111111,
 "mode0_best_acc": 0.6712333333333333,
 "mode3_best_f1": 0.7604318646046104,
 "mode3_best_roc_auc": 0.7494596133333334,
 "mode3_best_acc": 0.6989666666666666
}