{
 "generalization_gap": 0.22826666666666662,
 "confidence_gap": 0.23860792269969866,
 "top3_last_f1": 0.730458089668616,
 "top3_last_roc_auc": 0.6641684,
 "top3_last_acc": 0.6312666666666666,
 "mode0_last_f1": 0.6361740768144212,
 "mode0_last_roc_auc": 0.7164263311111112,
 "mode0_last_acc": 0.6394,
 "mode3_last_f1": 0.7604318646046104,
 "mode3_last_roc_auc": 0.7494596133333334,
 "mode3_last_acc": 0.6989666666666666
}