{
 "generalization_gap": 0.19292307692307686,
 "confidence_gap": 0.19857717461608704,
 "top3_best_f1": 0.7210776545166404,
 "top3_best_roc_auc": 0.6970455384615385,
 "top3_best_acc": 0.6209230769230769,
 "mode0_best_f1": 0.7321290322580644,
 "mode0_best_roc_auc": 0.7138317633136094,
 "mode0_best_acc": 0.6806153846153846
}