{
 "generalization_gap": 0.17046666666666666,
 "confidence_gap": 0.15110247242576702,
 "top3_best_f1": 0.5957851467836436,
 "top3_best_roc_auc": 0.57339256,
 "top3_best_acc": 0.5607666666666666,
 "mode0_best_f1": 0.5236213464345473,
 "mode0_best_roc_auc": 0.5770271022222222,
 "mode0_best_acc": 0.5539666666666667
}