{
 "generalization_gap": 0.20553846153846145,
 "confidence_gap": 0.21455973347343282,
 "top3_best_f1": 0.7191441441441442,
 "top3_best_roc_auc": 0.6887313609467456,
 "top3_best_acc": 0.6163076923076923,
 "mode0_best_f1": 0.7203556020394822,
 "mode0_best_roc_auc": 0.7031712189349113,
 "mode0_best_acc": 0.670923076923077,
 "mode3_best_f1": 0.7233759318423857,
 "mode3_best_roc_auc": 0.7180136804733728,
 "mode3_best_acc": 0.6803076923076923
}