{
 "generalization_gap": 0.20553846153846145,
 "confidence_gap": 0.21455973347343282,
 "top3_last_f1": 0.7051352239132815,
 "top3_last_roc_auc": 0.7032311952662722,
 "top3_last_acc": 0.5856923076923077,
 "mode0_last_f1": 0.6456692913385826,
 "mode0_last_roc_auc": 0.692736,
 "mode0_last_acc": 0.6469230769230769,
 "mode3_last_f1": 0.7115437345763642,
 "mode3_last_roc_auc": 0.7230071952662721,
 "mode3_last_acc": 0.6763076923076923
}