{
 "generalization_gap": 0.02626666666666666,
 "confidence_gap": 0.027275255068694992,
 "top3_best_f1": 0.5546523223837297,
 "top3_best_roc_auc": 0.5104877266666668,
 "top3_best_acc": 0.5087666666666667,
 "mode0_best_f1": 0.5078286361516423,
 "mode0_best_roc_auc": 0.5097794600000001,
 "mode0_best_acc": 0.5075333333333333
}