{
 "generalization_gap": 0.02626666666666666,
 "confidence_gap": 0.027275255068694992,
 "top3_last_f1": 0.5546523223837297,
 "top3_last_roc_auc": 0.5104877266666668,
 "top3_last_acc": 0.5087666666666667,
 "mode0_last_f1": 0.45933503836317136,
 "mode0_last_roc_auc": 0.5100996600000001,
 "mode0_last_acc": 0.5067333333333334
}