{
 "generalization_gap": 0.22430769230769232,
 "confidence_gap": 0.2324558558933978,
 "top3_best_f1": 0.7172520432957809,
 "top3_best_roc_auc": 0.7358781065088758,
 "top3_best_acc": 0.6061538461538462,
 "mode0_best_f1": 0.7574358974358975,
 "mode0_best_roc_auc": 0.7526394319526628,
 "mode0_best_acc": 0.7089230769230769
}