{
 "generalization_gap": 0.22430769230769232,
 "confidence_gap": 0.2324558558933978,
 "top3_last_f1": 0.15253786872176456,
 "top3_last_roc_auc": 0.7336419881656805,
 "top3_last_acc": 0.5093846153846154,
 "mode0_last_f1": 0.704320896622917,
 "mode0_last_roc_auc": 0.7405312189349114,
 "mode0_last_acc": 0.6915384615384615
}