{
 "generalization_gap": 0.004763636363636366,
 "confidence_gap": 0.0021197215798222264,
 "top3_best_f1": 0.6438739759569674,
 "top3_best_roc_auc": 0.49989999801652896,
 "top3_best_acc": 0.5028545454545454,
 "mode0_best_f1": 0.020397247084834005,
 "mode0_best_roc_auc": 0.5005452654545455,
 "mode0_best_acc": 0.5005272727272727
}