{
 "generalization_gap": 0.2495384615384615,
 "confidence_gap": 0.17458552769657515,
 "top3_best_f1": 0.5814063237376121,
 "top3_best_roc_auc": 0.6207776094674555,
 "top3_best_acc": 0.5906153846153847,
 "mode0_best_f1": 0.2649551949624606,
 "mode0_best_roc_auc": 0.5463350532544379,
 "mode0_best_acc": 0.5330769230769231
}