{
 "generalization_gap": 0.2495384615384615,
 "confidence_gap": 0.17458552769657515,
 "top3_last_f1": 0.024060150375939848,
 "top3_last_roc_auc": 0.5993770414201184,
 "top3_last_acc": 0.5007692307692307,
 "mode0_last_f1": 0.2447569701455712,
 "mode0_last_roc_auc": 0.544092875739645,
 "mode0_last_acc": 0.5290769230769231
}