{
 "generalization_gap": 0.10523076923076924,
 "confidence_gap": 0.0918996516717116,
 "top3_best_f1": 0.5424836601307189,
 "top3_best_roc_auc": 0.5263737278106508,
 "top3_best_acc": 0.5261538461538462,
 "mode0_best_f1": 0.16632124352331604,
 "mode0_best_roc_auc": 0.4877178224852071,
 "mode0_best_acc": 0.5049230769230769
}