{
 "generalization_gap": 0.10523076923076924,
 "confidence_gap": 0.0918996516717116,
 "top3_last_f1": 0.5424836601307189,
 "top3_last_roc_auc": 0.5263737278106508,
 "top3_last_acc": 0.5261538461538462,
 "mode0_last_f1": 0.07672634271099744,
 "mode0_last_roc_auc": 0.4799980591715976,
 "mode0_last_acc": 0.5001538461538462
}