{
 "generalization_gap": 0.037230769230769234,
 "confidence_gap": 0.0055232468591286665,
 "top3_best_f1": 0.2854594112399644,
 "top3_best_roc_auc": 0.5014427928994083,
 "top3_best_acc": 0.5070769230769231,
 "mode0_best_f1": 0.0715307582260372,
 "mode0_best_roc_auc": 0.4991777041420118,
 "mode0_best_acc": 0.5007692307692307,
 "mode3_best_f1": 0.08302530565823144,
 "mode3_best_roc_auc": 0.5222241893491124,
 "mode3_best_acc": 0.5038461538461538
}