{
 "generalization_gap": 0.037230769230769234,
 "confidence_gap": 0.0055232468591286665,
 "top3_last_f1": 0.0,
 "top3_last_roc_auc": 0.50181775147929,
 "top3_last_acc": 0.49984615384615383,
 "mode0_last_f1": 0.04466647076109316,
 "mode0_last_roc_auc": 0.49981510059171597,
 "mode0_last_acc": 0.49984615384615383,
 "mode3_last_f1": 0.0,
 "mode3_last_roc_auc": 0.5214664142011833,
 "mode3_last_acc": 0.5
}