{
 "generalization_gap": 0.6237090909090909,
 "confidence_gap": 0.7147090612630136,
 "top3_best_f1": 0.9021103735262063,
 "top3_best_roc_auc": 0.901123143801653,
 "top3_best_acc": 0.8922181818181818,
 "mode0_best_f1": 0.9218075343064418,
 "mode0_best_roc_auc": 0.9552213732231404,
 "mode0_best_acc": 0.9186727272727273,
 "mode3_best_f1": 0.9311530012047339,
 "mode3_best_roc_auc": 0.9708509943801652,
 "mode3_best_acc": 0.9293454545454546
}