{
 "generalization_gap": 0.0018909090909090907,
 "confidence_gap": 0.00016717168281530845,
 "top3_best_f1": 0.3419230769230769,
 "top3_best_roc_auc": 0.5007601778512396,
 "top3_best_acc": 0.5022545454545455,
 "mode0_best_f1": 0.0003635306092773012,
 "mode0_best_roc_auc": 0.5002444343801653,
 "mode0_best_acc": 0.5000363636363636
}