{
 "generalization_gap": 0.007933333333333334,
 "confidence_gap": 0.002209764007864823,
 "top3_best_f1": 0.026355079519636487,
 "top3_best_roc_auc": 0.49988254,
 "top3_best_acc": 0.5000333333333333,
 "mode0_best_f1": 0.06769307486131024,
 "mode0_best_roc_auc": 0.5008301444444445,
 "mode0_best_acc": 0.5014333333333333
}