{
 "generalization_gap": 0.00509090909090909,
 "confidence_gap": 0.002991766186816243,
 "top3_best_f1": 0.6663511365153335,
 "top3_best_roc_auc": 0.4967527233057851,
 "top3_best_acc": 0.5001272727272728,
 "mode0_best_f1": 0.004708097928436912,
 "mode0_best_roc_auc": 0.5002909712396694,
 "mode0_best_acc": 0.5003272727272727
}