{
 "generalization_gap": 0.7250909090909091,
 "confidence_gap": 0.7039877391336125,
 "top3_best_f1": 0.8335460856488361,
 "top3_best_roc_auc": 0.8585090823140497,
 "top3_best_acc": 0.8269272727272727,
 "mode0_best_f1": 0.6669981445324343,
 "mode0_best_roc_auc": 0.8546694618181818,
 "mode0_best_acc": 0.5007454545454545,
 "mode3_best_f1": 0.8937313841624157,
 "mode3_best_roc_auc": 0.9086080066115703,
 "mode3_best_acc": 0.8871272727272728
}