{
 "generalization_gap": -0.0040000000000000036,
 "confidence_gap": -0.002879146800800647,
 "top3_best_f1": 0.03190390080082666,
 "top3_best_roc_auc": 0.49494341777777784,
 "top3_best_acc": 0.5003333333333333,
 "mode0_best_f1": 0.14404748316402236,
 "mode0_best_roc_auc": 0.49602331555555557,
 "mode0_best_acc": 0.5000666666666667
}