{
 "generalization_gap": 0.04306666666666664,
 "confidence_gap": 0.022011033073662867,
 "top3_best_f1": 0.34797148640323855,
 "top3_best_roc_auc": 0.5114278577777778,
 "top3_best_acc": 0.5060666666666667,
 "mode0_best_f1": 0.1997519279512484,
 "mode0_best_roc_auc": 0.5068948799999999,
 "mode0_best_acc": 0.5053666666666666,
 "mode3_best_f1": 0.05556607943423628,
 "mode3_best_roc_auc": 0.5276478933333333,
 "mode3_best_acc": 0.5014333333333333
}