{
 "generalization_gap": 0.18153333333333332,
 "confidence_gap": 0.1887052565829369,
 "top3_last_f1": 0.6963099630996309,
 "top3_last_roc_auc": 0.6484289555555556,
 "top3_last_acc": 0.6159333333333333,
 "mode0_last_f1": 0.5409006516436711,
 "mode0_last_roc_auc": 0.6300370955555556,
 "mode0_last_acc": 0.5796333333333333
}