{
 "generalization_gap": 0.3057333333333333,
 "confidence_gap": 0.261390494373601,
 "top3_last_f1": 0.42284184697747046,
 "top3_last_roc_auc": 0.6078413422222222,
 "top3_last_acc": 0.5687666666666666,
 "mode0_last_f1": 0.4847498983326556,
 "mode0_last_roc_auc": 0.6081295755555556,
 "mode0_last_acc": 0.5776666666666667
}