{
 "generalization_gap": 0.19107692307692314,
 "confidence_gap": 0.19762697841177668,
 "top3_best_f1": 0.7170804255805971,
 "top3_best_roc_auc": 0.6815545562130176,
 "top3_best_acc": 0.6195384615384616,
 "mode0_best_f1": 0.7123684210526315,
 "mode0_best_roc_auc": 0.6944104142011834,
 "mode0_best_acc": 0.6636923076923077
}