{
 "generalization_gap": 0.19107692307692314,
 "confidence_gap": 0.19762697841177668,
 "top3_last_f1": 0.6931228373702423,
 "top3_last_roc_auc": 0.6866875739644971,
 "top3_last_acc": 0.5633846153846154,
 "mode0_last_f1": 0.6393015775769644,
 "mode0_last_roc_auc": 0.6872535384615386,
 "mode0_last_acc": 0.6376923076923077
}