{
 "generalization_gap": 0.0627692307692308,
 "confidence_gap": 0.05783762154635508,
 "top3_best_f1": 0.6416028815848716,
 "top3_best_roc_auc": 0.5206208284023668,
 "top3_best_acc": 0.5101538461538462,
 "mode0_best_f1": 0.25958840037418146,
 "mode0_best_roc_auc": 0.5081093017751479,
 "mode0_best_acc": 0.5129230769230769
}