{
 "generalization_gap": 0.0627692307692308,
 "confidence_gap": 0.05783762154635508,
 "top3_last_f1": 0.08272778088317496,
 "top3_last_roc_auc": 0.5109816804733728,
 "top3_last_acc": 0.4950769230769231,
 "mode0_last_f1": 0.3734115347018573,
 "mode0_last_roc_auc": 0.5090307218934911,
 "mode0_last_acc": 0.5069230769230769
}