{
 "generalization_gap": 0.6354909090909091,
 "confidence_gap": 0.6411548456284756,
 "top3_best_f1": 0.8108701814058957,
 "top3_best_roc_auc": 0.8689509090909091,
 "top3_best_acc": 0.8058909090909091,
 "mode0_best_f1": 0.817102876392848,
 "mode0_best_roc_auc": 0.8406885527272727,
 "mode0_best_acc": 0.807509090909091,
 "mode3_best_f1": 0.8300806853640073,
 "mode3_best_roc_auc": 0.9068898552066116,
 "mode3_best_acc": 0.8326727272727272
}