{
 "generalization_gap": 0.6354909090909091,
 "confidence_gap": 0.6411548456284756,
 "top3_last_f1": 0.7984177460637556,
 "top3_last_roc_auc": 0.7653638228099174,
 "top3_last_acc": 0.7637272727272727,
 "mode0_last_f1": 0.8121335465426175,
 "mode0_last_roc_auc": 0.8115864416528926,
 "mode0_last_acc": 0.7885272727272727,
 "mode3_last_f1": 0.5848366650414432,
 "mode3_last_roc_auc": 0.8997103596694216,
 "mode3_last_acc": 0.6903636363636364
}