{
 "generalization_gap": 0.07753846153846145,
 "confidence_gap": 0.05524376660843311,
 "top3_best_f1": 0.45091693635382957,
 "top3_best_roc_auc": 0.5341289467455621,
 "top3_best_acc": 0.5301538461538462,
 "mode0_best_f1": 0.14373170082512643,
 "mode0_best_roc_auc": 0.5083253017751479,
 "mode0_best_acc": 0.5050769230769231,
 "mode3_best_f1": 0.007337205747477836,
 "mode3_best_roc_auc": 0.5488495147928995,
 "mode3_best_acc": 0.5004615384615385
}