{
 "generalization_gap": 0.07753846153846145,
 "confidence_gap": 0.05524376660843311,
 "top3_last_f1": 0.45091693635382957,
 "top3_last_roc_auc": 0.5341289467455621,
 "top3_last_acc": 0.5301538461538462,
 "mode0_last_f1": 0.14373170082512643,
 "mode0_last_roc_auc": 0.5083253017751479,
 "mode0_last_acc": 0.5050769230769231,
 "mode3_last_f1": 0.03898405197873597,
 "mode3_last_roc_auc": 0.5505912426035502,
 "mode3_last_acc": 0.49938461538461537
}