{
 "generalization_gap": 0.00509090909090909,
 "confidence_gap": 0.002233981714951247,
 "top3_best_f1": 0.6665938917594546,
 "top3_best_roc_auc": 0.498100587107438,
 "top3_best_acc": 0.5002181818181818,
 "mode0_best_f1": 7.272462819533835e-05,
 "mode0_best_roc_auc": 0.5022089652892562,
 "mode0_best_acc": 0.5000181818181818
}