{
 "generalization_gap": 0.0006666666666666765,
 "confidence_gap": 3.9986131738847797e-05,
 "top3_best_f1": 0.07024511324852623,
 "top3_best_roc_auc": 0.503484668888889,
 "top3_best_acc": 0.5005666666666667,
 "mode0_best_f1": 0.012921940928270044,
 "mode0_best_roc_auc": 0.49964612444444445,
 "mode0_best_acc": 0.5009333333333333,
 "mode3_best_f1": 0.02434420360606652,
 "mode3_best_roc_auc": 0.5030214466666667,
 "mode3_best_acc": 0.5003666666666666
}