{
 "generalization_gap": 0.07740000000000002,
 "confidence_gap": 0.08888920857105809,
 "top3_best_f1": 0.7169857039011388,
 "top3_best_roc_auc": 0.6536051844444444,
 "top3_best_acc": 0.6106666666666667,
 "mode0_best_f1": 0.7060555763773625,
 "mode0_best_roc_auc": 0.6469710288888888,
 "mode0_best_acc": 0.634,
 "mode3_best_f1": 0.6970912738214644,
 "mode3_best_roc_auc": 0.6507385800000001,
 "mode3_best_acc": 0.6376
}