{
 "generalization_gap": 0.07740000000000002,
 "confidence_gap": 0.08888920857105809,
 "top3_last_f1": 0.7012633898225629,
 "top3_last_roc_auc": 0.6570827022222222,
 "top3_last_acc": 0.5751666666666667,
 "mode0_last_f1": 0.6705657604702425,
 "mode0_last_roc_auc": 0.668877931111111,
 "mode0_last_acc": 0.6263666666666666,
 "mode3_last_f1": 0.6365745094351452,
 "mode3_last_roc_auc": 0.6675401866666667,
 "mode3_last_acc": 0.6135333333333334
}