{
 "generalization_gap": 0.14276923076923076,
 "confidence_gap": 0.2213178351411882,
 "top3_best_f1": 0.7507823256978345,
 "top3_best_roc_auc": 0.7289085917159762,
 "top3_best_acc": 0.6936923076923077,
 "mode0_best_f1": 0.6229405303624667,
 "mode0_best_roc_auc": 0.6765952189349113,
 "mode0_best_acc": 0.6303076923076923,
 "mode3_best_f1": 0.4309572301425662,
 "mode3_best_roc_auc": 0.716839573964497,
 "mode3_best_acc": 0.5701538461538461
}