{
 "generalization_gap": 0.14276923076923076,
 "confidence_gap": 0.2213178351411882,
 "top3_last_f1": 0.7507823256978345,
 "top3_last_roc_auc": 0.7289085917159762,
 "top3_last_acc": 0.6936923076923077,
 "mode0_last_f1": 0.4520952193586465,
 "mode0_last_roc_auc": 0.6709965917159764,
 "mode0_last_acc": 0.5715384615384616,
 "mode3_last_f1": 0.18233915082052618,
 "mode3_last_roc_auc": 0.7141046153846153,
 "mode3_last_acc": 0.5170769230769231
}