{
 "generalization_gap": 0.1898461538461539,
 "confidence_gap": 0.18523649729261638,
 "top3_best_f1": 0.6656923639020825,
 "top3_best_roc_auc": 0.6042224852071006,
 "top3_best_acc": 0.5776923076923077,
 "mode0_best_f1": 0.5655150453749404,
 "mode0_best_roc_auc": 0.6004501775147929,
 "mode0_best_acc": 0.5801538461538461,
 "mode3_best_f1": 0.5928328699413037,
 "mode3_best_roc_auc": 0.6347517633136095,
 "mode3_best_acc": 0.5944615384615385
}