{
 "generalization_gap": 0.1898461538461539,
 "confidence_gap": 0.18523649729261638,
 "top3_last_f1": 0.6706822657245454,
 "top3_last_roc_auc": 0.614269775147929,
 "top3_last_acc": 0.5626153846153846,
 "mode0_last_f1": 0.4144358516755899,
 "mode0_last_roc_auc": 0.5873725917159763,
 "mode0_last_acc": 0.5456923076923077,
 "mode3_last_f1": 0.5305565039262548,
 "mode3_last_roc_auc": 0.6363042840236687,
 "mode3_last_acc": 0.5769230769230769
}