{
 "generalization_gap": 0.0007333333333333081,
 "confidence_gap": 0.002039369301880145,
 "top3_best_f1": 0.012639062602856957,
 "top3_best_roc_auc": 0.49305720222222227,
 "top3_best_acc": 0.5000333333333333,
 "mode0_best_f1": 0.09353257910339403,
 "mode0_best_roc_auc": 0.49479767333333335,
 "mode0_best_acc": 0.5005666666666667
}