{
 "generalization_gap": 0.0007333333333333081,
 "confidence_gap": 0.002039369301880145,
 "top3_last_f1": 0.24733963202386874,
 "top3_last_roc_auc": 0.49417234666666665,
 "top3_last_acc": 0.49546666666666667,
 "mode0_last_f1": 0.10694362017804153,
 "mode0_last_roc_auc": 0.4946458888888889,
 "mode0_last_acc": 0.4984
}