{
 "generalization_gap": 0.01206666666666667,
 "confidence_gap": 0.0030221288530599827,
 "top3_best_f1": 0.03257286886835132,
 "top3_best_roc_auc": 0.5047145022222221,
 "top3_best_acc": 0.5010333333333333,
 "mode0_best_f1": 0.10616602687140116,
 "mode0_best_roc_auc": 0.5017472288888889,
 "mode0_best_acc": 0.5032666666666666
}