{
 "generalization_gap": 0.01206666666666667,
 "confidence_gap": 0.0030221288530599827,
 "top3_last_f1": 0.0005330845605384155,
 "top3_last_roc_auc": 0.5020186733333333,
 "top3_last_acc": 0.5000333333333333,
 "mode0_last_f1": 0.004514972445388753,
 "mode0_last_roc_auc": 0.5015323266666667,
 "mode0_last_acc": 0.5002333333333333
}