{
 "generalization_gap": 0.0003636363636363646,
 "confidence_gap": -0.00012162197565818936,
 "top3_best_f1": 0.030551047766880692,
 "top3_best_roc_auc": 0.49964648528925615,
 "top3_best_acc": 0.5003636363636363,
 "mode0_best_f1": 0.08551448551448551,
 "mode0_best_roc_auc": 0.49846117553719005,
 "mode0_best_acc": 0.5006909090909091,
 "mode3_best_f1": 0.0010897994768962512,
 "mode3_best_roc_auc": 0.4990878056198348,
 "mode3_best_acc": 0.5000363636363636
}