{
 "generalization_gap": 0.0003636363636363646,
 "confidence_gap": -0.00012162197565818936,
 "top3_last_f1": 0.033876862524599385,
 "top3_last_roc_auc": 0.49968301157024786,
 "top3_last_acc": 0.5001454545454546,
 "mode0_last_f1": 0.021774710026328893,
 "mode0_last_roc_auc": 0.5010554545454545,
 "mode0_last_acc": 0.500109090909091,
 "mode3_last_f1": 0.0,
 "mode3_last_roc_auc": 0.500036372231405,
 "mode3_last_acc": 0.5
}