{
 "generalization_gap": 0.000690909090909091,
 "confidence_gap": 0.0005328209697776929,
 "top3_best_f1": 0.2977364467835062,
 "top3_best_roc_auc": 0.498291732892562,
 "top3_best_acc": 0.5002181818181818,
 "mode0_best_f1": 0.0031185408129963377,
 "mode0_best_roc_auc": 0.4961350975206612,
 "mode0_best_acc": 0.5001636363636364
}