{
 "generalization_gap": 0.000690909090909091,
 "confidence_gap": 0.0005328209697776929,
 "top3_last_f1": 0.27890818858560795,
 "top3_last_roc_auc": 0.49844736859504135,
 "top3_last_acc": 0.49805454545454547,
 "mode0_last_f1": 0.6666666666666666,
 "mode0_last_roc_auc": 0.5000909130578511,
 "mode0_last_acc": 0.5
}