{
 "generalization_gap": 0.10153846153846147,
 "confidence_gap": 0.09273291842489906,
 "top3_best_f1": 0.571785268414482,
 "top3_best_roc_auc": 0.5263628875739645,
 "top3_best_acc": 0.5250769230769231,
 "mode0_best_f1": 0.39984591679506937,
 "mode0_best_roc_auc": 0.5245046153846153,
 "mode0_best_acc": 0.5206153846153846
}