{
 "generalization_gap": 0.10153846153846147,
 "confidence_gap": 0.09273291842489906,
 "top3_last_f1": 0.0952905535665106,
 "top3_last_roc_auc": 0.5251724970414201,
 "top3_last_acc": 0.4946153846153846,
 "mode0_last_f1": 0.4292754152217558,
 "mode0_last_roc_auc": 0.5234101775147929,
 "mode0_last_acc": 0.5189230769230769
}