{
 "generalization_gap": 0.03713333333333334,
 "confidence_gap": 0.010813613373122644,
 "top3_last_f1": 0.00039978678038379536,
 "top3_last_roc_auc": 0.5048009511111111,
 "top3_last_acc": 0.49993333333333334,
 "mode0_last_f1": 0.00424938583095412,
 "mode0_last_roc_auc": 0.5029635155555556,
 "mode0_last_acc": 0.5001
}