{
 "generalization_gap": 0.12369230769230766,
 "confidence_gap": 0.1369704665893744,
 "top3_best_f1": 0.7221604801066903,
 "top3_best_roc_auc": 0.717758201183432,
 "top3_best_acc": 0.6153846153846154,
 "mode0_best_f1": 0.757130067783604,
 "mode0_best_roc_auc": 0.7349213727810651,
 "mode0_best_acc": 0.7078461538461538,
 "mode3_best_f1": 0.7593610223642172,
 "mode3_best_roc_auc": 0.7453629349112426,
 "mode3_best_acc": 0.7103076923076923
}