{
 "generalization_gap": 0.12369230769230766,
 "confidence_gap": 0.1369704665893744,
 "top3_last_f1": 0.6960805311629898,
 "top3_last_roc_auc": 0.7241055621301775,
 "top3_last_acc": 0.5633846153846154,
 "mode0_last_f1": 0.7625882071522544,
 "mode0_last_roc_auc": 0.7479292307692308,
 "mode0_last_acc": 0.6946153846153846,
 "mode3_last_f1": 0.7593610223642172,
 "mode3_last_roc_auc": 0.7453629349112426,
 "mode3_last_acc": 0.7103076923076923
}