{
 "generalization_gap": 0.5280666666666667,
 "confidence_gap": 0.5406705983041042,
 "top3_last_f1": 0.7657227485126267,
 "top3_last_roc_auc": 0.741098151111111,
 "top3_last_acc": 0.6941666666666667,
 "mode0_last_f1": 0.7992383608667667,
 "mode0_last_roc_auc": 0.8377241955555557,
 "mode0_last_acc": 0.7504666666666666,
 "mode3_last_f1": 0.6885021658180712,
 "mode3_last_roc_auc": 0.8733528911111111,
 "mode3_last_acc": 0.7267333333333333
}