{
 "generalization_gap": 0.11630769230769233,
 "confidence_gap": 0.041420916516906936,
 "top3_best_f1": 0.18232890704800817,
 "top3_best_roc_auc": 0.5120280236686391,
 "top3_best_acc": 0.5073846153846154,
 "mode0_best_f1": 0.038529934795494956,
 "mode0_best_roc_auc": 0.49156620118343197,
 "mode0_best_acc": 0.5009230769230769
}