{
 "generalization_gap": -0.021538461538461534,
 "confidence_gap": -0.007300639619549298,
 "top3_best_f1": 0.002456248081056187,
 "top3_best_roc_auc": 0.49415730177514794,
 "top3_best_acc": 0.5001538461538462,
 "mode0_best_f1": 0.0006151953245155337,
 "mode0_best_roc_auc": 0.508888426035503,
 "mode0_best_acc": 0.5001538461538462
}