{
 "generalization_gap": 0.0719333333333333,
 "confidence_gap": 0.08384075672657465,
 "top3_best_f1": 0.717704266174815,
 "top3_best_roc_auc": 0.6617426644444444,
 "top3_best_acc": 0.6071666666666666,
 "mode0_best_f1": 0.7188688017941635,
 "mode0_best_roc_auc": 0.7004133333333333,
 "mode0_best_acc": 0.6573666666666667,
 "mode3_best_f1": 0.7253505933117584,
 "mode3_best_roc_auc": 0.6853426355555556,
 "mode3_best_acc": 0.6605333333333333
}