{
 "generalization_gap": 0.07840000000000003,
 "confidence_gap": 0.07692760237393337,
 "top3_best_f1": 0.5750565525561755,
 "top3_best_roc_auc": 0.5347431111111112,
 "top3_best_acc": 0.5303666666666667,
 "mode0_best_f1": 0.5109664979513135,
 "mode0_best_roc_auc": 0.5334283911111111,
 "mode0_best_acc": 0.5265666666666666,
 "mode3_best_f1": 0.4246431739375857,
 "mode3_best_roc_auc": 0.55399208,
 "mode3_best_acc": 0.5243333333333333
}