{
 "generalization_gap": 0.07840000000000003,
 "confidence_gap": 0.07692760237393337,
 "top3_last_f1": 0.6182614735267403,
 "top3_last_roc_auc": 0.5339522866666666,
 "top3_last_acc": 0.5236666666666666,
 "mode0_last_f1": 0.44086315214422284,
 "mode0_last_roc_auc": 0.5327562644444445,
 "mode0_last_acc": 0.5223666666666666,
 "mode3_last_f1": 0.28360704100698203,
 "mode3_last_roc_auc": 0.5526918599999999,
 "mode3_last_acc": 0.5143333333333333
}