{
 "generalization_gap": 0.0012363636363636379,
 "confidence_gap": 0.0005012074298632804,
 "top3_best_f1": 0.09368917626101013,
 "top3_best_roc_auc": 0.5001732489256198,
 "top3_best_acc": 0.5004909090909091,
 "mode0_best_f1": 0.219132020630895,
 "mode0_best_roc_auc": 0.5045651186776859,
 "mode0_best_acc": 0.5017636363636364,
 "mode3_best_f1": 0.018917761279268988,
 "mode3_best_roc_auc": 0.5050123008264462,
 "mode3_best_acc": 0.5002545454545455
}