{
 "generalization_gap": 0.0012363636363636379,
 "confidence_gap": 0.0005012074298632804,
 "top3_last_f1": 0.13744001505504502,
 "top3_last_roc_auc": 0.5001498472727273,
 "top3_last_acc": 0.4999818181818182,
 "mode0_last_f1": 0.4416211718385323,
 "mode0_last_roc_auc": 0.5001793679338843,
 "mode0_last_acc": 0.49976363636363635,
 "mode3_last_f1": 0.0,
 "mode3_last_roc_auc": 0.5005633381818182,
 "mode3_last_acc": 0.4999818181818182
}