{
 "generalization_gap": 0.1124666666666666,
 "confidence_gap": 0.11054009701674394,
 "top3_last_f1": 0.6134805788271135,
 "top3_last_roc_auc": 0.5412587644444444,
 "top3_last_acc": 0.5263333333333333,
 "mode0_last_f1": 0.5575959933222037,
 "mode0_last_roc_auc": 0.5382075888888889,
 "mode0_last_acc": 0.5318333333333334
}