{
 "generalization_gap": 0.00830769230769235,
 "confidence_gap": 0.006415285500238843,
 "top3_last_f1": 0.4671508748761967,
 "top3_last_roc_auc": 0.5045363786982249,
 "top3_last_acc": 0.5033846153846154,
 "mode0_last_f1": 0.020531400966183576,
 "mode0_last_roc_auc": 0.5062280710059172,
 "mode0_last_acc": 0.5009230769230769,
 "mode3_last_f1": 0.03284562555986861,
 "mode3_last_roc_auc": 0.5071041893491124,
 "mode3_last_acc": 0.5016923076923077
}