{
 "generalization_gap": 0.021599999999999953,
 "confidence_gap": 0.022195915820403922,
 "top3_best_f1": 0.3010671806685158,
 "top3_best_roc_auc": 0.5047487577777777,
 "top3_best_acc": 0.5044333333333333,
 "mode0_best_f1": 0.45743319808458527,
 "mode0_best_roc_auc": 0.5028525644444445,
 "mode0_best_acc": 0.5052333333333333
}