{
 "generalization_gap": 0.021599999999999953,
 "confidence_gap": 0.022195915820403922,
 "top3_last_f1": 0.549644106647364,
 "top3_last_roc_auc": 0.5046205577777778,
 "top3_last_acc": 0.5022666666666666,
 "mode0_last_f1": 0.45743319808458527,
 "mode0_last_roc_auc": 0.5028525644444445,
 "mode0_last_acc": 0.5052333333333333
}