{
 "generalization_gap": 0.01266666666666666,
 "confidence_gap": 0.0032993761270821154,
 "top3_best_f1": 0.01924335646026967,
 "top3_best_roc_auc": 0.49652594,
 "top3_best_acc": 0.5005333333333334,
 "mode0_best_f1": 0.016665573125123026,
 "mode0_best_roc_auc": 0.49834372222222223,
 "mode0_best_acc": 0.5004333333333333
}