{
 "generalization_gap": 0.03806666666666669,
 "confidence_gap": 0.028221805475313055,
 "top3_best_f1": 0.4147634421459604,
 "top3_best_roc_auc": 0.5124391355555555,
 "top3_best_acc": 0.5105666666666666,
 "mode0_best_f1": 0.43674003386178234,
 "mode0_best_roc_auc": 0.5126056466666666,
 "mode0_best_acc": 0.5120666666666667
}