{
 "generalization_gap": 0.023866666666666703,
 "confidence_gap": 0.02135364832596498,
 "top3_best_f1": 0.5354769289195519,
 "top3_best_roc_auc": 0.5097322333333333,
 "top3_best_acc": 0.5107333333333334,
 "mode0_best_f1": 0.22654498044328553,
 "mode0_best_roc_auc": 0.5118485866666667,
 "mode0_best_acc": 0.5056333333333334,
 "mode3_best_f1": 0.1183445986007352,
 "mode3_best_roc_auc": 0.5154820022222222,
 "mode3_best_acc": 0.5043333333333333
}