{
 "generalization_gap": 0.02926666666666665,
 "confidence_gap": 0.008529983239469581,
 "top3_best_f1": 0.03662861933320436,
 "top3_best_roc_auc": 0.5023952333333332,
 "top3_best_acc": 0.5020333333333333,
 "mode0_best_f1": 0.11343638525564806,
 "mode0_best_roc_auc": 0.5042583066666666,
 "mode0_best_acc": 0.5029333333333333
}