{
 "generalization_gap": 0.12780000000000002,
 "confidence_gap": 0.12561209275426155,
 "top3_best_f1": 0.5455743321145041,
 "top3_best_roc_auc": 0.5529743644444445,
 "top3_best_acc": 0.5401666666666667,
 "mode0_best_f1": 0.5807080616659558,
 "mode0_best_roc_auc": 0.5519173222222222,
 "mode0_best_acc": 0.5412666666666667
}