{
 "generalization_gap": 0.12780000000000002,
 "confidence_gap": 0.12561209275426155,
 "top3_last_f1": 0.625053556126821,
 "top3_last_roc_auc": 0.5529308355555556,
 "top3_last_acc": 0.5332666666666667,
 "mode0_last_f1": 0.5773645123672743,
 "mode0_last_roc_auc": 0.5512942711111112,
 "mode0_last_acc": 0.5409333333333334
}