{
 "generalization_gap": 0.07466666666666666,
 "confidence_gap": 0.10222587356010815,
 "top3_best_f1": 0.7492616277576599,
 "top3_best_roc_auc": 0.6952476555555556,
 "top3_best_acc": 0.6745666666666666,
 "mode0_best_f1": 0.7273064195896758,
 "mode0_best_roc_auc": 0.6733145733333334,
 "mode0_best_acc": 0.6566333333333333,
 "mode3_best_f1": 0.7253381228399597,
 "mode3_best_roc_auc": 0.6991888022222223,
 "mode3_best_acc": 0.6635666666666666
}