{
 "generalization_gap": 0.07466666666666666,
 "confidence_gap": 0.10222587356010815,
 "top3_last_f1": 0.7214266804649707,
 "top3_last_roc_auc": 0.6979075733333334,
 "top3_last_acc": 0.6141666666666666,
 "mode0_last_f1": 0.5183357376053451,
 "mode0_last_roc_auc": 0.6739485022222222,
 "mode0_last_acc": 0.5770666666666666,
 "mode3_last_f1": 0.4921059994404252,
 "mode3_last_roc_auc": 0.6912302488888888,
 "mode3_last_acc": 0.5764333333333334
}