{
 "generalization_gap": 0.1605333333333333,
 "confidence_gap": 0.1270058491855987,
 "top3_best_f1": 0.4882865158305097,
 "top3_best_roc_auc": 0.5427055044444444,
 "top3_best_acc": 0.5318333333333334,
 "mode0_best_f1": 0.5166171491743246,
 "mode0_best_roc_auc": 0.5415016688888888,
 "mode0_best_acc": 0.5336
}