{
 "generalization_gap": 0.1605333333333333,
 "confidence_gap": 0.1270058491855987,
 "top3_last_f1": 0.2852854355330965,
 "top3_last_roc_auc": 0.5401736755555555,
 "top3_last_acc": 0.5238333333333334,
 "mode0_last_f1": 0.3560371517027864,
 "mode0_last_roc_auc": 0.5405680711111112,
 "mode0_last_acc": 0.5285333333333333
}