{
 "generalization_gap": 0.2836923076923077,
 "confidence_gap": 0.25864807304142146,
 "top3_best_f1": 0.6836534692277538,
 "top3_best_roc_auc": 0.6491006863905325,
 "top3_best_acc": 0.6275384615384615,
 "mode0_best_f1": 0.6896016554578376,
 "mode0_best_roc_auc": 0.6596591242603551,
 "mode0_best_acc": 0.6307692307692307,
 "mode3_best_f1": 0.690213597654614,
 "mode3_best_roc_auc": 0.7000396686390533,
 "mode3_best_acc": 0.6586153846153846
}