{
 "generalization_gap": 0.2836923076923077,
 "confidence_gap": 0.25864807304142146,
 "top3_last_f1": 0.16421825813221405,
 "top3_last_roc_auc": 0.6464160946745563,
 "top3_last_acc": 0.5098461538461538,
 "mode0_last_f1": 0.4018340975406419,
 "mode0_last_roc_auc": 0.6366849704142012,
 "mode0_last_acc": 0.5584615384615385,
 "mode3_last_f1": 0.3873164503085763,
 "mode3_last_roc_auc": 0.7013419171597635,
 "mode3_last_acc": 0.557076923076923
}