{
 "generalization_gap": 0.4329333333333333,
 "confidence_gap": 0.40107450318775584,
 "top3_last_f1": 0.45064509075005466,
 "top3_last_roc_auc": 0.6477672955555556,
 "top3_last_acc": 0.5813,
 "mode0_last_f1": 0.6385274516026657,
 "mode0_last_roc_auc": 0.6523502977777778,
 "mode0_last_acc": 0.6203333333333333,
 "mode3_last_f1": 0.5635305917753259,
 "mode3_last_roc_auc": 0.7662034622222221,
 "mode3_last_acc": 0.6373666666666666
}