{
 "generalization_gap": 0.131,
 "confidence_gap": 0.13034863396359753,
 "top3_best_f1": 0.650040091796389,
 "top3_best_roc_auc": 0.5935669311111111,
 "top3_best_acc": 0.5781,
 "mode0_best_f1": 0.6319385639618069,
 "mode0_best_roc_auc": 0.5947294311111111,
 "mode0_best_acc": 0.5798333333333333,
 "mode3_best_f1": 0.5887729305762623,
 "mode3_best_roc_auc": 0.6155370377777778,
 "mode3_best_acc": 0.5770666666666666
}