{
 "generalization_gap": 0.1104615384615385,
 "confidence_gap": 0.08312251452571495,
 "top3_best_f1": 0.48836413415468855,
 "top3_best_roc_auc": 0.5511182011834319,
 "top3_best_acc": 0.54,
 "mode0_best_f1": 0.12035010940919036,
 "mode0_best_roc_auc": 0.5077355739644971,
 "mode0_best_acc": 0.5052307692307693,
 "mode3_best_f1": 0.07422209534684557,
 "mode3_best_roc_auc": 0.5753304142011835,
 "mode3_best_acc": 0.5010769230769231
}