{
 "generalization_gap": 0.0008666666666666545,
 "confidence_gap": 0.00030606626369948653,
 "top3_best_f1": 0.21869782971619364,
 "top3_best_roc_auc": 0.5021374666666667,
 "top3_best_acc": 0.5008,
 "mode0_best_f1": 0.024483948687894774,
 "mode0_best_roc_auc": 0.49463961777777776,
 "mode0_best_acc": 0.5006333333333334,
 "mode3_best_f1": 0.0010658140154543032,
 "mode3_best_roc_auc": 0.5004960755555554,
 "mode3_best_acc": 0.5001333333333333
}