{
 "generalization_gap": 0.0008666666666666545,
 "confidence_gap": 0.00030606626369948653,
 "top3_last_f1": 0.0925176641101516,
 "top3_last_roc_auc": 0.5021505644444445,
 "top3_last_acc": 0.4991,
 "mode0_last_f1": 0.05672599207597006,
 "mode0_last_roc_auc": 0.49794816666666675,
 "mode0_last_acc": 0.5000333333333333,
 "mode3_last_f1": 0.0010658140154543032,
 "mode3_last_roc_auc": 0.5004960755555554,
 "mode3_last_acc": 0.5001333333333333
}