{
 "generalization_gap": 0.002,
 "confidence_gap": 9.191212464515486e-05,
 "top3_best_f1": 0.0,
 "top3_best_roc_auc": 0.5004449461157026,
 "top3_best_acc": 0.5,
 "mode0_best_f1": 0.6601225475026304,
 "mode0_best_roc_auc": 0.5017048204958677,
 "mode0_best_acc": 0.5007818181818182,
 "mode3_best_f1": 7.272198385571959e-05,
 "mode3_best_roc_auc": 0.5029088297520661,
 "mode3_best_acc": 0.5
}