{
 "generalization_gap": 0.006666666666666599,
 "confidence_gap": 0.005488980934314214,
 "top3_best_f1": 0.45489190179552946,
 "top3_best_roc_auc": 0.5035797955555555,
 "top3_best_acc": 0.5041333333333333,
 "mode0_best_f1": 0.28270387298532595,
 "mode0_best_roc_auc": 0.5017170577777778,
 "mode0_best_acc": 0.5030333333333333
}