{
 "generalization_gap": 0.006666666666666599,
 "confidence_gap": 0.005488980934314214,
 "top3_last_f1": 0.3774025432562018,
 "top3_last_roc_auc": 0.5044107688888889,
 "top3_last_acc": 0.5022333333333333,
 "mode0_last_f1": 0.20041731314536407,
 "mode0_last_roc_auc": 0.5020327644444444,
 "mode0_last_acc": 0.5018333333333334
}