{
 "generalization_gap": 0.11107692307692307,
 "confidence_gap": 0.10924969917894489,
 "top3_best_f1": 0.5452625226312614,
 "top3_best_roc_auc": 0.5449600946745562,
 "top3_best_acc": 0.5363076923076923,
 "mode0_best_f1": 0.39302694136291605,
 "mode0_best_roc_auc": 0.5411912899408284,
 "mode0_best_acc": 0.5286153846153846
}