{
 "generalization_gap": 0.0012727272727272726,
 "confidence_gap": 0.00040913684398593154,
 "top3_best_f1": 0.4105758938128881,
 "top3_best_roc_auc": 0.4981833309090909,
 "top3_best_acc": 0.4994181818181818,
 "mode0_best_f1": 0.0002181421559716415,
 "mode0_best_roc_auc": 0.5008585533884298,
 "mode0_best_acc": 0.5000181818181818
}