{
 "generalization_gap": 0.0012727272727272726,
 "confidence_gap": 0.00040913684398593154,
 "top3_last_f1": 0.1858430619181321,
 "top3_last_roc_auc": 0.49766779371900827,
 "top3_last_acc": 0.49914545454545456,
 "mode0_last_f1": 0.6666666666666666,
 "mode0_last_roc_auc": 0.5000181818181818,
 "mode0_last_acc": 0.5
}