{
 "generalization_gap": -0.00021818181818181875,
 "confidence_gap": 0.0002677394710352346,
 "top3_best_f1": 0.5534216227662937,
 "top3_best_roc_auc": 0.502345918677686,
 "top3_best_acc": 0.5015454545454545,
 "mode0_best_f1": 0.6666666666666666,
 "mode0_best_roc_auc": 0.49720936925619835,
 "mode0_best_acc": 0.5
}