{
 "generalization_gap": 0.07646666666666668,
 "confidence_gap": 0.06069574831428659,
 "top3_best_f1": 0.5039752339407585,
 "top3_best_roc_auc": 0.53646102,
 "top3_best_acc": 0.53,
 "mode0_best_f1": 0.21283188204498105,
 "mode0_best_roc_auc": 0.5185088866666667,
 "mode0_best_acc": 0.5088333333333334,
 "mode3_best_f1": 0.1220190543819161,
 "mode3_best_roc_auc": 0.5524146466666666,
 "mode3_best_acc": 0.5054333333333333
}