{
 "generalization_gap": 0.07646666666666668,
 "confidence_gap": 0.06069574831428659,
 "top3_last_f1": 0.353731142844353,
 "top3_last_roc_auc": 0.538007648888889,
 "top3_last_acc": 0.5187666666666667,
 "mode0_last_f1": 0.023207301173402868,
 "mode0_last_roc_auc": 0.5273490577777777,
 "mode0_last_acc": 0.5005333333333334,
 "mode3_last_f1": 0.015767689376519282,
 "mode3_last_roc_auc": 0.5550453622222222,
 "mode3_last_acc": 0.5006333333333334
}