{
 "generalization_gap": 0.0025090909090909096,
 "confidence_gap": 4.840928278713151e-05,
 "top3_last_f1": 0.014670626543099438,
 "top3_last_roc_auc": 0.49445388429752063,
 "top3_last_acc": 0.49932727272727273,
 "mode0_last_f1": 0.020580380986291613,
 "mode0_last_roc_auc": 0.4992676442975207,
 "mode0_last_acc": 0.49987272727272725,
 "mode3_last_f1": 0.004636337293538105,
 "mode3_last_roc_auc": 0.4984032085950414,
 "mode3_last_acc": 0.5003636363636363
}