{
 "generalization_gap": 0.1286666666666667,
 "confidence_gap": 0.10148106284476366,
 "top3_best_f1": 0.5415035498639771,
 "top3_best_roc_auc": 0.5475477577777778,
 "top3_best_acc": 0.5393333333333333,
 "mode0_best_f1": 0.4956801503813758,
 "mode0_best_roc_auc": 0.5438436066666668,
 "mode0_best_acc": 0.5349666666666667,
 "mode3_best_f1": 0.15795188296474086,
 "mode3_best_roc_auc": 0.5812466044444444,
 "mode3_best_acc": 0.5088333333333334
}