{
 "generalization_gap": 0.010266666666666646,
 "confidence_gap": 0.01145031696600296,
 "top3_last_f1": 0.472352982505445,
 "top3_last_roc_auc": 0.5019438444444444,
 "top3_last_acc": 0.49933333333333335,
 "mode0_last_f1": 0.13104013104013104,
 "mode0_last_roc_auc": 0.5039658911111111,
 "mode0_last_acc": 0.5048666666666667,
 "mode3_last_f1": 0.09214290061469174,
 "mode3_last_roc_auc": 0.5086546288888889,
 "mode3_last_acc": 0.5027666666666667
}