{
 "generalization_gap": 0.4004000000000001,
 "confidence_gap": 0.48875115891514875,
 "top3_best_f1": 0.8018858785158394,
 "top3_best_roc_auc": 0.8466412244444445,
 "top3_best_acc": 0.7955,
 "mode0_best_f1": 0.7963698588278434,
 "mode0_best_roc_auc": 0.8096329911111112,
 "mode0_best_acc": 0.7778666666666667,
 "mode3_best_f1": 0.5216515609264853,
 "mode3_best_roc_auc": 0.8560406288888889,
 "mode3_best_acc": 0.6516666666666666
}