{
 "generalization_gap": 0.0031333333333333213,
 "confidence_gap": 0.0004948897249710468,
 "top3_best_f1": 0.01381669846700441,
 "top3_best_roc_auc": 0.49959018222222223,
 "top3_best_acc": 0.5003666666666666,
 "mode0_best_f1": 0.004779924317864967,
 "mode0_best_roc_auc": 0.5008841488888889,
 "mode0_best_acc": 0.5003,
 "mode3_best_f1": 0.0,
 "mode3_best_roc_auc": 0.5071897155555556,
 "mode3_best_acc": 0.5
}