{
 "generalization_gap": 0.0031333333333333213,
 "confidence_gap": 0.0004948897249710468,
 "top3_last_f1": 0.00013332444503699753,
 "top3_last_roc_auc": 0.5008828066666666,
 "top3_last_acc": 0.5000333333333333,
 "mode0_last_f1": 0.2682096664397549,
 "mode0_last_roc_auc": 0.49464994222222225,
 "mode0_last_acc": 0.49833333333333335,
 "mode3_last_f1": 0.0,
 "mode3_last_roc_auc": 0.5036900066666667,
 "mode3_last_acc": 0.49996666666666667
}