{
 "generalization_gap": -0.005538461538461548,
 "confidence_gap": -0.005746333563055539,
 "top3_best_f1": 0.1157382368848026,
 "top3_best_roc_auc": 0.494378650887574,
 "top3_best_acc": 0.4969230769230769,
 "mode0_best_f1": 0.028051327961802448,
 "mode0_best_roc_auc": 0.4917861775147929,
 "mode0_best_acc": 0.4989230769230769,
 "mode3_best_f1": 0.0036821110770174897,
 "mode3_best_roc_auc": 0.49141145562130173,
 "mode3_best_acc": 0.5004615384615385
}