{
 "generalization_gap": -0.005538461538461548,
 "confidence_gap": -0.005746333563055539,
 "top3_last_f1": 0.1680503144654088,
 "top3_last_roc_auc": 0.4940593609467455,
 "top3_last_acc": 0.49123076923076925,
 "mode0_last_f1": 0.023374288282888823,
 "mode0_last_roc_auc": 0.49217117159763313,
 "mode0_last_acc": 0.4986153846153846,
 "mode3_last_f1": 0.014554275318374771,
 "mode3_last_roc_auc": 0.4933469349112426,
 "mode3_last_acc": 0.5
}