{
 "generalization_gap": 0.01319999999999999,
 "confidence_gap": 0.011336569063941981,
 "top3_best_f1": 0.45304150501427426,
 "top3_best_roc_auc": 0.5023839422222223,
 "top3_best_acc": 0.5018666666666667,
 "mode0_best_f1": 0.3200834921499229,
 "mode0_best_roc_auc": 0.5014244444444445,
 "mode0_best_acc": 0.5005333333333334
}