{
 "generalization_gap": 0.1034666666666667,
 "confidence_gap": 0.10056461821571328,
 "top3_best_f1": 0.5563179496819876,
 "top3_best_roc_auc": 0.5352576133333333,
 "top3_best_acc": 0.5279666666666667,
 "mode0_best_f1": 0.5368781601696297,
 "mode0_best_roc_auc": 0.5317981022222222,
 "mode0_best_acc": 0.5267666666666667
}