{
 "generalization_gap": 0.11723076923076925,
 "confidence_gap": 0.13289977936774178,
 "top3_best_f1": 0.7222407469156386,
 "top3_best_roc_auc": 0.697748875739645,
 "top3_best_acc": 0.6155384615384616,
 "mode0_best_f1": 0.7472070667705899,
 "mode0_best_roc_auc": 0.7108922130177514,
 "mode0_best_acc": 0.7006153846153846,
 "mode3_best_f1": 0.7598760650658405,
 "mode3_best_roc_auc": 0.7243225562130179,
 "mode3_best_acc": 0.7138461538461538
}