{
 "generalization_gap": 0.11723076923076925,
 "confidence_gap": 0.13289977936774178,
 "top3_last_f1": 0.6969111969111969,
 "top3_last_roc_auc": 0.7072190295857989,
 "top3_last_acc": 0.5652307692307692,
 "mode0_last_f1": 0.7572046109510088,
 "mode0_last_roc_auc": 0.722427976331361,
 "mode0_last_acc": 0.688923076923077,
 "mode3_last_f1": 0.7591836734693879,
 "mode3_last_roc_auc": 0.7337389349112426,
 "mode3_last_acc": 0.7004615384615385
}