{
 "generalization_gap": -0.0003076923076923421,
 "confidence_gap": 0.0015714717970158054,
 "top3_best_f1": 0.13035281443576624,
 "top3_best_roc_auc": 0.49248719526627216,
 "top3_best_acc": 0.5032307692307693,
 "mode0_best_f1": 0.0,
 "mode0_best_roc_auc": 0.4990189822485207,
 "mode0_best_acc": 0.5,
 "mode3_best_f1": 0.0,
 "mode3_best_roc_auc": 0.4986760710059171,
 "mode3_best_acc": 0.5
}