{
 "generalization_gap": -0.0003076923076923421,
 "confidence_gap": 0.0015714717970158054,
 "top3_last_f1": 0.02585688514732411,
 "top3_last_roc_auc": 0.49334257988165686,
 "top3_last_acc": 0.5015384615384615,
 "mode0_last_f1": 0.0,
 "mode0_last_roc_auc": 0.49789926627218933,
 "mode0_last_acc": 0.5,
 "mode3_last_f1": 0.0,
 "mode3_last_roc_auc": 0.49644293491124264,
 "mode3_last_acc": 0.5
}