{
 "generalization_gap": 0.028533333333333355,
 "confidence_gap": 0.01034297385455396,
 "top3_last_f1": 0.19980684622813605,
 "top3_last_roc_auc": 0.5031394644444445,
 "top3_last_acc": 0.5028666666666667,
 "mode0_last_f1": 0.035909646695411544,
 "mode0_last_roc_auc": 0.5039371666666667,
 "mode0_last_acc": 0.5006333333333334,
 "mode3_last_f1": 0.0019966722129783694,
 "mode3_last_roc_auc": 0.517144111111111,
 "mode3_last_acc": 0.5001666666666666
}