{
 "generalization_gap": 0.14073333333333338,
 "confidence_gap": 0.1372901472118615,
 "top3_last_f1": 0.6382312250385027,
 "top3_last_roc_auc": 0.5618509577777777,
 "top3_last_acc": 0.5380333333333334,
 "mode0_last_f1": 0.5957358232477921,
 "mode0_last_roc_auc": 0.5574499866666667,
 "mode0_last_acc": 0.5468333333333333
}