{
 "generalization_gap": 0.23815384615384616,
 "confidence_gap": 0.2431562130215772,
 "top3_best_f1": 0.7172112287160607,
 "top3_best_roc_auc": 0.676124402366864,
 "top3_best_acc": 0.6218461538461538,
 "mode0_best_f1": 0.7094540612516645,
 "mode0_best_roc_auc": 0.6924726153846155,
 "mode0_best_acc": 0.6643076923076923
}