{
 "generalization_gap": 0.23815384615384616,
 "confidence_gap": 0.2431562130215772,
 "top3_last_f1": 0.14783526927138332,
 "top3_last_roc_auc": 0.6742398579881657,
 "top3_last_acc": 0.5033846153846154,
 "mode0_last_f1": 0.7094540612516645,
 "mode0_last_roc_auc": 0.6924726153846155,
 "mode0_last_acc": 0.6643076923076923
}