{
 "generalization_gap": 0.18453333333333333,
 "confidence_gap": 0.16505771693847915,
 "top3_best_f1": 0.6180518636658987,
 "top3_best_roc_auc": 0.5860101511111111,
 "top3_best_acc": 0.5689333333333333,
 "mode0_best_f1": 0.5546115680010876,
 "mode0_best_roc_auc": 0.5863498155555555,
 "mode0_best_acc": 0.5631333333333334
}