{
 "generalization_gap": 0.18453333333333333,
 "confidence_gap": 0.16505771693847915,
 "top3_last_f1": 0.57429299196656,
 "top3_last_roc_auc": 0.5861122911111111,
 "top3_last_acc": 0.5654666666666667,
 "mode0_last_f1": 0.4520663480461063,
 "mode0_last_roc_auc": 0.5864295222222222,
 "mode0_last_acc": 0.5452333333333333
}