{
 "generalization_gap": 0.00509090909090909,
 "confidence_gap": 0.0025693981140621353,
 "top3_last_f1": 0.052146921883083286,
 "top3_last_roc_auc": 0.5007543768595042,
 "top3_last_acc": 0.5003090909090909,
 "mode0_last_f1": 0.14805644961624165,
 "mode0_last_roc_auc": 0.5007436072727273,
 "mode0_last_acc": 0.4994909090909091,
 "mode3_last_f1": 0.17541008276899925,
 "mode3_last_roc_auc": 0.5102596581818182,
 "mode3_last_acc": 0.5018727272727272
}