{
 "generalization_gap": 0.1393333333333333,
 "confidence_gap": 0.1412622467114547,
 "top3_best_f1": 0.6704007359904753,
 "top3_best_roc_auc": 0.6128625777777779,
 "top3_best_acc": 0.5939666666666666,
 "mode0_best_f1": 0.6616897406612997,
 "mode0_best_roc_auc": 0.6113879,
 "mode0_best_acc": 0.5951666666666666,
 "mode3_best_f1": 0.6290635091496233,
 "mode3_best_roc_auc": 0.63664222,
 "mode3_best_acc": 0.5979666666666666
}