{
 "generalization_gap": 0.011466666666666667,
 "confidence_gap": 0.003294007121990114,
 "top3_best_f1": 0.056649003280343176,
 "top3_best_roc_auc": 0.5014623044444444,
 "top3_best_acc": 0.5015333333333334,
 "mode0_best_f1": 0.06735816045988502,
 "mode0_best_roc_auc": 0.4990817622222222,
 "mode0_best_acc": 0.5024666666666666,
 "mode3_best_f1": 0.00039989336177019465,
 "mode3_best_roc_auc": 0.5000480444444445,
 "mode3_best_acc": 0.5000666666666667
}