{
 "generalization_gap": 0.011466666666666667,
 "confidence_gap": 0.003294007121990114,
 "top3_last_f1": 0.04420030659172202,
 "top3_last_roc_auc": 0.5013567,
 "top3_last_acc": 0.5012,
 "mode0_last_f1": 0.004383634431455899,
 "mode0_last_roc_auc": 0.5004800177777777,
 "mode0_last_acc": 0.5003333333333333,
 "mode3_last_f1": 0.0,
 "mode3_last_roc_auc": 0.502282191111111,
 "mode3_last_acc": 0.5
}