{
 "generalization_gap": 0.12892307692307692,
 "confidence_gap": 0.13832614121991016,
 "top3_best_f1": 0.690951821386604,
 "top3_best_roc_auc": 0.6109845680473373,
 "top3_best_acc": 0.5953846153846154,
 "mode0_best_f1": 0.6379023307436182,
 "mode0_best_roc_auc": 0.6108544378698224,
 "mode0_best_acc": 0.5984615384615385,
 "mode3_best_f1": 0.6374912891986063,
 "mode3_best_roc_auc": 0.6264653254437869,
 "mode3_best_acc": 0.5998461538461538
}