{
 "generalization_gap": 0.12892307692307692,
 "confidence_gap": 0.13832614121991016,
 "top3_last_f1": 0.6874586731320256,
 "top3_last_roc_auc": 0.6157902485207101,
 "top3_last_acc": 0.5636923076923077,
 "mode0_last_f1": 0.6379023307436182,
 "mode0_last_roc_auc": 0.6108544378698224,
 "mode0_last_acc": 0.5984615384615385,
 "mode3_last_f1": 0.5618301071828508,
 "mode3_last_roc_auc": 0.6224421301775148,
 "mode3_last_acc": 0.5786153846153846
}