{
 "generalization_gap": 0.0018666666666666692,
 "confidence_gap": 0.00047820124944446957,
 "top3_best_f1": 0.03814783893134673,
 "top3_best_roc_auc": 0.49970578222222223,
 "top3_best_acc": 0.5007666666666667,
 "mode0_best_f1": 0.017057009774978676,
 "mode0_best_roc_auc": 0.49933406888888887,
 "mode0_best_acc": 0.5005666666666667,
 "mode3_best_f1": 0.00013332444503699753,
 "mode3_best_roc_auc": 0.4988980866666667,
 "mode3_best_acc": 0.5000333333333333
}