{
 "generalization_gap": 0.0018666666666666692,
 "confidence_gap": 0.00047820124944446957,
 "top3_last_f1": 0.010035652977683876,
 "top3_last_roc_auc": 0.49891359999999996,
 "top3_last_acc": 0.5002,
 "mode0_last_f1": 0.017057009774978676,
 "mode0_last_roc_auc": 0.49933406888888887,
 "mode0_last_acc": 0.5005666666666667,
 "mode3_last_f1": 0.00013332444503699753,
 "mode3_last_roc_auc": 0.5009505844444444,
 "mode3_last_acc": 0.5000333333333333
}