{
 "generalization_gap": 0.0017090909090909066,
 "confidence_gap": 0.00047428784139289144,
 "top3_best_f1": 0.40835486649440134,
 "top3_best_roc_auc": 0.49992109024793396,
 "top3_best_acc": 0.5004363636363637,
 "mode0_best_f1": 0.0007995348161069924,
 "mode0_best_roc_auc": 0.5000908965289257,
 "mode0_best_acc": 0.500109090909091
}