{
 "generalization_gap": 0.02369230769230768,
 "confidence_gap": 0.015517989530958176,
 "top3_best_f1": 0.38738570628848673,
 "top3_best_roc_auc": 0.4879033372781065,
 "top3_best_acc": 0.4949230769230769,
 "mode0_best_f1": 0.022809123649459785,
 "mode0_best_roc_auc": 0.4957684260355029,
 "mode0_best_acc": 0.4990769230769231,
 "mode3_best_f1": 0.0,
 "mode3_best_roc_auc": 0.5060666982248521,
 "mode3_best_acc": 0.5
}