{
 "generalization_gap": 0.02369230769230768,
 "confidence_gap": 0.015517989530958176,
 "top3_last_f1": 0.458408531583265,
 "top3_last_roc_auc": 0.48948506508875744,
 "top3_last_acc": 0.49215384615384616,
 "mode0_last_f1": 0.022809123649459785,
 "mode0_last_roc_auc": 0.4957684260355029,
 "mode0_last_acc": 0.4990769230769231,
 "mode3_last_f1": 0.05902578796561605,
 "mode3_last_roc_auc": 0.513230201183432,
 "mode3_last_acc": 0.4947692307692308
}