{
 "generalization_gap": 0.11686666666666656,
 "confidence_gap": 0.08210534287066179,
 "top3_last_f1": 0.5073910472679211,
 "top3_last_roc_auc": 0.5343270933333334,
 "top3_last_acc": 0.5279,
 "mode0_last_f1": 0.22112421634257778,
 "mode0_last_roc_auc": 0.5311056711111111,
 "mode0_last_acc": 0.5113333333333333,
 "mode3_last_f1": 0.010692363540360373,
 "mode3_last_roc_auc": 0.5679230822222223,
 "mode3_last_acc": 0.5003666666666666
}