{
 "generalization_gap": 0.00546666666666662,
 "confidence_gap": 0.0048612782099012875,
 "top3_best_f1": 0.13527407150696008,
 "top3_best_roc_auc": 0.5023211422222222,
 "top3_best_acc": 0.5009666666666667,
 "mode0_best_f1": 0.2418307286381165,
 "mode0_best_roc_auc": 0.5047238711111112,
 "mode0_best_acc": 0.5019333333333333,
 "mode3_best_f1": 0.1573097105456187,
 "mode3_best_roc_auc": 0.5052289533333334,
 "mode3_best_acc": 0.5021666666666667
}