{
 "generalization_gap": 0.00546666666666662,
 "confidence_gap": 0.0048612782099012875,
 "top3_last_f1": 0.006093925945552097,
 "top3_last_roc_auc": 0.5041540488888889,
 "top3_last_acc": 0.49983333333333335,
 "mode0_last_f1": 0.06514455887827275,
 "mode0_last_roc_auc": 0.5024628711111111,
 "mode0_last_acc": 0.49773333333333336,
 "mode3_last_f1": 0.0014643237486687967,
 "mode3_last_roc_auc": 0.50538692,
 "mode3_last_acc": 0.49993333333333334
}