{
 "generalization_gap": 0.29733333333333334,
 "confidence_gap": 0.3634909942867742,
 "top3_last_f1": 0.7390361683256135,
 "top3_last_roc_auc": 0.6652604266666666,
 "top3_last_acc": 0.6469333333333334,
 "mode0_last_f1": 0.8580421781554927,
 "mode0_last_roc_auc": 0.8677994044444444,
 "mode0_last_acc": 0.8346333333333333,
 "mode3_last_f1": 0.9071099489478271,
 "mode3_last_roc_auc": 0.9268376311111112,
 "mode3_last_acc": 0.9005333333333333
}