{
 "generalization_gap": 0.0015999999999999348,
 "confidence_gap": 0.0023321814118361095,
 "top3_best_f1": 0.1591458274796291,
 "top3_best_roc_auc": 0.49736856000000007,
 "top3_best_acc": 0.5012333333333333,
 "mode0_best_f1": 0.04585403133358808,
 "mode0_best_roc_auc": 0.5022644888888887,
 "mode0_best_acc": 0.5006,
 "mode3_best_f1": 0.0,
 "mode3_best_roc_auc": 0.5038951199999999,
 "mode3_best_acc": 0.5
}