{
 "generalization_gap": 0.0015999999999999348,
 "confidence_gap": 0.0023321814118361095,
 "top3_last_f1": 0.056279508970727095,
 "top3_last_roc_auc": 0.4995126355555556,
 "top3_last_acc": 0.5003,
 "mode0_last_f1": 0.0019957424161788184,
 "mode0_last_roc_auc": 0.4999795444444445,
 "mode0_last_acc": 0.49993333333333334,
 "mode3_last_f1": 0.0022607886162643795,
 "mode3_last_roc_auc": 0.5024094377777778,
 "mode3_last_acc": 0.49983333333333335
}