{
 "generalization_gap": 0.24686666666666662,
 "confidence_gap": 0.24681475365548994,
 "top3_best_f1": 0.6023309007733363,
 "top3_best_roc_auc": 0.638099128888889,
 "top3_best_acc": 0.6349,
 "mode0_best_f1": 0.5628237099558794,
 "mode0_best_roc_auc": 0.6309975422222223,
 "mode0_best_acc": 0.6201666666666666,
 "mode3_best_f1": 0.12687610135504646,
 "mode3_best_roc_auc": 0.6902833355555555,
 "mode3_best_acc": 0.5210333333333333
}