{
 "generalization_gap": 0.24686666666666662,
 "confidence_gap": 0.24681475365548994,
 "top3_last_f1": 0.589053907448281,
 "top3_last_roc_auc": 0.6377628222222222,
 "top3_last_acc": 0.6338333333333334,
 "mode0_last_f1": 0.251131971286582,
 "mode0_last_roc_auc": 0.6181094022222222,
 "mode0_last_acc": 0.5479333333333334,
 "mode3_last_f1": 0.0,
 "mode3_last_roc_auc": 0.6940602511111111,
 "mode3_last_acc": 0.5
}