{
 "generalization_gap": 0.0397333333333334,
 "confidence_gap": 0.038698047220609655,
 "top3_best_f1": 0.46036462345475226,
 "top3_best_roc_auc": 0.5095635266666667,
 "top3_best_acc": 0.5096333333333334,
 "mode0_best_f1": 0.4718550797709511,
 "mode0_best_roc_auc": 0.5091972355555556,
 "mode0_best_acc": 0.5111666666666667
}