{
 "generalization_gap": 0.24430769230769234,
 "confidence_gap": 0.24549668090776766,
 "top3_best_f1": 0.6607403476184158,
 "top3_best_roc_auc": 0.6434235739644971,
 "top3_best_acc": 0.6066153846153847,
 "mode0_best_f1": 0.31244281793229645,
 "mode0_best_roc_auc": 0.550655526627219,
 "mode0_best_acc": 0.5375384615384615
}