{
 "generalization_gap": 0.24430769230769234,
 "confidence_gap": 0.24549668090776766,
 "top3_last_f1": 0.6787893884668079,
 "top3_last_roc_auc": 0.6428711952662722,
 "top3_last_acc": 0.6032307692307692,
 "mode0_last_f1": 0.10774784782004998,
 "mode0_last_roc_auc": 0.5049908639053254,
 "mode0_last_acc": 0.5056923076923077
}