{
 "generalization_gap": 0.060799999999999965,
 "confidence_gap": 0.0356147952955837,
 "top3_best_f1": 0.27855317475919006,
 "top3_best_roc_auc": 0.521583011111111,
 "top3_best_acc": 0.5106666666666667,
 "mode0_best_f1": 0.10486395376836022,
 "mode0_best_roc_auc": 0.5035244844444444,
 "mode0_best_acc": 0.5043333333333333,
 "mode3_best_f1": 0.025879445997789192,
 "mode3_best_roc_auc": 0.5418960488888889,
 "mode3_best_acc": 0.5006333333333334
}