{
 "generalization_gap": 0.060799999999999965,
 "confidence_gap": 0.0356147952955837,
 "top3_last_f1": 0.10655147588192944,
 "top3_last_roc_auc": 0.5261026733333334,
 "top3_last_acc": 0.5036,
 "mode0_last_f1": 0.004380724810832338,
 "mode0_last_roc_auc": 0.5125891466666667,
 "mode0_last_acc": 0.5,
 "mode3_last_f1": 0.0014640314101284355,
 "mode3_last_roc_auc": 0.5425320644444445,
 "mode3_last_acc": 0.49983333333333335
}