{
 "generalization_gap": 0.01753846153846156,
 "confidence_gap": 0.0025108725157781397,
 "top3_best_f1": 0.002457757296466974,
 "top3_best_roc_auc": 0.49082537278106514,
 "top3_best_acc": 0.5004615384615385,
 "mode0_best_f1": 0.0055163959546429666,
 "mode0_best_roc_auc": 0.4875433846153846,
 "mode0_best_acc": 0.5007692307692307
}