{
 "generalization_gap": 0.06733333333333336,
 "confidence_gap": 0.05459782452621592,
 "top3_last_f1": 0.37433519125218057,
 "top3_last_roc_auc": 0.512786131111111,
 "top3_last_acc": 0.5098333333333334,
 "mode0_last_f1": 0.1916825224245719,
 "mode0_last_roc_auc": 0.5102505933333333,
 "mode0_last_acc": 0.5043666666666666
}