{
 "generalization_gap": 0.208923076923077,
 "confidence_gap": 0.21452884100341896,
 "top3_best_f1": 0.7277683134582623,
 "top3_best_roc_auc": 0.7117312662721893,
 "top3_best_acc": 0.6312307692307693,
 "mode0_best_f1": 0.7419971942354291,
 "mode0_best_roc_auc": 0.7314583668639053,
 "mode0_best_acc": 0.6887692307692308
}