{
 "generalization_gap": 0.208923076923077,
 "confidence_gap": 0.21452884100341896,
 "top3_last_f1": 0.696757513734784,
 "top3_last_roc_auc": 0.7181268639053254,
 "top3_last_acc": 0.566923076923077,
 "mode0_last_f1": 0.6925452139391266,
 "mode0_last_roc_auc": 0.7222691597633135,
 "mode0_last_acc": 0.6783076923076923
}