{
 "generalization_gap": 0.010266666666666674,
 "confidence_gap": 0.0036577016176840213,
 "top3_best_f1": 0.031071983428275506,
 "top3_best_roc_auc": 0.5004195733333333,
 "top3_best_acc": 0.5010666666666667,
 "mode0_best_f1": 0.10396306733017567,
 "mode0_best_roc_auc": 0.5048440133333334,
 "mode0_best_acc": 0.5018333333333334
}