{
 "generalization_gap": 0.010266666666666674,
 "confidence_gap": 0.0036577016176840213,
 "top3_last_f1": 0.0,
 "top3_last_roc_auc": 0.503398368888889,
 "top3_last_acc": 0.49996666666666667,
 "mode0_last_f1": 0.0030574941841143236,
 "mode0_last_roc_auc": 0.50496444,
 "mode0_last_acc": 0.5000333333333333
}