{
 "generalization_gap": 0.3128666666666666,
 "confidence_gap": 0.3734807509623854,
 "top3_last_f1": 0.7437025985328857,
 "top3_last_roc_auc": 0.6747100955555554,
 "top3_last_acc": 0.6564333333333333,
 "mode0_last_f1": 0.7888065945644427,
 "mode0_last_roc_auc": 0.816699708888889,
 "mode0_last_acc": 0.7728333333333334,
 "mode3_last_f1": 0.698093990979194,
 "mode3_last_roc_auc": 0.8324302555555555,
 "mode3_last_acc": 0.7233333333333334
}