{
 "generalization_gap": 0.024400000000000033,
 "confidence_gap": 0.024267948316929577,
 "top3_last_f1": 0.2645549634892441,
 "top3_last_roc_auc": 0.5024613377777778,
 "top3_last_acc": 0.5031333333333333,
 "mode0_last_f1": 0.07677590569647597,
 "mode0_last_roc_auc": 0.5034276066666666,
 "mode0_last_acc": 0.5013666666666666
}