{
 "generalization_gap": 0.0014909090909090914,
 "confidence_gap": -7.651983431765288e-05,
 "top3_best_f1": 0.008866142867440351,
 "top3_best_roc_auc": 0.5014143642975206,
 "top3_best_acc": 0.5,
 "mode0_best_f1": 0.47803617571059426,
 "mode0_best_roc_auc": 0.5016143133884298,
 "mode0_best_acc": 0.5005090909090909,
 "mode3_best_f1": 0.002248902753092241,
 "mode3_best_roc_auc": 0.498536505785124,
 "mode3_best_acc": 0.49987272727272725
}