{
 "generalization_gap": 0.0014909090909090914,
 "confidence_gap": -7.651983431765288e-05,
 "top3_last_f1": 0.007577397705130981,
 "top3_last_roc_auc": 0.496336238677686,
 "top3_last_acc": 0.4999272727272727,
 "mode0_last_f1": 0.026432342415760198,
 "mode0_last_roc_auc": 0.5013058757024793,
 "mode0_last_acc": 0.5004181818181819,
 "mode3_last_f1": 0.013340984076889974,
 "mode3_last_roc_auc": 0.4977741573553719,
 "mode3_last_acc": 0.49978181818181816
}