{
 "generalization_gap": -7.272727272727292e-05,
 "confidence_gap": 6.0318532290168717e-05,
 "top3_best_f1": 0.0026838821993326566,
 "top3_best_roc_auc": 0.5053168416528926,
 "top3_best_acc": 0.5000363636363636,
 "mode0_best_f1": 0.5057596371882085,
 "mode0_best_roc_auc": 0.5064091894214876,
 "mode0_best_acc": 0.5046363636363637,
 "mode3_best_f1": 0.011158303937801454,
 "mode3_best_roc_auc": 0.49785869355371903,
 "mode3_best_acc": 0.5005090909090909
}