{
 "generalization_gap": -7.272727272727292e-05,
 "confidence_gap": 6.0318532290168717e-05,
 "top3_last_f1": 0.003767160502771036,
 "top3_last_roc_auc": 0.5080466611570248,
 "top3_last_acc": 0.4999454545454545,
 "mode0_last_f1": 0.013556161239420456,
 "mode0_last_roc_auc": 0.5068160079338843,
 "mode0_last_acc": 0.4998909090909091,
 "mode3_last_f1": 0.011158303937801454,
 "mode3_last_roc_auc": 0.49785869355371903,
 "mode3_last_acc": 0.5005090909090909
}