{
 "generalization_gap": 0.3834666666666667,
 "confidence_gap": 0.3438378576182824,
 "top3_last_f1": 0.5130755522400431,
 "top3_last_roc_auc": 0.6560279488888889,
 "top3_last_acc": 0.6083666666666666,
 "mode0_last_f1": 0.5617157198266027,
 "mode0_last_roc_auc": 0.6549004244444444,
 "mode0_last_acc": 0.6158
}