{
 "generalization_gap": 0.23199999999999998,
 "confidence_gap": 0.23803928391685591,
 "top3_last_f1": 0.14224826851358552,
 "top3_last_roc_auc": 0.6550022248520709,
 "top3_last_acc": 0.5046153846153846,
 "mode0_last_f1": 0.6803590859630033,
 "mode0_last_roc_auc": 0.664047526627219,
 "mode0_last_acc": 0.6384615384615384
}