{
 "generalization_gap": 0.24123076923076925,
 "confidence_gap": 0.25593526536474653,
 "top3_best_f1": 0.7351313155105407,
 "top3_best_roc_auc": 0.7068779171597632,
 "top3_best_acc": 0.654,
 "mode0_best_f1": 0.6616061940185214,
 "mode0_best_roc_auc": 0.6976364497041421,
 "mode0_best_acc": 0.6570769230769231,
 "mode3_best_f1": 0.6499684940138626,
 "mode3_best_roc_auc": 0.7256942958579882,
 "mode3_best_acc": 0.6581538461538462
}