{
 "generalization_gap": 0.24123076923076925,
 "confidence_gap": 0.25593526536474653,
 "top3_last_f1": 0.7225806451612903,
 "top3_last_roc_auc": 0.7247635029585799,
 "top3_last_acc": 0.6229230769230769,
 "mode0_last_f1": 0.5058084174442964,
 "mode0_last_roc_auc": 0.6742964260355029,
 "mode0_last_acc": 0.6007692307692307,
 "mode3_last_f1": 0.5040276179516685,
 "mode3_last_roc_auc": 0.7231365680473373,
 "mode3_last_acc": 0.6021538461538462
}