{
 "generalization_gap": -0.002066666666666661,
 "confidence_gap": 0.0014175611056662651,
 "top3_best_f1": 0.26974328826180677,
 "top3_best_roc_auc": 0.5023506777777778,
 "top3_best_acc": 0.5031333333333333,
 "mode0_best_f1": 0.21133312189449202,
 "mode0_best_roc_auc": 0.5026531466666666,
 "mode0_best_acc": 0.5026666666666667
}