{
 "generalization_gap": -0.002066666666666661,
 "confidence_gap": 0.0014175611056662651,
 "top3_last_f1": 0.26974328826180677,
 "top3_last_roc_auc": 0.5023506777777778,
 "top3_last_acc": 0.5031333333333333,
 "mode0_last_f1": 0.10087456571223193,
 "mode0_last_roc_auc": 0.5020046933333333,
 "mode0_last_acc": 0.49966666666666665
}