{
 "generalization_gap": 0.6316727272727273,
 "confidence_gap": 0.6602780338160463,
 "top3_best_f1": 0.8339482098309968,
 "top3_best_roc_auc": 0.8497573897520659,
 "top3_best_acc": 0.8281454545454545,
 "mode0_best_f1": 0.8274289408004596,
 "mode0_best_roc_auc": 0.8715136092561984,
 "mode0_best_acc": 0.8252545454545455,
 "mode3_best_f1": 0.8530402666426448,
 "mode3_best_roc_auc": 0.9152555312396695,
 "mode3_best_acc": 0.851690909090909
}