{
 "generalization_gap": 0.6316727272727273,
 "confidence_gap": 0.6602780338160463,
 "top3_last_f1": 0.8031860926450323,
 "top3_last_roc_auc": 0.765072108429752,
 "top3_last_acc": 0.7636909090909091,
 "mode0_last_f1": 0.8221578018653894,
 "mode0_last_roc_auc": 0.8170701004958678,
 "mode0_last_acc": 0.7947636363636363,
 "mode3_last_f1": 0.5610308201288525,
 "mode3_last_roc_auc": 0.9080366029752066,
 "mode3_last_acc": 0.6791454545454545
}