{
 "generalization_gap": 0.07106666666666661,
 "confidence_gap": 0.08218278119846623,
 "top3_best_f1": 0.7060484819957636,
 "top3_best_roc_auc": 0.7058450311111111,
 "top3_best_acc": 0.5836666666666667,
 "mode0_best_f1": 0.7577777178165725,
 "mode0_best_roc_auc": 0.7463897288888889,
 "mode0_best_acc": 0.7007666666666666,
 "mode3_best_f1": 0.7571594019793642,
 "mode3_best_roc_auc": 0.7135254333333334,
 "mode3_best_acc": 0.6924666666666667
}