{
 "generalization_gap": 0.1508666666666667,
 "confidence_gap": 0.15951617194722467,
 "top3_best_f1": 0.7332143817368563,
 "top3_best_roc_auc": 0.7135285444444445,
 "top3_best_acc": 0.6361666666666667,
 "mode0_best_f1": 0.7505729461565424,
 "mode0_best_roc_auc": 0.7178370866666668,
 "mode0_best_acc": 0.6916333333333333,
 "mode3_best_f1": 0.7482324008607438,
 "mode3_best_roc_auc": 0.748639951111111,
 "mode3_best_acc": 0.6997
}