{
 "generalization_gap": -7.272727272727292e-05,
 "confidence_gap": 0.00021834441348843586,
 "top3_best_f1": 0.1396757972327201,
 "top3_best_roc_auc": 0.49603675107438017,
 "top3_best_acc": 0.49918181818181817,
 "mode0_best_f1": 0.6666666666666666,
 "mode0_best_roc_auc": 0.4965401282644628,
 "mode0_best_acc": 0.5
}