{
 "generalization_gap": 0.6152727272727272,
 "confidence_gap": 0.6553769109541413,
 "top3_best_f1": 0.8537313432835821,
 "top3_best_roc_auc": 0.90392883107438,
 "top3_best_acc": 0.8432,
 "mode0_best_f1": 0.8463506502736123,
 "mode0_best_roc_auc": 0.9006454056198347,
 "mode0_best_acc": 0.8427636363636364,
 "mode3_best_f1": 0.8627020907772314,
 "mode3_best_roc_auc": 0.9197317996694216,
 "mode3_best_acc": 0.8588727272727272
}