{
 "generalization_gap": 0.6152727272727272,
 "confidence_gap": 0.6553769109541413,
 "top3_last_f1": 0.8169910637776961,
 "top3_last_roc_auc": 0.785063839338843,
 "top3_last_acc": 0.7825454545454545,
 "mode0_last_f1": 0.8307868743294735,
 "mode0_last_roc_auc": 0.8523153811570248,
 "mode0_last_acc": 0.8336727272727272,
 "mode3_last_f1": 0.07835209647624691,
 "mode3_last_roc_auc": 0.9161346928925619,
 "mode3_last_acc": 0.5192181818181818
}