{
 "generalization_gap": 0.15273333333333328,
 "confidence_gap": 0.15993834273170338,
 "top3_best_f1": 0.7176172501163451,
 "top3_best_roc_auc": 0.6628459111111111,
 "top3_best_acc": 0.6359333333333334,
 "mode0_best_f1": 0.7029059640003319,
 "mode0_best_roc_auc": 0.6668114466666668,
 "mode0_best_acc": 0.6418333333333334,
 "mode3_best_f1": 0.7079581881533101,
 "mode3_best_roc_auc": 0.686869731111111,
 "mode3_best_acc": 0.6507666666666667
}