{
 "generalization_gap": 0.20800000000000002,
 "confidence_gap": 0.16636333533505915,
 "top3_best_f1": 0.5055937350167813,
 "top3_best_roc_auc": 0.5644745719008264,
 "top3_best_acc": 0.5500363636363637,
 "mode0_best_f1": 0.551654856937842,
 "mode0_best_roc_auc": 0.5637167173553719,
 "mode0_best_acc": 0.5455818181818182,
 "mode3_best_f1": 0.6257949631137115,
 "mode3_best_roc_auc": 0.6696609699173554,
 "mode3_best_acc": 0.6255636363636363
}