{
 "generalization_gap": 0.20800000000000002,
 "confidence_gap": 0.16636333533505915,
 "top3_last_f1": 0.5106097127277038,
 "top3_last_roc_auc": 0.5651444680991735,
 "top3_last_acc": 0.5496363636363636,
 "mode0_last_f1": 0.6493859764954444,
 "mode0_last_roc_auc": 0.5675429606611571,
 "mode0_last_acc": 0.5172363636363636,
 "mode3_last_f1": 0.6160345370662023,
 "mode3_last_roc_auc": 0.6690967953719009,
 "mode3_last_acc": 0.6232181818181818
}