{
 "generalization_gap": 0.2775384615384615,
 "confidence_gap": 0.2868276673164778,
 "top3_best_f1": 0.7420091324200914,
 "top3_best_roc_auc": 0.7151843313609467,
 "top3_best_acc": 0.6523076923076923,
 "mode0_best_f1": 0.7774045041682219,
 "mode0_best_roc_auc": 0.7360598816568047,
 "mode0_best_acc": 0.7247692307692307,
 "mode3_best_f1": 0.7802100468176643,
 "mode3_best_roc_auc": 0.7488073846153847,
 "mode3_best_acc": 0.7327692307692307
}