{
 "generalization_gap": 0.2775384615384615,
 "confidence_gap": 0.2868276673164778,
 "top3_last_f1": 0.7300909805683478,
 "top3_last_roc_auc": 0.7463949349112426,
 "top3_last_acc": 0.6303076923076923,
 "mode0_last_f1": 0.6553191489361703,
 "mode0_last_roc_auc": 0.7255143195266271,
 "mode0_last_acc": 0.6635384615384615,
 "mode3_last_f1": 0.7589115646258504,
 "mode3_last_roc_auc": 0.7517211834319526,
 "mode3_last_acc": 0.7273846153846154
}