{
 "generalization_gap": 0.3966666666666666,
 "confidence_gap": 0.4266556527513855,
 "top3_best_f1": 0.7687478200209278,
 "top3_best_roc_auc": 0.7794793511111111,
 "top3_best_acc": 0.7348,
 "mode0_best_f1": 0.7674568334796605,
 "mode0_best_roc_auc": 0.7620529266666667,
 "mode0_best_acc": 0.7351333333333333,
 "mode3_best_f1": 0.6738721804511278,
 "mode3_best_roc_auc": 0.7994378622222222,
 "mode3_best_acc": 0.6992666666666667
}