{
 "generalization_gap": 0.3966666666666666,
 "confidence_gap": 0.4266556527513855,
 "top3_last_f1": 0.757901407335041,
 "top3_last_roc_auc": 0.7087044733333333,
 "top3_last_acc": 0.6943666666666667,
 "mode0_last_f1": 0.7674568334796605,
 "mode0_last_roc_auc": 0.7620529266666667,
 "mode0_last_acc": 0.7351333333333333,
 "mode3_last_f1": 0.5296146219501682,
 "mode3_last_roc_auc": 0.8091060533333333,
 "mode3_last_acc": 0.6362666666666666
}