{
 "generalization_gap": 0.0018461538461539417,
 "confidence_gap": 0.0010664425418900336,
 "top3_best_f1": 0.19138276553106212,
 "top3_best_roc_auc": 0.5011706035502959,
 "top3_best_acc": 0.5033846153846154,
 "mode0_best_f1": 0.131614289551437,
 "mode0_best_roc_auc": 0.4973032426035503,
 "mode0_best_acc": 0.5026153846153846,
 "mode3_best_f1": 0.012183978068839476,
 "mode3_best_roc_auc": 0.4951035266272189,
 "mode3_best_acc": 0.5010769230769231
}