{
 "generalization_gap": 0.0018461538461539417,
 "confidence_gap": 0.0010664425418900336,
 "top3_last_f1": 0.3438197686218795,
 "top3_last_roc_auc": 0.5012254674556214,
 "top3_last_acc": 0.5026153846153846,
 "mode0_last_f1": 0.09994447529150473,
 "mode0_last_roc_auc": 0.4963929940828402,
 "mode0_last_acc": 0.5012307692307693,
 "mode3_last_f1": 0.03041144901610018,
 "mode3_last_roc_auc": 0.4971469349112426,
 "mode3_last_acc": 0.4996923076923077
}