{
 "generalization_gap": 0.22676923076923083,
 "confidence_gap": 0.2311982372428779,
 "top3_best_f1": 0.6840245051837889,
 "top3_best_roc_auc": 0.6252281656804735,
 "top3_best_acc": 0.5873846153846154,
 "mode0_best_f1": 0.6438665912945166,
 "mode0_best_roc_auc": 0.6309712662721894,
 "mode0_best_acc": 0.6123076923076923
}