{
 "generalization_gap": 0.22676923076923083,
 "confidence_gap": 0.2311982372428779,
 "top3_last_f1": 0.13140252078305176,
 "top3_last_roc_auc": 0.6247245443786982,
 "top3_last_acc": 0.5016923076923077,
 "mode0_last_f1": 0.6438665912945166,
 "mode0_last_roc_auc": 0.6309712662721894,
 "mode0_last_acc": 0.6123076923076923
}