{
 "generalization_gap": 0.10606666666666664,
 "confidence_gap": 0.11792671088273832,
 "top3_best_f1": 0.5840505998956702,
 "top3_best_roc_auc": 0.5949930866666667,
 "top3_best_acc": 0.5747333333333333,
 "mode0_best_f1": 0.4094474688156372,
 "mode0_best_roc_auc": 0.5601082711111112,
 "mode0_best_acc": 0.5407666666666666,
 "mode3_best_f1": 0.30379376007030906,
 "mode3_best_roc_auc": 0.6054318000000001,
 "mode3_best_acc": 0.5247
}