{
 "generalization_gap": 0.15926666666666667,
 "confidence_gap": 0.15582962547468948,
 "top3_best_f1": 0.633652029541421,
 "top3_best_roc_auc": 0.586953088888889,
 "top3_best_acc": 0.5734,
 "mode0_best_f1": 0.5257007670800775,
 "mode0_best_roc_auc": 0.5799931377777778,
 "mode0_best_acc": 0.5589333333333333,
 "mode3_best_f1": 0.4270438662962027,
 "mode3_best_roc_auc": 0.6118186866666667,
 "mode3_best_acc": 0.5463333333333333
}