{
 "generalization_gap": 0.15926666666666667,
 "confidence_gap": 0.15582962547468948,
 "top3_last_f1": 0.624842941881191,
 "top3_last_roc_auc": 0.5870514066666668,
 "top3_last_acc": 0.5720333333333333,
 "mode0_last_f1": 0.44791370990632984,
 "mode0_last_roc_auc": 0.5773684422222223,
 "mode0_last_acc": 0.5461666666666667,
 "mode3_last_f1": 0.42014950730547057,
 "mode3_last_roc_auc": 0.6128703822222222,
 "mode3_last_acc": 0.5449333333333334
}