{
 "generalization_gap": 0.008000000000000007,
 "confidence_gap": 0.004031003016758156,
 "top3_best_f1": 0.4316224595246297,
 "top3_best_roc_auc": 0.4867034792899408,
 "top3_best_acc": 0.49230769230769234,
 "mode0_best_f1": 0.0018444512757454655,
 "mode0_best_roc_auc": 0.5062400473372781,
 "mode0_best_acc": 0.5004615384615385
}