{
 "generalization_gap": 0.0032727272727272744,
 "confidence_gap": 0.003664128269114615,
 "top3_best_f1": 0.11989135644671674,
 "top3_best_roc_auc": 0.49661380694214874,
 "top3_best_acc": 0.49921818181818184,
 "mode0_best_f1": 0.2707625318606627,
 "mode0_best_roc_auc": 0.4995310505785123,
 "mode0_best_acc": 0.5006181818181819,
 "mode3_best_f1": 0.2364193884153374,
 "mode3_best_roc_auc": 0.516253036694215,
 "mode3_best_acc": 0.5064909090909091
}