{
 "generalization_gap": 0.0032727272727272744,
 "confidence_gap": 0.003664128269114615,
 "top3_last_f1": 0.17294966613767704,
 "top3_last_roc_auc": 0.4959350366942149,
 "top3_last_acc": 0.4978,
 "mode0_last_f1": 0.4609840175493575,
 "mode0_last_roc_auc": 0.5004205104132231,
 "mode0_last_acc": 0.49963636363636366,
 "mode3_last_f1": 0.16044030378501367,
 "mode3_last_roc_auc": 0.5157184826446282,
 "mode3_last_acc": 0.5035454545454545
}