{
 "generalization_gap": 0.0029454545454545428,
 "confidence_gap": 0.0013526043819659973,
 "top3_best_f1": 0.6036738584178146,
 "top3_best_roc_auc": 0.4970514538842975,
 "top3_best_acc": 0.5010181818181818,
 "mode0_best_f1": 0.00448950036205648,
 "mode0_best_roc_auc": 0.5006481725619835,
 "mode0_best_acc": 0.5000727272727272
}