{
 "generalization_gap": 0.02673333333333333,
 "confidence_gap": 0.016156382575404304,
 "top3_best_f1": 0.08895387802351794,
 "top3_best_roc_auc": 0.5015048488888889,
 "top3_best_acc": 0.5015666666666667,
 "mode0_best_f1": 0.4751950849193178,
 "mode0_best_roc_auc": 0.5061570444444445,
 "mode0_best_acc": 0.5045666666666667,
 "mode3_best_f1": 0.4163228989727413,
 "mode3_best_roc_auc": 0.5356612711111111,
 "mode3_best_acc": 0.5189333333333334
}