{
 "generalization_gap": 0.02673333333333333,
 "confidence_gap": 0.016156382575404304,
 "top3_last_f1": 0.005697628196634425,
 "top3_last_roc_auc": 0.5014521733333333,
 "top3_last_acc": 0.4997333333333333,
 "mode0_last_f1": 0.27860792441916515,
 "mode0_last_roc_auc": 0.5062427,
 "mode0_last_acc": 0.5011333333333333,
 "mode3_last_f1": 0.0005330135252182024,
 "mode3_last_roc_auc": 0.5282780444444444,
 "mode3_last_acc": 0.49996666666666667
}