{
 "generalization_gap": 0.2464615384615384,
 "confidence_gap": 0.21139230718993796,
 "top3_best_f1": 0.6605201596257052,
 "top3_best_roc_auc": 0.6565348165680474,
 "top3_best_acc": 0.6204615384615385,
 "mode0_best_f1": 0.36268298011798117,
 "mode0_best_roc_auc": 0.571327100591716,
 "mode0_best_acc": 0.5512307692307692
}