{
 "generalization_gap": 0.2464615384615384,
 "confidence_gap": 0.21139230718993796,
 "top3_last_f1": 0.08027522935779816,
 "top3_last_roc_auc": 0.6278249940828402,
 "top3_last_acc": 0.5064615384615384,
 "mode0_last_f1": 0.34931202840656905,
 "mode0_last_roc_auc": 0.5685107218934911,
 "mode0_last_acc": 0.548923076923077
}