{
 "generalization_gap": 0.29646666666666666,
 "confidence_gap": 0.29102672738427815,
 "top3_best_f1": 0.6792152704135738,
 "top3_best_roc_auc": 0.6694592111111111,
 "top3_best_acc": 0.637,
 "mode0_best_f1": 0.676277928992313,
 "mode0_best_roc_auc": 0.6668131822222222,
 "mode0_best_acc": 0.6392333333333333,
 "mode3_best_f1": 0.5954053955655877,
 "mode3_best_roc_auc": 0.7060295177777778,
 "mode3_best_acc": 0.6295666666666667
}