{
 "generalization_gap": 0.009846153846153838,
 "confidence_gap": -0.0010882397623589446,
 "top3_best_f1": 0.0006151953245155337,
 "top3_best_roc_auc": 0.4932079526627219,
 "top3_best_acc": 0.5001538461538462,
 "mode0_best_f1": 0.0018438844499078057,
 "mode0_best_roc_auc": 0.4994483786982249,
 "mode0_best_acc": 0.5003076923076923
}