{
 "generalization_gap": 0.15600000000000003,
 "confidence_gap": 0.1572471208734163,
 "top3_best_f1": 0.6211523283346487,
 "top3_best_roc_auc": 0.5701807337278106,
 "top3_best_acc": 0.556923076923077,
 "mode0_best_f1": 0.469354547098174,
 "mode0_best_roc_auc": 0.5607324023668638,
 "mode0_best_acc": 0.5484615384615384,
 "mode3_best_f1": 0.49074563722897935,
 "mode3_best_roc_auc": 0.6036131597633136,
 "mode3_best_acc": 0.5555384615384615
}