{
 "generalization_gap": 0.15600000000000003,
 "confidence_gap": 0.1572471208734163,
 "top3_last_f1": 0.6385424309122034,
 "top3_last_roc_auc": 0.5767692307692307,
 "top3_last_acc": 0.5452307692307692,
 "mode0_last_f1": 0.30333033303330337,
 "mode0_last_roc_auc": 0.5480011360946746,
 "mode0_last_acc": 0.5236923076923077,
 "mode3_last_f1": 0.40659122493547745,
 "mode3_last_roc_auc": 0.6047969704142012,
 "mode3_last_acc": 0.5401538461538462
}