{
 "generalization_gap": 0.6259272727272727,
 "confidence_gap": 0.6315012222431955,
 "top3_last_f1": 0.7956549995357907,
 "top3_last_roc_auc": 0.761740777520661,
 "top3_last_acc": 0.7598909090909091,
 "mode0_last_f1": 0.8082277970476729,
 "mode0_last_roc_auc": 0.8078280271074381,
 "mode0_last_acc": 0.7838727272727273,
 "mode3_last_f1": 0.6618421052631578,
 "mode3_last_roc_auc": 0.9000127636363636,
 "mode3_last_acc": 0.7289818181818182
}