{
 "generalization_gap": 0.0036666666666666514,
 "confidence_gap": 0.0007622709657376103,
 "top3_best_f1": 0.0,
 "top3_best_roc_auc": 0.49885155333333336,
 "top3_best_acc": 0.5,
 "mode0_best_f1": 0.012901527119536599,
 "mode0_best_roc_auc": 0.49891629333333337,
 "mode0_best_acc": 0.5001333333333333,
 "mode3_best_f1": 0.0,
 "mode3_best_roc_auc": 0.5039776022222222,
 "mode3_best_acc": 0.5
}