{
 "generalization_gap": 0.0036666666666666514,
 "confidence_gap": 0.0007622709657376103,
 "top3_last_f1": 0.0,
 "top3_last_roc_auc": 0.49750799777777777,
 "top3_last_acc": 0.5,
 "mode0_last_f1": 0.0,
 "mode0_last_roc_auc": 0.49882797333333334,
 "mode0_last_acc": 0.5,
 "mode3_last_f1": 0.0,
 "mode3_last_roc_auc": 0.5037425311111111,
 "mode3_last_acc": 0.5
}