{
 "generalization_gap": 0.1488666666666667,
 "confidence_gap": 0.15610594323953553,
 "top3_best_f1": 0.7305491294289541,
 "top3_best_roc_auc": 0.7145083288888887,
 "top3_best_acc": 0.6311666666666667,
 "mode0_best_f1": 0.7506547506547506,
 "mode0_best_roc_auc": 0.7203417555555555,
 "mode0_best_acc": 0.6921666666666667,
 "mode3_best_f1": 0.7623483074302747,
 "mode3_best_roc_auc": 0.7391566622222221,
 "mode3_best_acc": 0.7023333333333334
}