{
 "generalization_gap": 0.1488666666666667,
 "confidence_gap": 0.15610594323953553,
 "top3_last_f1": 0.7221085569864003,
 "top3_last_roc_auc": 0.7000303577777778,
 "top3_last_acc": 0.6151666666666666,
 "mode0_last_f1": 0.7543315025604287,
 "mode0_last_roc_auc": 0.7208501133333334,
 "mode0_last_acc": 0.6913666666666667,
 "mode3_last_f1": 0.7424508526429099,
 "mode3_last_roc_auc": 0.7452911222222223,
 "mode3_last_acc": 0.6969333333333333
}