{
 "generalization_gap": 0.0015636363636363643,
 "confidence_gap": 0.0006613565856277669,
 "top3_best_f1": 0.6198549222797928,
 "top3_best_roc_auc": 0.49893025256198353,
 "top3_best_acc": 0.49976363636363635,
 "mode0_best_f1": 0.0004362050163576881,
 "mode0_best_roc_auc": 0.5021671821487603,
 "mode0_best_acc": 0.5000363636363636
}