{
 "generalization_gap": -0.013846153846153814,
 "confidence_gap": -0.006260857337226089,
 "top3_best_f1": 0.008557457212713934,
 "top3_best_roc_auc": 0.49980998816568045,
 "top3_best_acc": 0.5009230769230769,
 "mode0_best_f1": 0.015795868772782502,
 "mode0_best_roc_auc": 0.5076820828402367,
 "mode0_best_acc": 0.5015384615384615
}