{
 "generalization_gap": -0.0014000000000000679,
 "confidence_gap": -0.004103287381099163,
 "top3_best_f1": 0.10802432335757721,
 "top3_best_roc_auc": 0.4921894066666666,
 "top3_best_acc": 0.5012666666666666,
 "mode0_best_f1": 0.07998521074685729,
 "mode0_best_roc_auc": 0.4992124311111111,
 "mode0_best_acc": 0.5023333333333333,
 "mode3_best_f1": 0.05112266903463148,
 "mode3_best_roc_auc": 0.49804105333333337,
 "mode3_best_acc": 0.5013333333333333
}