{
 "generalization_gap": -0.0014000000000000679,
 "confidence_gap": -0.004103287381099163,
 "top3_last_f1": 0.2132287581699346,
 "top3_last_roc_auc": 0.4920683288888889,
 "top3_last_acc": 0.49843333333333334,
 "mode0_last_f1": 0.016025220018389595,
 "mode0_last_roc_auc": 0.49677559111111114,
 "mode0_last_acc": 0.5006,
 "mode3_last_f1": 0.014073392082072866,
 "mode3_last_roc_auc": 0.49757171555555557,
 "mode3_last_acc": 0.5002666666666666
}