{
 "generalization_gap": 0.006909090909090906,
 "confidence_gap": 0.004268308105525198,
 "top3_best_f1": 0.5261256253474152,
 "top3_best_roc_auc": 0.5033595768595042,
 "top3_best_acc": 0.504,
 "mode0_best_f1": 7.272198385571959e-05,
 "mode0_best_roc_auc": 0.5004293659504132,
 "mode0_best_acc": 0.5
}