{
 "generalization_gap": 0.07086666666666663,
 "confidence_gap": 0.06552325458708885,
 "top3_best_f1": 0.548692020224225,
 "top3_best_roc_auc": 0.5236065377777779,
 "top3_best_acc": 0.5209666666666667,
 "mode0_best_f1": 0.5315960912052118,
 "mode0_best_roc_auc": 0.5220358999999999,
 "mode0_best_acc": 0.5206666666666667
}