{
 "generalization_gap": 0.1104615384615385,
 "confidence_gap": 0.12785817366318064,
 "top3_best_f1": 0.7197431070756284,
 "top3_best_roc_auc": 0.7379240710059171,
 "top3_best_acc": 0.6106153846153846,
 "mode0_best_f1": 0.7873024032900655,
 "mode0_best_roc_auc": 0.755060449704142,
 "mode0_best_acc": 0.7453846153846154,
 "mode3_best_f1": 0.8007731958762887,
 "mode3_best_roc_auc": 0.7665414911242605,
 "mode3_best_acc": 0.7621538461538462
}