{
 "generalization_gap": 0.1104615384615385,
 "confidence_gap": 0.12785817366318064,
 "top3_last_f1": 0.6951128221580579,
 "top3_last_roc_auc": 0.7470787218934911,
 "top3_last_acc": 0.5613846153846154,
 "mode0_last_f1": 0.76721388921696,
 "mode0_last_roc_auc": 0.7747788875739645,
 "mode0_last_acc": 0.6967692307692308,
 "mode3_last_f1": 0.7899364924279434,
 "mode3_last_roc_auc": 0.7869731124260355,
 "mode3_last_acc": 0.7353846153846154
}