{
 "generalization_gap": 0.15872727272727277,
 "confidence_gap": 0.09504215746911826,
 "top3_best_f1": 0.446710554623295,
 "top3_best_roc_auc": 0.5396517031404958,
 "top3_best_acc": 0.5324,
 "mode0_best_f1": 0.5306530471291736,
 "mode0_best_roc_auc": 0.5418107305785124,
 "mode0_best_acc": 0.5304909090909091,
 "mode3_best_f1": 0.12862908475458923,
 "mode3_best_roc_auc": 0.5869145738842976,
 "mode3_best_acc": 0.5132363636363636
}