{
 "generalization_gap": 0.15872727272727277,
 "confidence_gap": 0.09504215746911826,
 "top3_last_f1": 0.4346700028533175,
 "top3_last_roc_auc": 0.532485439338843,
 "top3_last_acc": 0.5316909090909091,
 "mode0_last_f1": 0.3965388562365893,
 "mode0_last_roc_auc": 0.537531413553719,
 "mode0_last_acc": 0.5295636363636363,
 "mode3_last_f1": 0.07228091770096079,
 "mode3_last_roc_auc": 0.5636732806611569,
 "mode3_last_acc": 0.5066727272727273
}