{
 "generalization_gap": 0.07440000000000002,
 "confidence_gap": 0.08573200517466495,
 "top3_best_f1": 0.7113527156239382,
 "top3_best_roc_auc": 0.6325911911111111,
 "top3_best_acc": 0.6035333333333334,
 "mode0_best_f1": 0.696571766858619,
 "mode0_best_roc_auc": 0.633735508888889,
 "mode0_best_acc": 0.6241333333333333,
 "mode3_best_f1": 0.6929932812285753,
 "mode3_best_roc_auc": 0.6454107644444445,
 "mode3_best_acc": 0.6268333333333334
}