{
 "generalization_gap": 0.07440000000000002,
 "confidence_gap": 0.08573200517466495,
 "top3_last_f1": 0.699699981248828,
 "top3_last_roc_auc": 0.6423016955555556,
 "top3_last_acc": 0.5729333333333333,
 "mode0_last_f1": 0.6576377209288601,
 "mode0_last_roc_auc": 0.6543023977777778,
 "mode0_last_acc": 0.6132333333333333,
 "mode3_last_f1": 0.6639807081519821,
 "mode3_last_roc_auc": 0.6565294488888889,
 "mode3_last_acc": 0.6191333333333333
}