{
 "generalization_gap": -0.0006909090909090893,
 "confidence_gap": 3.607167830349794e-05,
 "top3_best_f1": 0.5297143445012175,
 "top3_best_roc_auc": 0.4985450770247934,
 "top3_best_acc": 0.5013090909090909,
 "mode0_best_f1": 0.010876219973349659,
 "mode0_best_roc_auc": 0.49991573421487606,
 "mode0_best_acc": 0.5006363636363637
}