{
 "generalization_gap": -0.0006909090909090893,
 "confidence_gap": 3.607167830349794e-05,
 "top3_last_f1": 0.1513147777948639,
 "top3_last_roc_auc": 0.4987431847933884,
 "top3_last_acc": 0.49827272727272726,
 "mode0_last_f1": 0.6666666666666666,
 "mode0_last_roc_auc": 0.4999818261157025,
 "mode0_last_acc": 0.5
}