{
 "generalization_gap": 0.0005090909090909087,
 "confidence_gap": 0.00019043471416814364,
 "top3_best_f1": 0.20052371254000578,
 "top3_best_roc_auc": 0.49776704991735543,
 "top3_best_acc": 0.5004,
 "mode0_best_f1": 0.0033351459126336777,
 "mode0_best_roc_auc": 0.4990221692561984,
 "mode0_best_acc": 0.5001272727272728
}