{
 "generalization_gap": -0.0018461538461538307,
 "confidence_gap": 0.0035062372816296594,
 "top3_best_f1": 0.06143146913937989,
 "top3_best_roc_auc": 0.499223573964497,
 "top3_best_acc": 0.5016923076923077,
 "mode0_best_f1": 0.10861734552507621,
 "mode0_best_roc_auc": 0.5056174201183432,
 "mode0_best_acc": 0.5050769230769231,
 "mode3_best_f1": 0.42220625224577785,
 "mode3_best_roc_auc": 0.508152426035503,
 "mode3_best_acc": 0.5052307692307693
}