{
 "generalization_gap": -0.0018461538461538307,
 "confidence_gap": 0.0035062372816296594,
 "top3_last_f1": 0.0,
 "top3_last_roc_auc": 0.4998285917159764,
 "top3_last_acc": 0.5,
 "mode0_last_f1": 0.0,
 "mode0_last_roc_auc": 0.4906997396449704,
 "mode0_last_acc": 0.5,
 "mode3_last_f1": 0.0,
 "mode3_last_roc_auc": 0.5082671715976331,
 "mode3_last_acc": 0.5
}