{
 "generalization_gap": 0.002545454545454545,
 "confidence_gap": 0.0001304225392823287,
 "top3_best_f1": 0.26628804114873555,
 "top3_best_roc_auc": 0.499265573553719,
 "top3_best_acc": 0.5020363636363636,
 "mode0_best_f1": 0.002177226213803614,
 "mode0_best_roc_auc": 0.5000545203305785,
 "mode0_best_acc": 0.5000363636363636
}