{
 "generalization_gap": 0.002545454545454545,
 "confidence_gap": 0.0001304225392823287,
 "top3_last_f1": 0.3120506975928663,
 "top3_last_roc_auc": 0.49927877157024797,
 "top3_last_acc": 0.5006363636363637,
 "mode0_last_f1": 0.6666666666666666,
 "mode0_last_roc_auc": 0.4999818882644628,
 "mode0_last_acc": 0.5
}