{
 "generalization_gap": -0.0001818181818181823,
 "confidence_gap": 0.00020941134993266754,
 "top3_best_f1": 0.45564148324410075,
 "top3_best_roc_auc": 0.4980596872727273,
 "top3_best_acc": 0.5008727272727272,
 "mode0_best_f1": 0.015843429636533086,
 "mode0_best_roc_auc": 0.49930299504132236,
 "mode0_best_acc": 0.5008
}