{
 "generalization_gap": -7.272727272727292e-05,
 "confidence_gap": -1.2384871640031686e-05,
 "top3_best_f1": 0.0,
 "top3_best_roc_auc": 0.4966735953719008,
 "top3_best_acc": 0.5,
 "mode0_best_f1": 0.6666666666666666,
 "mode0_best_roc_auc": 0.4977993117355372,
 "mode0_best_acc": 0.5,
 "mode3_best_f1": 0.0,
 "mode3_best_roc_auc": 0.500066987768595,
 "mode3_best_acc": 0.5
}