{
 "generalization_gap": -7.272727272727292e-05,
 "confidence_gap": -1.2384871640031686e-05,
 "top3_last_f1": 0.0,
 "top3_last_roc_auc": 0.5,
 "top3_last_acc": 0.5,
 "mode0_last_f1": 0.6666666666666666,
 "mode0_last_roc_auc": 0.5,
 "mode0_last_acc": 0.5,
 "mode3_last_f1": 0.0,
 "mode3_last_roc_auc": 0.5,
 "mode3_last_acc": 0.5
}