{
 "generalization_gap": 0.002333333333333354,
 "confidence_gap": 0.0044655648715138385,
 "top3_best_f1": 0.15835019105416945,
 "top3_best_roc_auc": 0.5008963688888889,
 "top3_best_acc": 0.5007333333333334,
 "mode0_best_f1": 0.0326241134751773,
 "mode0_best_roc_auc": 0.49763108,
 "mode0_best_acc": 0.4998666666666667,
 "mode3_best_f1": 0.03539481305103288,
 "mode3_best_roc_auc": 0.5036932288888889,
 "mode3_best_acc": 0.5003666666666666
}