{
 "generalization_gap": 0.22430769230769232,
 "confidence_gap": 0.22962110402561653,
 "top3_best_f1": 0.695459320649002,
 "top3_best_roc_auc": 0.6405353372781065,
 "top3_best_acc": 0.5986153846153847,
 "mode0_best_f1": 0.662630709961475,
 "mode0_best_roc_auc": 0.6492845443786983,
 "mode0_best_acc": 0.6227692307692307
}