{
 "generalization_gap": 0.22430769230769232,
 "confidence_gap": 0.22962110402561653,
 "top3_last_f1": 0.13728632478632477,
 "top3_last_roc_auc": 0.6390208284023668,
 "top3_last_acc": 0.5030769230769231,
 "mode0_last_f1": 0.6607734806629834,
 "mode0_last_roc_auc": 0.6488107928994082,
 "mode0_last_acc": 0.6221538461538462
}