{
 "generalization_gap": 0.019066666666666676,
 "confidence_gap": 0.014646059884407925,
 "top3_last_f1": 0.21750551644425767,
 "top3_last_roc_auc": 0.5073219933333333,
 "top3_last_acc": 0.5035333333333334,
 "mode0_last_f1": 0.010943371349462721,
 "mode0_last_roc_auc": 0.5058055266666666,
 "mode0_last_acc": 0.4999,
 "mode3_last_f1": 0.006886505098662429,
 "mode3_last_roc_auc": 0.5158212733333334,
 "mode3_last_acc": 0.5000666666666667
}