{
 "generalization_gap": 0.29046153846153844,
 "confidence_gap": 0.29551625364913114,
 "top3_best_f1": 0.7337640258415505,
 "top3_best_roc_auc": 0.6996967100591716,
 "top3_best_acc": 0.6386153846153846,
 "mode0_best_f1": 0.757836892718871,
 "mode0_best_roc_auc": 0.7252625798816569,
 "mode0_best_acc": 0.7016923076923077,
 "mode3_best_f1": 0.7514360313315926,
 "mode3_best_roc_auc": 0.7402712426035503,
 "mode3_best_acc": 0.707076923076923
}