{
 "generalization_gap": 0.29046153846153844,
 "confidence_gap": 0.29551625364913114,
 "top3_last_f1": 0.16524216524216523,
 "top3_last_roc_auc": 0.6984212544378698,
 "top3_last_acc": 0.5041538461538462,
 "mode0_last_f1": 0.6592489568845619,
 "mode0_last_roc_auc": 0.7174531597633137,
 "mode0_last_acc": 0.6607692307692308,
 "mode3_last_f1": 0.6583517524471107,
 "mode3_last_roc_auc": 0.7419256331360947,
 "mode3_last_acc": 0.6670769230769231
}