{
 "generalization_gap": 0.1375384615384615,
 "confidence_gap": 0.143175049532972,
 "top3_best_f1": 0.6874703369719981,
 "top3_best_roc_auc": 0.6117620828402367,
 "top3_best_acc": 0.5947692307692307,
 "mode0_best_f1": 0.636039495337356,
 "mode0_best_roc_auc": 0.6037753372781065,
 "mode0_best_acc": 0.5916923076923077,
 "mode3_best_f1": 0.5854406130268199,
 "mode3_best_roc_auc": 0.6200523550295858,
 "mode3_best_acc": 0.5838461538461538
}