{
 "generalization_gap": 0.06556363636363638,
 "confidence_gap": 0.03376896802373093,
 "top3_best_f1": 0.46189941445415894,
 "top3_best_roc_auc": 0.5149777011570248,
 "top3_best_acc": 0.512109090909091,
 "mode0_best_f1": 0.009298972787889711,
 "mode0_best_roc_auc": 0.5002363636363637,
 "mode0_best_acc": 0.5002363636363636
}