{
 "generalization_gap": 0.005538461538461548,
 "confidence_gap": 0.003773569601205007,
 "top3_best_f1": 0.5746915200840115,
 "top3_best_roc_auc": 0.4960551952662722,
 "top3_best_acc": 0.5015384615384615,
 "mode0_best_f1": 0.03110047846889952,
 "mode0_best_roc_auc": 0.49655280473372776,
 "mode0_best_acc": 0.5015384615384615
}