{
 "generalization_gap": 0.014153846153846128,
 "confidence_gap": -0.000418482654942931,
 "top3_best_f1": 0.023522316043425813,
 "top3_best_roc_auc": 0.49113491124260356,
 "top3_best_acc": 0.5018461538461538,
 "mode0_best_f1": 0.008565310492505352,
 "mode0_best_roc_auc": 0.49834030769230764,
 "mode0_best_acc": 0.5013846153846154
}