{
 "generalization_gap": 0.3207333333333333,
 "confidence_gap": 0.37671838387521245,
 "top3_last_f1": 0.7363867840598829,
 "top3_last_roc_auc": 0.7339306177777778,
 "top3_last_acc": 0.7135666666666667,
 "mode0_last_f1": 0.444149566371262,
 "mode0_last_roc_auc": 0.7280199999999999,
 "mode0_last_acc": 0.6090333333333333,
 "mode3_last_f1": 0.0029263101888800215,
 "mode3_last_roc_auc": 0.7871896777777778,
 "mode3_last_acc": 0.5002666666666666
}