{
 "generalization_gap": 0.05292307692307696,
 "confidence_gap": 0.045670254588768944,
 "top3_best_f1": 0.5377358490566038,
 "top3_best_roc_auc": 0.5025847100591716,
 "top3_best_acc": 0.5024615384615385,
 "mode0_best_f1": 0.1291542826263172,
 "mode0_best_roc_auc": 0.4915186272189349,
 "mode0_best_acc": 0.5041538461538462
}