{
 "generalization_gap": 0.05292307692307696,
 "confidence_gap": 0.045670254588768944,
 "top3_last_f1": 0.4042243262927895,
 "top3_last_roc_auc": 0.5002183668639053,
 "top3_last_acc": 0.4966153846153846,
 "mode0_last_f1": 0.031641791044776116,
 "mode0_last_roc_auc": 0.49063237869822485,
 "mode0_last_acc": 0.5009230769230769
}