{
 "generalization_gap": 0.3507333333333334,
 "confidence_gap": 0.2959973270968593,
 "top3_last_f1": 0.5716500038750679,
 "top3_last_roc_auc": 0.6698825733333333,
 "top3_last_acc": 0.6315333333333333,
 "mode0_last_f1": 0.48812263864159466,
 "mode0_last_roc_auc": 0.6465366777777778,
 "mode0_last_acc": 0.6071,
 "mode3_last_f1": 0.014099354328633549,
 "mode3_last_roc_auc": 0.7304232422222223,
 "mode3_last_acc": 0.5012
}