{
 "generalization_gap": 0.1310769230769231,
 "confidence_gap": 0.05884893694491339,
 "top3_best_f1": 0.19384380564741796,
 "top3_best_roc_auc": 0.5402917396449705,
 "top3_best_acc": 0.5124615384615384,
 "mode0_best_f1": 0.08798646362098138,
 "mode0_best_roc_auc": 0.5150636213017751,
 "mode0_best_acc": 0.5024615384615385,
 "mode3_best_f1": 0.0,
 "mode3_best_roc_auc": 0.5500770177514793,
 "mode3_best_acc": 0.5
}