{
 "generalization_gap": 0.1310769230769231,
 "confidence_gap": 0.05884893694491339,
 "top3_last_f1": 0.15056593840484336,
 "top3_last_roc_auc": 0.5435061301775148,
 "top3_last_acc": 0.5035384615384615,
 "mode0_last_f1": 0.03609467455621302,
 "mode0_last_roc_auc": 0.49820676923076923,
 "mode0_last_acc": 0.49876923076923074,
 "mode3_last_f1": 0.002447231569287244,
 "mode3_last_roc_auc": 0.5929797396449704,
 "mode3_last_acc": 0.4983076923076923
}