{
 "generalization_gap": 0.0007999999999999986,
 "confidence_gap": 0.0004962124710116769,
 "top3_last_f1": 0.0,
 "top3_last_roc_auc": 0.50703498,
 "top3_last_acc": 0.5,
 "mode0_last_f1": 0.0007994137632402906,
 "mode0_last_roc_auc": 0.5065364488888889,
 "mode0_last_acc": 0.5000333333333333,
 "mode3_last_f1": 0.0,
 "mode3_last_roc_auc": 0.5055398355555556,
 "mode3_last_acc": 0.5
}