{
 "generalization_gap": 0.11846153846153851,
 "confidence_gap": 0.157881853660085,
 "top3_best_f1": 0.7572543992541662,
 "top3_best_roc_auc": 0.7311853727810651,
 "top3_best_acc": 0.6795384615384615,
 "mode0_best_f1": 0.7657056527760291,
 "mode0_best_roc_auc": 0.7427865088757396,
 "mode0_best_acc": 0.7136923076923077,
 "mode3_best_f1": 0.7594156279319126,
 "mode3_best_roc_auc": 0.7451409230769231,
 "mode3_best_acc": 0.7238461538461538
}