{
 "generalization_gap": 0.11846153846153851,
 "confidence_gap": 0.157881853660085,
 "top3_last_f1": 0.7127192982456141,
 "top3_last_roc_auc": 0.7454480946745563,
 "top3_last_acc": 0.5969230769230769,
 "mode0_last_f1": 0.7657056527760291,
 "mode0_last_roc_auc": 0.7427865088757396,
 "mode0_last_acc": 0.7136923076923077,
 "mode3_last_f1": 0.7436002737850786,
 "mode3_last_roc_auc": 0.75040624852071,
 "mode3_last_acc": 0.7118461538461538
}