{
 "generalization_gap": 0.14723636363636367,
 "confidence_gap": 0.10783753293298623,
 "top3_best_f1": 0.36959214789403466,
 "top3_best_roc_auc": 0.5237110181818181,
 "top3_best_acc": 0.5188727272727273,
 "mode0_best_f1": 0.6660107617000085,
 "mode0_best_roc_auc": 0.5249313494214876,
 "mode0_best_acc": 0.5000545454545454,
 "mode3_best_f1": 0.37819324268644416,
 "mode3_best_roc_auc": 0.659622290247934,
 "mode3_best_acc": 0.5609818181818181
}