{
 "generalization_gap": 0.043399999999999994,
 "confidence_gap": 0.029446990149769953,
 "top3_best_f1": 0.3233538433281293,
 "top3_best_roc_auc": 0.5075516777777778,
 "top3_best_acc": 0.5088,
 "mode0_best_f1": 0.4181214945888301,
 "mode0_best_roc_auc": 0.5074542733333334,
 "mode0_best_acc": 0.5089333333333333
}