{
 "generalization_gap": -0.0007999999999999952,
 "confidence_gap": -0.00021193276882280204,
 "top3_best_f1": 0.055464515315769576,
 "top3_best_roc_auc": 0.5032801244444445,
 "top3_best_acc": 0.5004666666666666,
 "mode0_best_f1": 0.00464653169598407,
 "mode0_best_roc_auc": 0.49848334222222224,
 "mode0_best_acc": 0.5001666666666666,
 "mode3_best_f1": 0.0006663113006396588,
 "mode3_best_roc_auc": 0.4958864288888889,
 "mode3_best_acc": 0.5000666666666667
}