{
 "generalization_gap": -0.0007999999999999952,
 "confidence_gap": -0.00021193276882280204,
 "top3_last_f1": 0.05843176677557175,
 "top3_last_roc_auc": 0.5015473666666668,
 "top3_last_acc": 0.5004666666666666,
 "mode0_last_f1": 0.003056884635832004,
 "mode0_last_roc_auc": 0.4988258688888889,
 "mode0_last_acc": 0.49993333333333334,
 "mode3_last_f1": 0.0,
 "mode3_last_roc_auc": 0.49658353555555557,
 "mode3_last_acc": 0.49996666666666667
}