{
 "generalization_gap": 0.04253333333333331,
 "confidence_gap": 0.028430316016375384,
 "top3_best_f1": 0.40283400809716596,
 "top3_best_roc_auc": 0.5082461644444445,
 "top3_best_acc": 0.5083333333333333,
 "mode0_best_f1": 0.4041051435988966,
 "mode0_best_roc_auc": 0.5096028911111111,
 "mode0_best_acc": 0.5103333333333333
}