{
 "generalization_gap": 0.04253333333333331,
 "confidence_gap": 0.028430316016375384,
 "top3_last_f1": 0.13281204411507266,
 "top3_last_roc_auc": 0.5093159711111112,
 "top3_last_acc": 0.5046333333333334,
 "mode0_last_f1": 0.19279338123231005,
 "mode0_last_roc_auc": 0.5093401444444444,
 "mode0_last_acc": 0.5056666666666667
}