{
 "generalization_gap": 0.5311636363636363,
 "confidence_gap": 0.4705187956460961,
 "top3_best_f1": 0.6865228502705953,
 "top3_best_roc_auc": 0.7074328000000001,
 "top3_best_acc": 0.6966909090909091,
 "mode0_best_f1": 0.7129199861447869,
 "mode0_best_roc_auc": 0.723632825785124,
 "mode0_best_acc": 0.6986181818181818,
 "mode3_best_f1": 0.6577770240189947,
 "mode3_best_roc_auc": 0.8300539424793387,
 "mode3_best_acc": 0.7064909090909091
}