{
 "generalization_gap": 0.5311636363636363,
 "confidence_gap": 0.4705187956460961,
 "top3_last_f1": 0.7198709277880085,
 "top3_last_roc_auc": 0.6898854935537189,
 "top3_last_acc": 0.6874727272727272,
 "mode0_last_f1": 0.7129199861447869,
 "mode0_last_roc_auc": 0.723632825785124,
 "mode0_last_acc": 0.6986181818181818,
 "mode3_last_f1": 0.3741561122579925,
 "mode3_last_roc_auc": 0.8121943715702481,
 "mode3_last_acc": 0.5921090909090909
}