{
 "generalization_gap": 0.01973333333333338,
 "confidence_gap": 0.01651175475628186,
 "top3_best_f1": 0.34487938499602366,
 "top3_best_roc_auc": 0.5042898622222222,
 "top3_best_acc": 0.5057333333333334,
 "mode0_best_f1": 0.39852816303424854,
 "mode0_best_roc_auc": 0.5037078933333334,
 "mode0_best_acc": 0.5041666666666667
}