{
 "generalization_gap": 0.01973333333333338,
 "confidence_gap": 0.01651175475628186,
 "top3_last_f1": 0.513776389837676,
 "top3_last_roc_auc": 0.5043874199999999,
 "top3_last_acc": 0.5017666666666667,
 "mode0_last_f1": 0.39852816303424854,
 "mode0_last_roc_auc": 0.5037078933333334,
 "mode0_last_acc": 0.5041666666666667
}