{
 "generalization_gap": 0.10938181818181819,
 "confidence_gap": 0.08343018394137902,
 "top3_best_f1": 0.41931855772411514,
 "top3_best_roc_auc": 0.5292860019834711,
 "top3_best_acc": 0.5212545454545454,
 "mode0_best_f1": 0.5689878078716962,
 "mode0_best_roc_auc": 0.5329394928925619,
 "mode0_best_acc": 0.5211454545454546,
 "mode3_best_f1": 0.49329574069689863,
 "mode3_best_roc_auc": 0.6129970803305785,
 "mode3_best_acc": 0.5719454545454545
}