{
 "generalization_gap": 0.10938181818181819,
 "confidence_gap": 0.08343018394137902,
 "top3_last_f1": 0.41990264531618243,
 "top3_last_roc_auc": 0.5295298882644628,
 "top3_last_acc": 0.5211454545454546,
 "mode0_last_f1": 0.6334278856644119,
 "mode0_last_roc_auc": 0.5330518109090909,
 "mode0_last_acc": 0.5112727272727273,
 "mode3_last_f1": 0.48440029755393166,
 "mode3_last_roc_auc": 0.6137999497520662,
 "mode3_last_acc": 0.5715272727272728
}