{
 "generalization_gap": 0.23384615384615381,
 "confidence_gap": 0.23813598802496638,
 "top3_best_f1": 0.7063437139561707,
 "top3_best_roc_auc": 0.6632330414201183,
 "top3_best_acc": 0.6083076923076923,
 "mode0_best_f1": 0.6969210174029451,
 "mode0_best_roc_auc": 0.674604023668639,
 "mode0_best_acc": 0.6516923076923077
}