{
 "generalization_gap": 0.23384615384615381,
 "confidence_gap": 0.23813598802496638,
 "top3_last_f1": 0.14297103374966783,
 "top3_last_roc_auc": 0.6595625562130176,
 "top3_last_acc": 0.5038461538461538,
 "mode0_last_f1": 0.6960257787325457,
 "mode0_last_roc_auc": 0.6739098224852071,
 "mode0_last_acc": 0.6516923076923077
}