{
 "generalization_gap": 0.0014181818181818184,
 "confidence_gap": 0.0008579549054075486,
 "top3_best_f1": 0.31063327388279033,
 "top3_best_roc_auc": 0.49953185454545457,
 "top3_best_acc": 0.5010363636363636,
 "mode0_best_f1": 0.029124840944436587,
 "mode0_best_roc_auc": 0.5004579814876033,
 "mode0_best_acc": 0.5005818181818181
}