{
 "generalization_gap": 0.0016666666666667052,
 "confidence_gap": 0.0008246782341350956,
 "top3_best_f1": 0.0,
 "top3_best_roc_auc": 0.5002059511111112,
 "top3_best_acc": 0.5,
 "mode0_best_f1": 0.031039834454216243,
 "mode0_best_roc_auc": 0.49906631999999995,
 "mode0_best_acc": 0.5005333333333334,
 "mode3_best_f1": 0.0,
 "mode3_best_roc_auc": 0.5041323044444445,
 "mode3_best_acc": 0.5
}