{
 "generalization_gap": 0.0016666666666667052,
 "confidence_gap": 0.0008246782341350956,
 "top3_last_f1": 0.0,
 "top3_last_roc_auc": 0.4992763533333333,
 "top3_last_acc": 0.5,
 "mode0_last_f1": 0.0,
 "mode0_last_roc_auc": 0.5003598088888889,
 "mode0_last_acc": 0.5,
 "mode3_last_f1": 0.0,
 "mode3_last_roc_auc": 0.502815231111111,
 "mode3_last_acc": 0.5
}