{
 "generalization_gap": 0.2980666666666667,
 "confidence_gap": 0.30783060586750555,
 "top3_last_f1": 0.7113453160462266,
 "top3_last_roc_auc": 0.6459760711111111,
 "top3_last_acc": 0.6311666666666667,
 "mode0_last_f1": 0.562442957103742,
 "mode0_last_roc_auc": 0.6837701199999999,
 "mode0_last_acc": 0.6164666666666667,
 "mode3_last_f1": 0.46469622331691296,
 "mode3_last_roc_auc": 0.7216159266666667,
 "mode3_last_acc": 0.5870666666666666
}