{
 "generalization_gap": 0.12338461538461543,
 "confidence_gap": 0.10244479212698177,
 "top3_best_f1": 0.504649330181245,
 "top3_best_roc_auc": 0.5150524023668639,
 "top3_best_acc": 0.5164615384615384,
 "mode0_best_f1": 0.21887351778656122,
 "mode0_best_roc_auc": 0.5033202366863905,
 "mode0_best_acc": 0.5135384615384615
}