{
 "generalization_gap": 0.12338461538461543,
 "confidence_gap": 0.10244479212698177,
 "top3_last_f1": 0.504649330181245,
 "top3_last_roc_auc": 0.5150524023668639,
 "top3_last_acc": 0.5164615384615384,
 "mode0_last_f1": 0.09783525442788868,
 "mode0_last_roc_auc": 0.5001170650887574,
 "mode0_last_acc": 0.5063076923076923
}