{
 "generalization_gap": 0.05907692307692303,
 "confidence_gap": 0.0567859825053898,
 "top3_best_f1": 0.5163141993957704,
 "top3_best_roc_auc": 0.5054433136094676,
 "top3_best_acc": 0.5073846153846154,
 "mode0_best_f1": 0.257868967125204,
 "mode0_best_roc_auc": 0.5023839053254437,
 "mode0_best_acc": 0.5103076923076924
}