{
 "generalization_gap": 0.05907692307692303,
 "confidence_gap": 0.0567859825053898,
 "top3_last_f1": 0.08775340183282422,
 "top3_last_roc_auc": 0.505596023668639,
 "top3_last_acc": 0.4946153846153846,
 "mode0_last_f1": 0.36034962256654746,
 "mode0_last_roc_auc": 0.503490224852071,
 "mode0_last_acc": 0.5046153846153846
}