{
 "generalization_gap": 0.07986666666666664,
 "confidence_gap": 0.0898861563648109,
 "top3_best_f1": 0.7105914650587052,
 "top3_best_roc_auc": 0.63882436,
 "top3_best_acc": 0.6064333333333334,
 "mode0_best_f1": 0.6852238970183738,
 "mode0_best_roc_auc": 0.6313993511111111,
 "mode0_best_acc": 0.6185333333333334,
 "mode3_best_f1": 0.6877928414982396,
 "mode3_best_roc_auc": 0.6386742577777778,
 "mode3_best_acc": 0.6246333333333334
}