{
 "generalization_gap": 0.07986666666666664,
 "confidence_gap": 0.0898861563648109,
 "top3_last_f1": 0.7003344796721157,
 "top3_last_roc_auc": 0.6417009111111112,
 "top3_last_acc": 0.5759333333333333,
 "mode0_last_f1": 0.6382497631924711,
 "mode0_last_roc_auc": 0.6482120777777778,
 "mode0_last_acc": 0.6053666666666667,
 "mode3_last_f1": 0.6057049714751427,
 "mode3_last_roc_auc": 0.649303331111111,
 "mode3_last_acc": 0.5968333333333333
}