{
 "generalization_gap": 0.01553333333333333,
 "confidence_gap": 0.003927391357257393,
 "top3_last_f1": 0.00039989336177019465,
 "top3_last_roc_auc": 0.49925184444444454,
 "top3_last_acc": 0.5000666666666667,
 "mode0_last_f1": 0.003454690406590486,
 "mode0_last_roc_auc": 0.5022761266666667,
 "mode0_last_acc": 0.5
}