{
 "generalization_gap": 0.09353846153846157,
 "confidence_gap": 0.030713268591520848,
 "top3_last_f1": 0.10327595780122155,
 "top3_last_roc_auc": 0.5203665798816568,
 "top3_last_acc": 0.5030769230769231,
 "mode0_last_f1": 0.019271303824149353,
 "mode0_last_roc_auc": 0.49702542011834316,
 "mode0_last_acc": 0.4989230769230769,
 "mode3_last_f1": 0.001226993865030675,
 "mode3_last_roc_auc": 0.5589518579881656,
 "mode3_last_acc": 0.4990769230769231
}