{
 "generalization_gap": 0.04892307692307685,
 "confidence_gap": 0.04882238571960551,
 "top3_best_f1": 0.6328647153722056,
 "top3_best_roc_auc": 0.5145729704142012,
 "top3_best_acc": 0.5098461538461538,
 "mode0_best_f1": 0.29588677576293676,
 "mode0_best_roc_auc": 0.5097425325443787,
 "mode0_best_acc": 0.5101538461538462
}