{
 "generalization_gap": 0.04892307692307685,
 "confidence_gap": 0.04882238571960551,
 "top3_last_f1": 0.08739495798319329,
 "top3_last_roc_auc": 0.5085531360946747,
 "top3_last_acc": 0.49876923076923074,
 "mode0_last_f1": 0.3330547430004179,
 "mode0_last_roc_auc": 0.5084428402366864,
 "mode0_last_acc": 0.5089230769230769
}