{
 "generalization_gap": 0.13938181818181816,
 "confidence_gap": 0.09520969468737372,
 "top3_last_f1": 0.39251943685648244,
 "top3_last_roc_auc": 0.5289659252892562,
 "top3_last_acc": 0.5269272727272727,
 "mode0_last_f1": 0.15541561712846347,
 "mode0_last_roc_auc": 0.5160668753719009,
 "mode0_last_acc": 0.5122909090909091,
 "mode3_last_f1": 0.022500803600128575,
 "mode3_last_roc_auc": 0.6008671933884298,
 "mode3_last_acc": 0.5023818181818182
}