{
 "generalization_gap": 0.05846153846153851,
 "confidence_gap": 0.016114223090358648,
 "top3_best_f1": 0.0073461891643709825,
 "top3_best_roc_auc": 0.48896847337278104,
 "top3_best_acc": 0.5010769230769231,
 "mode0_best_f1": 0.012195121951219513,
 "mode0_best_roc_auc": 0.4853425325443787,
 "mode0_best_acc": 0.5015384615384615
}