{
 "generalization_gap": -0.0012000000000000066,
 "confidence_gap": 0.0010247664228457652,
 "top3_best_f1": 0.05141225007933989,
 "top3_best_roc_auc": 0.5050104644444444,
 "top3_best_acc": 0.5018333333333334,
 "mode0_best_f1": 0.06422535211267605,
 "mode0_best_roc_auc": 0.5040459266666667,
 "mode0_best_acc": 0.5017,
 "mode3_best_f1": 0.0010658850176537206,
 "mode3_best_roc_auc": 0.4937007311111112,
 "mode3_best_acc": 0.5001666666666666
}