{
 "generalization_gap": 0.033333333333333326,
 "confidence_gap": 0.016259237952486405,
 "top3_best_f1": 0.24277692700357328,
 "top3_best_roc_auc": 0.5074879511111111,
 "top3_best_acc": 0.5055333333333333,
 "mode0_best_f1": 0.26432852826076186,
 "mode0_best_roc_auc": 0.5062055066666666,
 "mode0_best_acc": 0.5049666666666667,
 "mode3_best_f1": 0.1419749523864489,
 "mode3_best_roc_auc": 0.5217281466666667,
 "mode3_best_acc": 0.5044333333333333
}