{
 "generalization_gap": 0.033333333333333326,
 "confidence_gap": 0.016259237952486405,
 "top3_last_f1": 0.27616774633481084,
 "top3_last_roc_auc": 0.5051828111111112,
 "top3_last_acc": 0.5046333333333334,
 "mode0_last_f1": 0.06622019152531765,
 "mode0_last_roc_auc": 0.5059061244444445,
 "mode0_last_acc": 0.5027,
 "mode3_last_f1": 0.008075191951284087,
 "mode3_last_roc_auc": 0.5217834088888889,
 "mode3_last_acc": 0.5004666666666666
}