{
 "generalization_gap": 0.3973333333333333,
 "confidence_gap": 0.458025656165046,
 "top3_best_f1": 0.8175524666121559,
 "top3_best_roc_auc": 0.9224628955555556,
 "top3_best_acc": 0.7768666666666667,
 "mode0_best_f1": 0.891099541341267,
 "mode0_best_roc_auc": 0.9097075,
 "mode0_best_acc": 0.8828666666666667,
 "mode3_best_f1": 0.9154402435929968,
 "mode3_best_roc_auc": 0.9401968355555556,
 "mode3_best_acc": 0.9111333333333334
}