{
 "generalization_gap": 0.3973333333333333,
 "confidence_gap": 0.458025656165046,
 "top3_last_f1": 0.7912215451979636,
 "top3_last_roc_auc": 0.7663088444444444,
 "top3_last_acc": 0.7361666666666666,
 "mode0_last_f1": 0.8265182409346413,
 "mode0_last_roc_auc": 0.8118500666666666,
 "mode0_last_acc": 0.7901333333333334,
 "mode3_last_f1": 0.9154402435929968,
 "mode3_last_roc_auc": 0.9401968355555556,
 "mode3_last_acc": 0.9111333333333334
}