{
 "generalization_gap": 0.017090909090909073,
 "confidence_gap": 0.009322483903982645,
 "top3_best_f1": 0.3015331329903734,
 "top3_best_roc_auc": 0.5010788965289257,
 "top3_best_acc": 0.5013454545454545,
 "mode0_best_f1": 0.18288945097455736,
 "mode0_best_roc_auc": 0.5004082803305785,
 "mode0_best_acc": 0.5007454545454545,
 "mode3_best_f1": 0.1671758523768789,
 "mode3_best_roc_auc": 0.5184953666115703,
 "mode3_best_acc": 0.5043636363636363
}