{
 "generalization_gap": 0.017090909090909073,
 "confidence_gap": 0.009322483903982645,
 "top3_last_f1": 0.23878774422735347,
 "top3_last_roc_auc": 0.5015777639669421,
 "top3_last_acc": 0.5013090909090909,
 "mode0_last_f1": 0.005425543458603105,
 "mode0_last_roc_auc": 0.5001810400000001,
 "mode0_last_acc": 0.5000545454545454,
 "mode3_last_f1": 0.03937889067636567,
 "mode3_last_roc_auc": 0.5096270333884299,
 "mode3_last_acc": 0.5005818181818181
}