{
 "generalization_gap": 0.03993333333333335,
 "confidence_gap": 0.013775625590212975,
 "top3_best_f1": 0.10776851516249848,
 "top3_best_roc_auc": 0.5100787888888889,
 "top3_best_acc": 0.5076666666666667,
 "mode0_best_f1": 0.12149755574102779,
 "mode0_best_roc_auc": 0.4996798711111111,
 "mode0_best_acc": 0.5088,
 "mode3_best_f1": 0.0011989609005528539,
 "mode3_best_roc_auc": 0.5113863755555557,
 "mode3_best_acc": 0.5001666666666666
}