{
 "generalization_gap": 0.03993333333333335,
 "confidence_gap": 0.013775625590212975,
 "top3_last_f1": 0.08905289052890528,
 "top3_last_roc_auc": 0.5031422711111111,
 "top3_last_acc": 0.5062666666666666,
 "mode0_last_f1": 0.01541705099486098,
 "mode0_last_roc_auc": 0.5035687022222222,
 "mode0_last_acc": 0.5018666666666667,
 "mode3_last_f1": 0.0002665778073975342,
 "mode3_last_roc_auc": 0.5233382955555556,
 "mode3_last_acc": 0.49996666666666667
}