{
 "generalization_gap": 0.0019333333333333425,
 "confidence_gap": -0.004319460197341196,
 "top3_last_f1": 0.22444273635664874,
 "top3_last_roc_auc": 0.49514296444444444,
 "top3_last_acc": 0.4955,
 "mode0_last_f1": 0.02104987906125384,
 "mode0_last_roc_auc": 0.5010529177777778,
 "mode0_last_acc": 0.5008333333333334,
 "mode3_last_f1": 0.014599500197290545,
 "mode3_last_roc_auc": 0.4974744688888889,
 "mode3_last_acc": 0.5005333333333334
}