{
 "generalization_gap": 0.15346666666666664,
 "confidence_gap": 0.16287811165665922,
 "top3_last_f1": 0.7105076069955922,
 "top3_last_roc_auc": 0.6813217555555555,
 "top3_last_acc": 0.5928,
 "mode0_last_f1": 0.7313933509695367,
 "mode0_last_roc_auc": 0.6998172333333335,
 "mode0_last_acc": 0.6717,
 "mode3_last_f1": 0.6736200559203293,
 "mode3_last_roc_auc": 0.720937688888889,
 "mode3_last_acc": 0.6537
}