{
 "generalization_gap": 0.008466666666666664,
 "confidence_gap": 0.00042316368084866635,
 "top3_best_f1": 0.0006664001066240171,
 "top3_best_roc_auc": 0.5046898155555556,
 "top3_best_acc": 0.5001333333333333,
 "mode0_best_f1": 0.11186319914499465,
 "mode0_best_roc_auc": 0.5056374844444445,
 "mode0_best_acc": 0.5014,
 "mode3_best_f1": 0.23497239564521952,
 "mode3_best_roc_auc": 0.5076640177777778,
 "mode3_best_acc": 0.5057666666666667
}