{
 "generalization_gap": 0.008466666666666664,
 "confidence_gap": 0.00042316368084866635,
 "top3_last_f1": 0.0,
 "top3_last_roc_auc": 0.5043491222222223,
 "top3_last_acc": 0.5,
 "mode0_last_f1": 0.11186319914499465,
 "mode0_last_roc_auc": 0.5056374844444445,
 "mode0_last_acc": 0.5014,
 "mode3_last_f1": 0.0,
 "mode3_last_roc_auc": 0.5051575022222224,
 "mode3_last_acc": 0.5
}