{
 "generalization_gap": 0.041538461538461524,
 "confidence_gap": 0.03465496915309274,
 "top3_best_f1": 0.3313807531380753,
 "top3_best_roc_auc": 0.5079183431952663,
 "top3_best_acc": 0.5083076923076923,
 "mode0_best_f1": 0.1457233368532207,
 "mode0_best_roc_auc": 0.498240899408284,
 "mode0_best_acc": 0.5021538461538462
}