{
 "generalization_gap": 0.1581538461538461,
 "confidence_gap": 0.15462378215751382,
 "top3_best_f1": 0.6315513626834381,
 "top3_best_roc_auc": 0.5805155976331361,
 "top3_best_acc": 0.5673846153846154,
 "mode0_best_f1": 0.5410441767068273,
 "mode0_best_roc_auc": 0.5794206863905326,
 "mode0_best_acc": 0.5604615384615385
}