{
 "generalization_gap": 0.1581538461538461,
 "confidence_gap": 0.15462378215751382,
 "top3_last_f1": 0.6616126809097174,
 "top3_last_roc_auc": 0.5894812307692308,
 "top3_last_acc": 0.5467692307692308,
 "mode0_last_f1": 0.41062227506936183,
 "mode0_last_roc_auc": 0.5712118816568048,
 "mode0_last_acc": 0.5424615384615384
}