{
 "generalization_gap": 0.23323076923076924,
 "confidence_gap": 0.24989077736110676,
 "top3_best_f1": 0.7471211423307231,
 "top3_best_roc_auc": 0.7575406390532544,
 "top3_best_acc": 0.6621538461538462,
 "mode0_best_f1": 0.7735554398750651,
 "mode0_best_roc_auc": 0.7743757633136095,
 "mode0_best_acc": 0.7323076923076923,
 "mode3_best_f1": 0.7648148148148147,
 "mode3_best_roc_auc": 0.7705337751479291,
 "mode3_best_acc": 0.7264615384615385
}