{
 "generalization_gap": 0.23323076923076924,
 "confidence_gap": 0.24989077736110676,
 "top3_last_f1": 0.7262157629960871,
 "top3_last_roc_auc": 0.7763539881656805,
 "top3_last_acc": 0.6232307692307693,
 "mode0_last_f1": 0.6901560809766651,
 "mode0_last_roc_auc": 0.7589939881656804,
 "mode0_last_acc": 0.6915384615384615,
 "mode3_last_f1": 0.5872124615105959,
 "mode3_last_roc_auc": 0.776371597633136,
 "mode3_last_acc": 0.6493846153846153
}