{
 "generalization_gap": 0.24440000000000006,
 "confidence_gap": 0.19945897537490448,
 "top3_best_f1": 0.4704374298990546,
 "top3_best_roc_auc": 0.5751654866666667,
 "top3_best_acc": 0.5593333333333333,
 "mode0_best_f1": 0.5279245822025426,
 "mode0_best_roc_auc": 0.5725580088888889,
 "mode0_best_acc": 0.5593333333333333
}