{
 "generalization_gap": 0.24440000000000006,
 "confidence_gap": 0.19945897537490448,
 "top3_last_f1": 0.3540308099423495,
 "top3_last_roc_auc": 0.5726887733333333,
 "top3_last_acc": 0.5443333333333333,
 "mode0_last_f1": 0.42576288571672793,
 "mode0_last_roc_auc": 0.5725600111111111,
 "mode0_last_acc": 0.5521333333333334
}