{
 "generalization_gap": -0.006933333333333347,
 "confidence_gap": -0.004918795001329357,
 "top3_last_f1": 0.15764653042892432,
 "top3_last_roc_auc": 0.4976783222222222,
 "top3_last_acc": 0.4998666666666667,
 "mode0_last_f1": 0.006762132060461415,
 "mode0_last_roc_auc": 0.5058587,
 "mode0_last_acc": 0.5006,
 "mode3_last_f1": 0.0023939353637451788,
 "mode3_last_roc_auc": 0.49748909333333335,
 "mode3_last_acc": 0.49993333333333334
}