{
 "generalization_gap": -0.01630769230769233,
 "confidence_gap": -0.0012458824516775602,
 "top3_best_f1": 0.10381004969630038,
 "top3_best_roc_auc": 0.5054125443786982,
 "top3_best_acc": 0.5006153846153846,
 "mode0_best_f1": 0.006127450980392157,
 "mode0_best_roc_auc": 0.5095732544378698,
 "mode0_best_acc": 0.5009230769230769
}