{
 "generalization_gap": 0.019692307692307676,
 "confidence_gap": 0.014137890319568802,
 "top3_best_f1": 0.3054165760278443,
 "top3_best_roc_auc": 0.5080477633136095,
 "top3_best_acc": 0.5087692307692308,
 "mode0_best_f1": 0.00915750915750916,
 "mode0_best_roc_auc": 0.5038330414201183,
 "mode0_best_acc": 0.5006153846153846
}