{
 "generalization_gap": 0.019692307692307676,
 "confidence_gap": 0.014137890319568802,
 "top3_last_f1": 0.35336683417085424,
 "top3_last_roc_auc": 0.5099537041420118,
 "top3_last_acc": 0.5050769230769231,
 "mode0_last_f1": 0.002457002457002457,
 "mode0_last_roc_auc": 0.5033939881656805,
 "mode0_last_acc": 0.5003076923076923
}