{
 "generalization_gap": 0.29900000000000004,
 "confidence_gap": 0.36463183029642254,
 "top3_best_f1": 0.7970240467649794,
 "top3_best_roc_auc": 0.8904272911111112,
 "top3_best_acc": 0.7453666666666666,
 "mode0_best_f1": 0.8963319302465425,
 "mode0_best_roc_auc": 0.9163237333333333,
 "mode0_best_acc": 0.8850666666666667,
 "mode3_best_f1": 0.914337128851106,
 "mode3_best_roc_auc": 0.9258140488888887,
 "mode3_best_acc": 0.9079666666666667
}