{
 "generalization_gap": 0.05386666666666673,
 "confidence_gap": 0.031062388695536347,
 "top3_last_f1": 0.39085515123853776,
 "top3_last_roc_auc": 0.5143633488888889,
 "top3_last_acc": 0.5106333333333334,
 "mode0_last_f1": 0.13773114602052056,
 "mode0_last_roc_auc": 0.5143696111111111,
 "mode0_last_acc": 0.5041666666666667,
 "mode3_last_f1": 0.01756801048836447,
 "mode3_last_roc_auc": 0.5328186133333332,
 "mode3_last_acc": 0.5004333333333333
}