{
 "generalization_gap": 0.0723076923076923,
 "confidence_gap": 0.03002975023967716,
 "top3_best_f1": 0.152145301395104,
 "top3_best_roc_auc": 0.5042916449704142,
 "top3_best_acc": 0.5044615384615385,
 "mode0_best_f1": 0.005506271030896298,
 "mode0_best_roc_auc": 0.48295829585798816,
 "mode0_best_acc": 0.49984615384615383
}