{
 "generalization_gap": 0.01156363636363636,
 "confidence_gap": 0.0039278108848424375,
 "top3_best_f1": 0.10604070912672357,
 "top3_best_roc_auc": 0.5094965580165289,
 "top3_best_acc": 0.5049090909090909,
 "mode0_best_f1": 0.1884040716709328,
 "mode0_best_roc_auc": 0.49991015867768596,
 "mode0_best_acc": 0.5042181818181818,
 "mode3_best_f1": 0.009664623151821133,
 "mode3_best_roc_auc": 0.5340130155371902,
 "mode3_best_acc": 0.5006909090909091
}