{
 "generalization_gap": 0.01156363636363636,
 "confidence_gap": 0.0039278108848424375,
 "top3_last_f1": 0.09624249660066993,
 "top3_last_roc_auc": 0.5052706532231406,
 "top3_last_acc": 0.5045272727272727,
 "mode0_last_f1": 0.0498507255432896,
 "mode0_last_roc_auc": 0.5041243127272726,
 "mode0_last_acc": 0.5023636363636363,
 "mode3_last_f1": 0.0,
 "mode3_last_roc_auc": 0.5018713454545455,
 "mode3_last_acc": 0.4999818181818182
}