{
 "generalization_gap": 0.17299999999999993,
 "confidence_gap": 0.17064236991424375,
 "top3_last_f1": 0.6550720116466491,
 "top3_last_roc_auc": 0.5867798044444444,
 "top3_last_acc": 0.5577333333333333,
 "mode0_last_f1": 0.616649961676788,
 "mode0_last_roc_auc": 0.5823464955555556,
 "mode0_last_acc": 0.5665333333333333
}