{
 "generalization_gap": 0.002218181818181817,
 "confidence_gap": 0.000274987885004057,
 "top3_best_f1": 0.0,
 "top3_best_roc_auc": 0.5052671841322314,
 "top3_best_acc": 0.5,
 "mode0_best_f1": 0.44622832788513267,
 "mode0_best_roc_auc": 0.5167822188429751,
 "mode0_best_acc": 0.5133454545454545,
 "mode3_best_f1": 0.004492265333478245,
 "mode3_best_roc_auc": 0.5000471173553719,
 "mode3_best_acc": 0.5003818181818181
}