{
 "generalization_gap": 0.3204363636363637,
 "confidence_gap": 0.23597632601741406,
 "top3_best_f1": 0.46410262003970415,
 "top3_best_roc_auc": 0.5712195596694214,
 "top3_best_acc": 0.5533636363636364,
 "mode0_best_f1": 0.6663187026607108,
 "mode0_best_roc_auc": 0.573449945785124,
 "mode0_best_acc": 0.5001818181818182,
 "mode3_best_f1": 0.633101383607088,
 "mode3_best_roc_auc": 0.7513844581818181,
 "mode3_best_acc": 0.6702181818181818
}