{
 "generalization_gap": 0.3204363636363637,
 "confidence_gap": 0.23597632601741406,
 "top3_last_f1": 0.1930319858530078,
 "top3_last_roc_auc": 0.5338188700826446,
 "top3_last_acc": 0.5270727272727272,
 "mode0_last_f1": 0.6666666666666666,
 "mode0_last_roc_auc": 0.5,
 "mode0_last_acc": 0.5,
 "mode3_last_f1": 0.19840343293471743,
 "mode3_last_roc_auc": 0.6419110314049588,
 "mode3_last_acc": 0.5380909090909091
}