{
 "generalization_gap": 0.21261538461538465,
 "confidence_gap": 0.20353285532582055,
 "top3_best_f1": 0.5841852074564041,
 "top3_best_roc_auc": 0.5929759526627219,
 "top3_best_acc": 0.5744615384615385,
 "mode0_best_f1": 0.31320926009986383,
 "mode0_best_roc_auc": 0.5293296094674556,
 "mode0_best_acc": 0.5344615384615384
}