{
 "generalization_gap": 0.21261538461538465,
 "confidence_gap": 0.20353285532582055,
 "top3_last_f1": 0.6192629127277709,
 "top3_last_roc_auc": 0.5962162840236687,
 "top3_last_acc": 0.5724615384615385,
 "mode0_last_f1": 0.14832663989290498,
 "mode0_last_roc_auc": 0.496295100591716,
 "mode0_last_acc": 0.5106153846153846
}