{
 "generalization_gap": 0.17799999999999994,
 "confidence_gap": 0.16049211333158409,
 "top3_last_f1": 0.5737961633824872,
 "top3_last_roc_auc": 0.5839140644444445,
 "top3_last_acc": 0.5645333333333333,
 "mode0_last_f1": 0.4492458214431309,
 "mode0_last_roc_auc": 0.5852962622222222,
 "mode0_last_acc": 0.5496666666666666
}