{
 "generalization_gap": 0.07773333333333332,
 "confidence_gap": 0.12523310241905472,
 "top3_best_f1": 0.7351902104346936,
 "top3_best_roc_auc": 0.6851244400000001,
 "top3_best_acc": 0.6552,
 "mode0_best_f1": 0.6978313786235892,
 "mode0_best_roc_auc": 0.6524357688888889,
 "mode0_best_acc": 0.6358666666666667,
 "mode3_best_f1": 0.6866135389395551,
 "mode3_best_roc_auc": 0.6682606666666666,
 "mode3_best_acc": 0.6369
}