{
 "generalization_gap": 0.4232666666666667,
 "confidence_gap": 0.38374871489849716,
 "top3_best_f1": 0.6169816342826723,
 "top3_best_roc_auc": 0.6447009177777778,
 "top3_best_acc": 0.6162666666666666,
 "mode0_best_f1": 0.627470035633301,
 "mode0_best_roc_auc": 0.6481392933333333,
 "mode0_best_acc": 0.6166666666666667,
 "mode3_best_f1": 0.7514394615197469,
 "mode3_best_roc_auc": 0.7462286177777777,
 "mode3_best_acc": 0.6935
}