{
 "generalization_gap": 0.4232666666666667,
 "confidence_gap": 0.38374871489849716,
 "top3_last_f1": 0.3782550845846797,
 "top3_last_roc_auc": 0.6436803688888889,
 "top3_last_acc": 0.5638666666666666,
 "mode0_last_f1": 0.627470035633301,
 "mode0_last_roc_auc": 0.6481392933333333,
 "mode0_last_acc": 0.6166666666666667,
 "mode3_last_f1": 0.42138364779874216,
 "mode3_last_roc_auc": 0.7573895488888889,
 "mode3_last_acc": 0.5890666666666666
}