{
 "generalization_gap": 0.11046153846153839,
 "confidence_gap": 0.10932425969896642,
 "top3_last_f1": 0.10981244903506387,
 "top3_last_roc_auc": 0.5298405207100592,
 "top3_last_acc": 0.49615384615384617,
 "mode0_last_f1": 0.460431654676259,
 "mode0_last_roc_auc": 0.5325955976331361,
 "mode0_last_acc": 0.5269230769230769
}