{
 "generalization_gap": 0.21847272727272726,
 "confidence_gap": 0.18022194721907797,
 "top3_best_f1": 0.5131429708486718,
 "top3_best_roc_auc": 0.5718289242975206,
 "top3_best_acc": 0.5551454545454545,
 "mode0_best_f1": 0.5603864734299517,
 "mode0_best_roc_auc": 0.5671353256198347,
 "mode0_best_acc": 0.5466545454545455,
 "mode3_best_f1": 0.6378062804068997,
 "mode3_best_roc_auc": 0.6738480998347107,
 "mode3_best_acc": 0.6277636363636364
}