{
 "generalization_gap": 0.21847272727272726,
 "confidence_gap": 0.18022194721907797,
 "top3_last_f1": 0.5131429708486718,
 "top3_last_roc_auc": 0.5718289242975206,
 "top3_last_acc": 0.5551454545454545,
 "mode0_last_f1": 0.651461789235261,
 "mode0_last_roc_auc": 0.5713099894214876,
 "mode0_last_acc": 0.5159818181818182,
 "mode3_last_f1": 0.6222655244678114,
 "mode3_last_roc_auc": 0.6734953454545454,
 "mode3_last_acc": 0.6264
}