{
 "generalization_gap": 0.059692307692307656,
 "confidence_gap": 0.020214781071847432,
 "top3_best_f1": 0.09730330831248263,
 "top3_best_roc_auc": 0.5081713609467456,
 "top3_best_acc": 0.5004615384615385,
 "mode0_best_f1": 0.009149130832570906,
 "mode0_best_roc_auc": 0.48291910059171594,
 "mode0_best_acc": 0.5001538461538462
}