{
 "generalization_gap": 0.059692307692307656,
 "confidence_gap": 0.020214781071847432,
 "top3_last_f1": 0.0,
 "top3_last_roc_auc": 0.5046533491124261,
 "top3_last_acc": 0.5,
 "mode0_last_f1": 0.007938931297709924,
 "mode0_last_roc_auc": 0.48289590532544374,
 "mode0_last_acc": 0.5001538461538462
}