{
 "generalization_gap": 0.2113846153846154,
 "confidence_gap": 0.21205129401772005,
 "top3_best_f1": 0.7041061420565023,
 "top3_best_roc_auc": 0.6579245917159763,
 "top3_best_acc": 0.602,
 "mode0_best_f1": 0.6775895584559845,
 "mode0_best_roc_auc": 0.6663780355029585,
 "mode0_best_acc": 0.6427692307692308,
 "mode3_best_f1": 0.6876114693373576,
 "mode3_best_roc_auc": 0.6879414437869822,
 "mode3_best_acc": 0.6496923076923077
}