{
 "generalization_gap": 0.2113846153846154,
 "confidence_gap": 0.21205129401772005,
 "top3_last_f1": 0.6965593784683685,
 "top3_last_roc_auc": 0.672356875739645,
 "top3_last_acc": 0.5793846153846154,
 "mode0_last_f1": 0.5776892430278884,
 "mode0_last_roc_auc": 0.6551093964497042,
 "mode0_last_acc": 0.6086153846153847,
 "mode3_last_f1": 0.6361689106487148,
 "mode3_last_roc_auc": 0.6899669585798818,
 "mode3_last_acc": 0.6341538461538462
}