{
 "generalization_gap": 0.12033333333333329,
 "confidence_gap": 0.09240504818822132,
 "top3_best_f1": 0.47605300170256865,
 "top3_best_roc_auc": 0.5354034911111112,
 "top3_best_acc": 0.5281333333333333,
 "mode0_best_f1": 0.3941773118872809,
 "mode0_best_roc_auc": 0.5321610311111111,
 "mode0_best_acc": 0.5241666666666667
}