{
 "generalization_gap": 0.19415384615384612,
 "confidence_gap": 0.1978260572022249,
 "top3_best_f1": 0.6563332526035359,
 "top3_best_roc_auc": 0.5872800946745562,
 "top3_best_acc": 0.5633846153846154,
 "mode0_best_f1": 0.5850628692622329,
 "mode0_best_roc_auc": 0.5926862485207101,
 "mode0_best_acc": 0.5786153846153846
}