{
 "generalization_gap": 0.19415384615384612,
 "confidence_gap": 0.1978260572022249,
 "top3_last_f1": 0.13062098501070665,
 "top3_last_roc_auc": 0.5871752426035504,
 "top3_last_acc": 0.5003076923076923,
 "mode0_last_f1": 0.592537755404205,
 "mode0_last_roc_auc": 0.5919861775147929,
 "mode0_last_acc": 0.5766153846153846
}