{
 "generalization_gap": 0.14523076923076916,
 "confidence_gap": 0.14451298155174142,
 "top3_best_f1": 0.6273424726449502,
 "top3_best_roc_auc": 0.5576246153846154,
 "top3_best_acc": 0.5441538461538461,
 "mode0_best_f1": 0.5043333333333333,
 "mode0_best_roc_auc": 0.5556659881656805,
 "mode0_best_acc": 0.5424615384615384
}