{
 "generalization_gap": 0.14523076923076916,
 "confidence_gap": 0.14451298155174142,
 "top3_last_f1": 0.12530250067222373,
 "top3_last_roc_auc": 0.5566300591715976,
 "top3_last_acc": 0.49953846153846154,
 "mode0_last_f1": 0.5283794466403162,
 "mode0_last_roc_auc": 0.5545452307692307,
 "mode0_last_acc": 0.5410769230769231
}