{
 "generalization_gap": 0.01633333333333334,
 "confidence_gap": 0.007585571583947917,
 "top3_last_f1": 0.10180109631949882,
 "top3_last_roc_auc": 0.5004594733333333,
 "top3_last_acc": 0.5029666666666667,
 "mode0_last_f1": 0.05663828445285398,
 "mode0_last_roc_auc": 0.49902789555555555,
 "mode0_last_acc": 0.5014333333333333,
 "mode3_last_f1": 0.00026663111585121987,
 "mode3_last_roc_auc": 0.5124358999999998,
 "mode3_last_acc": 0.5000666666666667
}