{
 "generalization_gap": 0.00014545454545454584,
 "confidence_gap": -0.0002434331446453655,
 "top3_best_f1": 0.01257319395049754,
 "top3_best_roc_auc": 0.5019762558677686,
 "top3_best_acc": 0.5002363636363636,
 "mode0_best_f1": 0.4855430316281525,
 "mode0_best_roc_auc": 0.5023384370247934,
 "mode0_best_acc": 0.5037454545454545,
 "mode3_best_f1": 0.0017418441775229525,
 "mode3_best_roc_auc": 0.4984813811570248,
 "mode3_best_acc": 0.49983636363636363
}