{
 "generalization_gap": 0.00014545454545454584,
 "confidence_gap": -0.0002434331446453655,
 "top3_last_f1": 0.010865654457796647,
 "top3_last_roc_auc": 0.4972365791735537,
 "top3_last_acc": 0.5001454545454546,
 "mode0_last_f1": 0.03774113363442216,
 "mode0_last_roc_auc": 0.5015095014876033,
 "mode0_last_acc": 0.5002727272727273,
 "mode3_last_f1": 0.012343906990096168,
 "mode3_last_roc_auc": 0.49694424264462805,
 "mode3_last_acc": 0.4995636363636364
}