{
 "generalization_gap": 0.006145454545454544,
 "confidence_gap": 0.0028003292509517184,
 "top3_best_f1": 0.6662461180124223,
 "top3_best_roc_auc": 0.4957293395041322,
 "top3_best_acc": 0.49978181818181816,
 "mode0_best_f1": 0.006146725964493617,
 "mode0_best_roc_auc": 0.5015374115702479,
 "mode0_best_acc": 0.5002363636363636
}