{
 "generalization_gap": 0.006145454545454544,
 "confidence_gap": 0.0028003292509517184,
 "top3_last_f1": 0.5270605972348336,
 "top3_last_roc_auc": 0.49629728462809913,
 "top3_last_acc": 0.4980909090909091,
 "mode0_last_f1": 0.6666666666666666,
 "mode0_last_roc_auc": 0.49981812561983463,
 "mode0_last_acc": 0.5
}