{
 "generalization_gap": 0.0014909090909090914,
 "confidence_gap": 0.0003398553334958629,
 "top3_best_f1": 0.30469581074920216,
 "top3_best_roc_auc": 0.49858430876033066,
 "top3_best_acc": 0.5008727272727272,
 "mode0_best_f1": 0.0017425397516880855,
 "mode0_best_roc_auc": 0.499433946446281,
 "mode0_best_acc": 0.5000363636363636
}