{
 "generalization_gap": 0.003963636363636364,
 "confidence_gap": 0.0014946112955297568,
 "top3_best_f1": 0.04135811094033813,
 "top3_best_roc_auc": 0.5010923180165291,
 "top3_best_acc": 0.5010181818181818,
 "mode0_best_f1": 0.13776199604059955,
 "mode0_best_roc_auc": 0.5016669533884297,
 "mode0_best_acc": 0.501109090909091,
 "mode3_best_f1": 0.0021777003484320556,
 "mode3_best_roc_auc": 0.5162714618181817,
 "mode3_best_acc": 0.5001454545454546
}