{
 "generalization_gap": 0.003963636363636364,
 "confidence_gap": 0.0014946112955297568,
 "top3_last_f1": 0.04135811094033813,
 "top3_last_roc_auc": 0.5010923180165291,
 "top3_last_acc": 0.5010181818181818,
 "mode0_last_f1": 0.021824127390346202,
 "mode0_last_roc_auc": 0.5023126671074382,
 "mode0_last_acc": 0.49963636363636366,
 "mode3_last_f1": 0.0,
 "mode3_last_roc_auc": 0.5009269824793388,
 "mode3_last_acc": 0.5
}