{
 "generalization_gap": 0.5305333333333333,
 "confidence_gap": 0.5431771148142676,
 "top3_best_f1": 0.7968218537414965,
 "top3_best_roc_auc": 0.8474806044444445,
 "top3_best_acc": 0.7451333333333333,
 "mode0_best_f1": 0.8167483611882124,
 "mode0_best_roc_auc": 0.8319141888888889,
 "mode0_best_acc": 0.7931333333333334,
 "mode3_best_f1": 0.8588820250113003,
 "mode3_best_roc_auc": 0.8850527,
 "mode3_best_acc": 0.8439
}