{
 "generalization_gap": 0.009230769230769265,
 "confidence_gap": 0.004303910414903189,
 "top3_last_f1": 0.06022003474232774,
 "top3_last_roc_auc": 0.4965296094674556,
 "top3_last_acc": 0.5006153846153846,
 "mode0_last_f1": 0.011571254567600489,
 "mode0_last_roc_auc": 0.49454139644970413,
 "mode0_last_acc": 0.5006153846153846,
 "mode3_last_f1": 0.0,
 "mode3_last_roc_auc": 0.505477349112426,
 "mode3_last_acc": 0.5
}