{
 "generalization_gap": 0.07433333333333336,
 "confidence_gap": 0.08741110893012716,
 "top3_best_f1": 0.7197066557305865,
 "top3_best_roc_auc": 0.6650730333333333,
 "top3_best_acc": 0.6127,
 "mode0_best_f1": 0.7026739166993667,
 "mode0_best_roc_auc": 0.6889500222222222,
 "mode0_best_acc": 0.6464,
 "mode3_best_f1": 0.7328623554071888,
 "mode3_best_roc_auc": 0.6661442511111111,
 "mode3_best_acc": 0.6559
}