{
 "generalization_gap": 0.09413333333333329,
 "confidence_gap": 0.09197072063651002,
 "top3_last_f1": 0.6168619269245172,
 "top3_last_roc_auc": 0.5359589755555556,
 "top3_last_acc": 0.5225333333333333,
 "mode0_last_f1": 0.5582346742701295,
 "mode0_last_roc_auc": 0.5328299711111111,
 "mode0_last_acc": 0.5248666666666667
}