{
 "generalization_gap": 0.02246153846153842,
 "confidence_gap": 0.015405400996051699,
 "top3_best_f1": 0.5079512119808554,
 "top3_best_roc_auc": 0.5137581538461539,
 "top3_best_acc": 0.5096923076923077,
 "mode0_best_f1": 0.12425393380358112,
 "mode0_best_roc_auc": 0.4973037633136095,
 "mode0_best_acc": 0.5033846153846154,
 "mode3_best_f1": 0.029913251570445713,
 "mode3_best_roc_auc": 0.5100080946745562,
 "mode3_best_acc": 0.5010769230769231
}