{
 "generalization_gap": 0.02246153846153842,
 "confidence_gap": 0.015405400996051699,
 "top3_last_f1": 0.369496855345912,
 "top3_last_roc_auc": 0.5135193372781065,
 "top3_last_acc": 0.5064615384615384,
 "mode0_last_f1": 0.12425393380358112,
 "mode0_last_roc_auc": 0.4973037633136095,
 "mode0_last_acc": 0.5033846153846154,
 "mode3_last_f1": 0.03502523003858712,
 "mode3_last_roc_auc": 0.5115451834319527,
 "mode3_last_acc": 0.49984615384615383
}