{
 "generalization_gap": 0.07720000000000005,
 "confidence_gap": 0.07351876995719475,
 "top3_last_f1": 0.5985008328706274,
 "top3_last_roc_auc": 0.52743414,
 "top3_last_acc": 0.5179333333333334,
 "mode0_last_f1": 0.5346246032260155,
 "mode0_last_roc_auc": 0.5249186044444445,
 "mode0_last_acc": 0.5210666666666667
}