{
 "generalization_gap": 0.01606666666666666,
 "confidence_gap": 0.0007918842934421244,
 "top3_best_f1": 0.0010656010656010656,
 "top3_best_roc_auc": 0.5010905355555556,
 "top3_best_acc": 0.5000333333333333,
 "mode0_best_f1": 0.19471127900701565,
 "mode0_best_roc_auc": 0.5051018911111111,
 "mode0_best_acc": 0.5026,
 "mode3_best_f1": 0.00013332444503699753,
 "mode3_best_roc_auc": 0.5143369622222222,
 "mode3_best_acc": 0.5000333333333333
}