{
 "generalization_gap": 0.01606666666666666,
 "confidence_gap": 0.0007918842934421244,
 "top3_last_f1": 0.0,
 "top3_last_roc_auc": 0.5010780266666667,
 "top3_last_acc": 0.5,
 "mode0_last_f1": 0.07704615384615385,
 "mode0_last_roc_auc": 0.5039572111111111,
 "mode0_last_acc": 0.5000666666666667,
 "mode3_last_f1": 0.0,
 "mode3_last_roc_auc": 0.5084676866666668,
 "mode3_last_acc": 0.5
}