{
 "generalization_gap": 0.0020000000000000018,
 "confidence_gap": 0.00039662913734093974,
 "top3_best_f1": 0.07874500153798832,
 "top3_best_roc_auc": 0.5012256311111111,
 "top3_best_acc": 0.5008333333333334,
 "mode0_best_f1": 0.0031908528883866248,
 "mode0_best_roc_auc": 0.49654610222222223,
 "mode0_best_acc": 0.5001666666666666,
 "mode3_best_f1": 0.0013317352510320945,
 "mode3_best_roc_auc": 0.5038425422222222,
 "mode3_best_acc": 0.5000666666666667
}