{
 "generalization_gap": 0.0020000000000000018,
 "confidence_gap": 0.00039662913734093974,
 "top3_last_f1": 0.06114028507126782,
 "top3_last_roc_auc": 0.5027019955555555,
 "top3_last_acc": 0.4994,
 "mode0_last_f1": 0.0039843283086526335,
 "mode0_last_roc_auc": 0.49701719333333333,
 "mode0_last_acc": 0.5000333333333333,
 "mode3_last_f1": 0.0,
 "mode3_last_roc_auc": 0.5039382200000001,
 "mode3_last_acc": 0.49993333333333334
}