{
 "generalization_gap": 0.4943272727272727,
 "confidence_gap": 0.41950630851419496,
 "top3_best_f1": 0.6705856579523879,
 "top3_best_roc_auc": 0.7088331114049586,
 "top3_best_acc": 0.6719272727272727,
 "mode0_best_f1": 0.6824750697690954,
 "mode0_best_roc_auc": 0.6992760396694215,
 "mode0_best_acc": 0.6752181818181818,
 "mode3_best_f1": 0.5224635238599702,
 "mode3_best_roc_auc": 0.8065742234710744,
 "mode3_best_acc": 0.6393818181818182
}