{
 "generalization_gap": 7.272727272727292e-05,
 "confidence_gap": 0.0002721186476433053,
 "top3_last_f1": 0.2511645645482034,
 "top3_last_roc_auc": 0.5024526723966942,
 "top3_last_acc": 0.5002,
 "mode0_last_f1": 0.6666666666666666,
 "mode0_last_roc_auc": 0.49998181685950416,
 "mode0_last_acc": 0.5
}