{
 "generalization_gap": 0.026133333333333342,
 "confidence_gap": 0.016412732097444427,
 "top3_last_f1": 0.4504906986963527,
 "top3_last_roc_auc": 0.5018120244444444,
 "top3_last_acc": 0.4998,
 "mode0_last_f1": 0.1304928310210716,
 "mode0_last_roc_auc": 0.5004105333333333,
 "mode0_last_acc": 0.5007,
 "mode3_last_f1": 0.06827633294022718,
 "mode3_last_roc_auc": 0.5107657555555556,
 "mode3_last_acc": 0.4996333333333333
}