{
 "generalization_gap": 0.548290909090909,
 "confidence_gap": 0.5171368707370818,
 "top3_best_f1": 0.7200306535780754,
 "top3_best_roc_auc": 0.7598947676033059,
 "top3_best_acc": 0.7210181818181818,
 "mode0_best_f1": 0.7039549955337627,
 "mode0_best_roc_auc": 0.768766050247934,
 "mode0_best_acc": 0.7167818181818182,
 "mode3_best_f1": 0.6676624983995562,
 "mode3_best_roc_auc": 0.8450721190082644,
 "mode3_best_acc": 0.7168363636363636
}