{
 "generalization_gap": 0.548290909090909,
 "confidence_gap": 0.5171368707370818,
 "top3_last_f1": 0.7387777887236068,
 "top3_last_roc_auc": 0.7145777507438017,
 "top3_last_acc": 0.7107272727272728,
 "mode0_last_f1": 0.6068618052923735,
 "mode0_last_roc_auc": 0.7011956952066115,
 "mode0_last_acc": 0.6793636363636364,
 "mode3_last_f1": 0.4004518030799747,
 "mode3_last_roc_auc": 0.8401151557024793,
 "mode3_last_acc": 0.6043090909090909
}