{
 "generalization_gap": 0.11476923076923073,
 "confidence_gap": 0.15225653535165928,
 "top3_best_f1": 0.7500576967459035,
 "top3_best_roc_auc": 0.7416198343195266,
 "top3_best_acc": 0.6667692307692308,
 "mode0_best_f1": 0.7805956561321368,
 "mode0_best_roc_auc": 0.7596511242603551,
 "mode0_best_acc": 0.7404615384615385,
 "mode3_best_f1": 0.7853538620778884,
 "mode3_best_roc_auc": 0.7789998579881657,
 "mode3_best_acc": 0.7447692307692307
}