{
 "generalization_gap": 0.11476923076923073,
 "confidence_gap": 0.15225653535165928,
 "top3_last_f1": 0.7120166502355132,
 "top3_last_roc_auc": 0.7545423905325443,
 "top3_last_acc": 0.5955384615384616,
 "mode0_last_f1": 0.7872235872235872,
 "mode0_last_roc_auc": 0.7694343195266272,
 "mode0_last_acc": 0.7335384615384616,
 "mode3_last_f1": 0.7853538620778884,
 "mode3_last_roc_auc": 0.7789998579881657,
 "mode3_last_acc": 0.7447692307692307
}