{
 "generalization_gap": 0.1770181818181818,
 "confidence_gap": 0.1389236806883725,
 "top3_best_f1": 0.48068195756163373,
 "top3_best_roc_auc": 0.5515229123966943,
 "top3_best_acc": 0.5381090909090909,
 "mode0_best_f1": 0.5298091258812052,
 "mode0_best_roc_auc": 0.5487788674380165,
 "mode0_best_acc": 0.5355454545454545,
 "mode3_best_f1": 0.6019244343723297,
 "mode3_best_roc_auc": 0.653089756694215,
 "mode3_best_acc": 0.6103636363636363
}