{
 "generalization_gap": 0.0025090909090909087,
 "confidence_gap": 0.000513657944990204,
 "top3_last_f1": 0.09750499983607096,
 "top3_last_roc_auc": 0.5012877031404959,
 "top3_last_acc": 0.4995090909090909,
 "mode0_last_f1": 0.6666666666666666,
 "mode0_last_roc_auc": 0.5000181804958678,
 "mode0_last_acc": 0.5
}