{
 "generalization_gap": 0.019692307692307676,
 "confidence_gap": 0.01934868211361296,
 "top3_best_f1": 0.4784224987877808,
 "top3_best_roc_auc": 0.5035728284023668,
 "top3_best_acc": 0.5035384615384615,
 "mode0_best_f1": 0.10743801652892562,
 "mode0_best_roc_auc": 0.5023358579881657,
 "mode0_best_acc": 0.5015384615384615,
 "mode3_best_f1": 0.12591191569845986,
 "mode3_best_roc_auc": 0.5151590059171598,
 "mode3_best_acc": 0.5023076923076923
}