{
 "generalization_gap": 0.019692307692307676,
 "confidence_gap": 0.01934868211361296,
 "top3_last_f1": 0.4784224987877808,
 "top3_last_roc_auc": 0.5035728284023668,
 "top3_last_acc": 0.5035384615384615,
 "mode0_last_f1": 0.038892162639952856,
 "mode0_last_roc_auc": 0.5000873372781065,
 "mode0_last_acc": 0.49815384615384617,
 "mode3_last_f1": 0.08205998868138087,
 "mode3_last_roc_auc": 0.5142255147928994,
 "mode3_last_acc": 0.5009230769230769
}