{
 "generalization_gap": 0.15846153846153843,
 "confidence_gap": 0.13009157387142134,
 "top3_best_f1": 0.5725308641975309,
 "top3_best_roc_auc": 0.5887920000000001,
 "top3_best_acc": 0.5738461538461539,
 "mode0_best_f1": 0.30067415730337077,
 "mode0_best_roc_auc": 0.5577232662721894,
 "mode0_best_acc": 0.5212307692307693,
 "mode3_best_f1": 0.004293161606869058,
 "mode3_best_roc_auc": 0.6109207100591716,
 "mode3_best_acc": 0.5004615384615385
}