{
 "generalization_gap": 0.15846153846153843,
 "confidence_gap": 0.13009157387142134,
 "top3_last_f1": 0.5725308641975309,
 "top3_last_roc_auc": 0.5887920000000001,
 "top3_last_acc": 0.5738461538461539,
 "mode0_last_f1": 0.21796759941089835,
 "mode0_last_roc_auc": 0.5447588165680474,
 "mode0_last_acc": 0.5098461538461538,
 "mode3_last_f1": 0.06492387245044526,
 "mode3_last_roc_auc": 0.6159894911242604,
 "mode3_last_acc": 0.49923076923076926
}