{
 "generalization_gap": -0.0003999999999999993,
 "confidence_gap": -0.0001826568303842967,
 "top3_best_f1": 0.014333321388898842,
 "top3_best_roc_auc": 0.49927710214876037,
 "top3_best_acc": 0.49987272727272725,
 "mode0_best_f1": 0.51069752502632,
 "mode0_best_roc_auc": 0.5033660383471075,
 "mode0_best_acc": 0.5014363636363637,
 "mode3_best_f1": 0.0078691838429051,
 "mode3_best_roc_auc": 0.4989626353719008,
 "mode3_best_acc": 0.5002727272727273
}