{
 "generalization_gap": -0.0003999999999999993,
 "confidence_gap": -0.0001826568303842967,
 "top3_last_f1": 0.014192022363186754,
 "top3_last_roc_auc": 0.5005820423140496,
 "top3_last_acc": 0.49987272727272725,
 "mode0_last_f1": 0.04140526976160602,
 "mode0_last_roc_auc": 0.5031764654545454,
 "mode0_last_acc": 0.4999272727272727,
 "mode3_last_f1": 0.0078691838429051,
 "mode3_last_roc_auc": 0.4989626353719008,
 "mode3_last_acc": 0.5002727272727273
}