{
 "generalization_gap": 0.022763636363636375,
 "confidence_gap": 0.011790251356066095,
 "top3_best_f1": 0.32168911684884094,
 "top3_best_roc_auc": 0.504270217520661,
 "top3_best_acc": 0.5046727272727273,
 "mode0_best_f1": 0.36549523742984236,
 "mode0_best_roc_auc": 0.5042556013223141,
 "mode0_best_acc": 0.5046363636363637,
 "mode3_best_f1": 0.056009656837385756,
 "mode3_best_roc_auc": 0.525051386446281,
 "mode3_best_acc": 0.5023454545454545
}