{
 "generalization_gap": 0.022763636363636375,
 "confidence_gap": 0.011790251356066095,
 "top3_last_f1": 0.32168911684884094,
 "top3_last_roc_auc": 0.504270217520661,
 "top3_last_acc": 0.5046727272727273,
 "mode0_last_f1": 0.2279158915384182,
 "mode0_last_roc_auc": 0.5024918651239669,
 "mode0_last_acc": 0.5019636363636364,
 "mode3_last_f1": 0.023199544548818674,
 "mode3_last_roc_auc": 0.508761253553719,
 "mode3_last_acc": 0.5008727272727272
}