{
 "generalization_gap": -0.019999999999999962,
 "confidence_gap": -0.0018739448005620218,
 "top3_best_f1": 0.08737316798196167,
 "top3_best_roc_auc": 0.49767095857988164,
 "top3_best_acc": 0.5018461538461538,
 "mode0_best_f1": 0.0030703101013202336,
 "mode0_best_roc_auc": 0.49641647337278105,
 "mode0_best_acc": 0.5004615384615385
}