{
 "generalization_gap": 0.14092307692307693,
 "confidence_gap": 0.1137027165240862,
 "top3_best_f1": 0.5305940151853507,
 "top3_best_roc_auc": 0.5188018934911243,
 "top3_best_acc": 0.5149230769230769,
 "mode0_best_f1": 0.285456595264938,
 "mode0_best_roc_auc": 0.4900209230769231,
 "mode0_best_acc": 0.5124615384615384
}