{
 "generalization_gap": 0.14092307692307693,
 "confidence_gap": 0.1137027165240862,
 "top3_last_f1": 0.5305940151853507,
 "top3_last_roc_auc": 0.5188018934911243,
 "top3_last_acc": 0.5149230769230769,
 "mode0_last_f1": 0.18186475409836067,
 "mode0_last_roc_auc": 0.4875147928994083,
 "mode0_last_acc": 0.5086153846153846
}