{
 "generalization_gap": 0.0008000000000000004,
 "confidence_gap": 5.677662507543903e-05,
 "top3_best_f1": 0.02736529486635554,
 "top3_best_roc_auc": 0.4965954552066116,
 "top3_best_acc": 0.49981818181818183,
 "mode0_best_f1": 0.5430362024134942,
 "mode0_best_roc_auc": 0.5007360304132231,
 "mode0_best_acc": 0.5015272727272727,
 "mode3_best_f1": 0.01087504501260353,
 "mode3_best_roc_auc": 0.4981989957024794,
 "mode3_best_acc": 0.5005818181818181
}