{
 "generalization_gap": 0.0008000000000000004,
 "confidence_gap": 5.677662507543903e-05,
 "top3_last_f1": 0.02727818804989223,
 "top3_last_roc_auc": 0.4982134386776859,
 "top3_last_acc": 0.4994727272727273,
 "mode0_last_f1": 0.028577476714648605,
 "mode0_last_roc_auc": 0.5005899319008265,
 "mode0_last_acc": 0.4993818181818182,
 "mode3_last_f1": 0.016540168981812976,
 "mode3_last_roc_auc": 0.49819982214876035,
 "mode3_last_acc": 0.5005454545454545
}