{
 "generalization_gap": 0.0828000000000001,
 "confidence_gap": 0.08841415501659367,
 "top3_best_f1": 0.6597518058899796,
 "top3_best_roc_auc": 0.5820590222222222,
 "top3_best_acc": 0.5713666666666667,
 "mode0_best_f1": 0.6252348605289781,
 "mode0_best_roc_auc": 0.5741176377777778,
 "mode0_best_acc": 0.5678333333333333,
 "mode3_best_f1": 0.5990927481150002,
 "mode3_best_roc_auc": 0.5901252555555555,
 "mode3_best_acc": 0.564
}