{
 "generalization_gap": 0.0828000000000001,
 "confidence_gap": 0.08841415501659367,
 "top3_last_f1": 0.6758668276694842,
 "top3_last_roc_auc": 0.5830096888888888,
 "top3_last_acc": 0.5615666666666667,
 "mode0_last_f1": 0.5123293545850904,
 "mode0_last_roc_auc": 0.5803818244444445,
 "mode0_last_acc": 0.5451333333333334,
 "mode3_last_f1": 0.40535661811007095,
 "mode3_last_roc_auc": 0.5884111844444444,
 "mode3_last_acc": 0.5278333333333334
}