{
 "generalization_gap": 0.016218181818181826,
 "confidence_gap": 0.010755963062401008,
 "top3_best_f1": 0.4017675497123357,
 "top3_best_roc_auc": 0.5005025038016528,
 "top3_best_acc": 0.5027818181818182,
 "mode0_best_f1": 0.3213017016519687,
 "mode0_best_roc_auc": 0.5043700958677687,
 "mode0_best_acc": 0.5032545454545455,
 "mode3_best_f1": 0.11247165532879819,
 "mode3_best_roc_auc": 0.5230345368595042,
 "mode3_best_acc": 0.5018545454545454
}