{
 "generalization_gap": 0.016218181818181826,
 "confidence_gap": 0.010755963062401008,
 "top3_last_f1": 0.37740483012689313,
 "top3_last_roc_auc": 0.5026218671074381,
 "top3_last_acc": 0.5022181818181818,
 "mode0_last_f1": 0.26436134566412006,
 "mode0_last_roc_auc": 0.5042151041322315,
 "mode0_last_acc": 0.5010363636363636,
 "mode3_last_f1": 0.05597053457712299,
 "mode3_last_roc_auc": 0.5079504119008265,
 "mode3_last_acc": 0.5013636363636363
}