{
 "generalization_gap": 0.004066666666666663,
 "confidence_gap": 0.0019632743592368565,
 "top3_best_f1": 0.03922325102880658,
 "top3_best_roc_auc": 0.5021669555555556,
 "top3_best_acc": 0.5019333333333333,
 "mode0_best_f1": 0.05442262769114211,
 "mode0_best_roc_auc": 0.5007100022222223,
 "mode0_best_acc": 0.5007666666666667,
 "mode3_best_f1": 0.000932711525649567,
 "mode3_best_roc_auc": 0.49545931555555556,
 "mode3_best_acc": 0.5001333333333333
}