{
 "generalization_gap": 0.004066666666666663,
 "confidence_gap": 0.0019632743592368565,
 "top3_last_f1": 0.03922325102880658,
 "top3_last_roc_auc": 0.5021669555555556,
 "top3_last_acc": 0.5019333333333333,
 "mode0_last_f1": 0.003325131342688036,
 "mode0_last_roc_auc": 0.5014375600000001,
 "mode0_last_acc": 0.5004333333333333,
 "mode3_last_f1": 0.0,
 "mode3_last_roc_auc": 0.4992709155555555,
 "mode3_last_acc": 0.5
}