{
 "generalization_gap": 0.004599999999999993,
 "confidence_gap": 0.004205542192084077,
 "top3_last_f1": 0.2855243792432227,
 "top3_last_roc_auc": 0.5017327644444445,
 "top3_last_acc": 0.4983666666666667,
 "mode0_last_f1": 0.11851155134912703,
 "mode0_last_roc_auc": 0.49913398666666664,
 "mode0_last_acc": 0.5001666666666666
}