{
 "generalization_gap": 0.4842545454545455,
 "confidence_gap": 0.3925618736889131,
 "top3_best_f1": 0.6624044219253801,
 "top3_best_roc_auc": 0.6732471636363637,
 "top3_best_acc": 0.6668545454545455,
 "mode0_best_f1": 0.6620590246336371,
 "mode0_best_roc_auc": 0.6949217976859505,
 "mode0_best_acc": 0.6675090909090909,
 "mode3_best_f1": 0.5705449797264793,
 "mode3_best_roc_auc": 0.8031861302479338,
 "mode3_best_acc": 0.6591454545454546
}