{
 "generalization_gap": 0.4842545454545455,
 "confidence_gap": 0.3925618736889131,
 "top3_last_f1": 0.6802148705735098,
 "top3_last_roc_auc": 0.6678357084297523,
 "top3_last_acc": 0.6655454545454546,
 "mode0_last_f1": 0.6620590246336371,
 "mode0_last_roc_auc": 0.6949217976859505,
 "mode0_last_acc": 0.6675090909090909,
 "mode3_last_f1": 0.13334661486867883,
 "mode3_last_roc_auc": 0.7543548866115701,
 "mode3_last_acc": 0.5254363636363636
}