{
 "generalization_gap": 0.0852666666666666,
 "confidence_gap": 0.08533596522222808,
 "top3_best_f1": 0.5629063568853419,
 "top3_best_roc_auc": 0.5339312266666667,
 "top3_best_acc": 0.5271666666666667,
 "mode0_best_f1": 0.547978273989137,
 "mode0_best_roc_auc": 0.5313772622222223,
 "mode0_best_acc": 0.5256333333333333
}