{
 "generalization_gap": 0.0852666666666666,
 "confidence_gap": 0.08533596522222808,
 "top3_last_f1": 0.6062374411627075,
 "top3_last_roc_auc": 0.5339463266666666,
 "top3_last_acc": 0.5231666666666667,
 "mode0_last_f1": 0.5414414414414415,
 "mode0_last_roc_auc": 0.5305309355555555,
 "mode0_last_acc": 0.5249333333333334
}