{
 "generalization_gap": 0.00273333333333331,
 "confidence_gap": 0.0005796999979482131,
 "top3_last_f1": 0.2469643753135976,
 "top3_last_roc_auc": 0.4982898,
 "top3_last_acc": 0.4997333333333333,
 "mode0_last_f1": 0.08801361536591297,
 "mode0_last_roc_auc": 0.49862606666666665,
 "mode0_last_acc": 0.4998666666666667
}