{
 "generalization_gap": -7.272727272727292e-05,
 "confidence_gap": 0.00023818865274925338,
 "top3_best_f1": 0.10914051841746249,
 "top3_best_roc_auc": 0.5008941289256198,
 "top3_best_acc": 0.5013454545454545,
 "mode0_best_f1": 0.0010173309595610945,
 "mode0_best_roc_auc": 0.49981327008264465,
 "mode0_best_acc": 0.5000909090909091
}