{
 "generalization_gap": -7.272727272727292e-05,
 "confidence_gap": 0.00023818865274925338,
 "top3_last_f1": 0.1094663030775224,
 "top3_last_roc_auc": 0.5008073791735537,
 "top3_last_acc": 0.5012363636363636,
 "mode0_last_f1": 0.6666666666666666,
 "mode0_last_roc_auc": 0.49994545652892564,
 "mode0_last_acc": 0.5
}