{
 "generalization_gap": 0.004923076923076919,
 "confidence_gap": 0.0007044309374414359,
 "top3_best_f1": 0.436745406824147,
 "top3_best_roc_auc": 0.4994570887573965,
 "top3_best_acc": 0.5047692307692307,
 "mode0_best_f1": 0.02172601086300543,
 "mode0_best_roc_auc": 0.5015747692307692,
 "mode0_best_acc": 0.5012307692307693
}