{
 "generalization_gap": 0.004923076923076919,
 "confidence_gap": 0.0007044309374414359,
 "top3_last_f1": 0.37676729079098203,
 "top3_last_roc_auc": 0.5007958816568048,
 "top3_last_acc": 0.49815384615384617,
 "mode0_last_f1": 0.014558689717925385,
 "mode0_last_roc_auc": 0.5030300118343196,
 "mode0_last_acc": 0.5001538461538462
}