{
 "generalization_gap": -0.0002545454545454552,
 "confidence_gap": -0.0002360004302475443,
 "top3_best_f1": 0.004057236007969571,
 "top3_best_roc_auc": 0.4946269970247934,
 "top3_best_acc": 0.5001272727272728,
 "mode0_best_f1": 0.4640745526449743,
 "mode0_best_roc_auc": 0.5041824766942148,
 "mode0_best_acc": 0.5022909090909091,
 "mode3_best_f1": 0.0067157712305026,
 "mode3_best_roc_auc": 0.49731491966942154,
 "mode3_best_acc": 0.49981818181818183
}