{
 "generalization_gap": -0.0002545454545454552,
 "confidence_gap": -0.0002360004302475443,
 "top3_last_f1": 0.006718439588224671,
 "top3_last_roc_auc": 0.49583116297520663,
 "top3_last_acc": 0.5000181818181818,
 "mode0_last_f1": 0.02863202545068929,
 "mode0_last_roc_auc": 0.5041311993388429,
 "mode0_last_acc": 0.5003636363636363,
 "mode3_last_f1": 0.006210283073367995,
 "mode3_last_roc_auc": 0.49698553851239674,
 "mode3_last_acc": 0.4995636363636364
}