{
 "generalization_gap": 0.02892307692307694,
 "confidence_gap": 0.028943129077570462,
 "top3_last_f1": 0.04735457468576439,
 "top3_last_roc_auc": 0.505309301775148,
 "top3_last_acc": 0.4986153846153846,
 "mode0_last_f1": 0.205242334322453,
 "mode0_last_roc_auc": 0.49908880473372785,
 "mode0_last_acc": 0.5055384615384615
}