{
 "generalization_gap": 0.02799999999999997,
 "confidence_gap": 0.02027363406151933,
 "top3_best_f1": 0.34119895125094435,
 "top3_best_roc_auc": 0.5056595088888889,
 "top3_best_acc": 0.5058333333333334,
 "mode0_best_f1": 0.36776293251113396,
 "mode0_best_roc_auc": 0.5081061355555556,
 "mode0_best_acc": 0.5078666666666667
}