{
 "generalization_gap": 0.12186666666666668,
 "confidence_gap": 0.05234971168659387,
 "top3_best_f1": 0.24002981736861723,
 "top3_best_roc_auc": 0.5450234533333334,
 "top3_best_acc": 0.5242333333333333,
 "mode0_best_f1": 0.26191462909241614,
 "mode0_best_roc_auc": 0.5302368399999999,
 "mode0_best_acc": 0.5250666666666667,
 "mode3_best_f1": 0.015,
 "mode3_best_roc_auc": 0.5743094822222222,
 "mode3_best_acc": 0.5009333333333333
}