{
 "generalization_gap": 0.20179999999999998,
 "confidence_gap": 0.16238786371448527,
 "top3_last_f1": 0.5437096610684959,
 "top3_last_roc_auc": 0.5592349266666667,
 "top3_last_acc": 0.5499,
 "mode0_last_f1": 0.44975574306592925,
 "mode0_last_roc_auc": 0.5613268622222222,
 "mode0_last_acc": 0.5457,
 "mode3_last_f1": 0.08352897565797603,
 "mode3_last_roc_auc": 0.6231570711111112,
 "mode3_last_acc": 0.5055333333333333
}