{
 "generalization_gap": 0.29384615384615376,
 "confidence_gap": 0.2993473780105238,
 "top3_best_f1": 0.7365296803652968,
 "top3_best_roc_auc": 0.6982788165680474,
 "top3_best_acc": 0.6449230769230769,
 "mode0_best_f1": 0.7535791207398961,
 "mode0_best_roc_auc": 0.7223254437869823,
 "mode0_best_acc": 0.7007692307692308,
 "mode3_best_f1": 0.7621550591327202,
 "mode3_best_roc_auc": 0.7464876686390532,
 "mode3_best_acc": 0.7215384615384616
}