{
 "generalization_gap": 0.29384615384615376,
 "confidence_gap": 0.2993473780105238,
 "top3_last_f1": 0.16481529320588992,
 "top3_last_roc_auc": 0.6954415147928994,
 "top3_last_acc": 0.5026153846153846,
 "mode0_last_f1": 0.65053091817614,
 "mode0_last_roc_auc": 0.7131405917159763,
 "mode0_last_acc": 0.6556923076923077,
 "mode3_last_f1": 0.7621550591327202,
 "mode3_last_roc_auc": 0.7464876686390532,
 "mode3_last_acc": 0.7215384615384616
}