{
 "generalization_gap": 0.030763636363636365,
 "confidence_gap": 0.013286511191775652,
 "top3_best_f1": 0.14447084866043816,
 "top3_best_roc_auc": 0.5495852978512397,
 "top3_best_acc": 0.5221636363636364,
 "mode0_best_f1": 0.21249664149028274,
 "mode0_best_roc_auc": 0.49642153256198346,
 "mode0_best_acc": 0.5203818181818182,
 "mode3_best_f1": 0.021601062112024113,
 "mode3_best_roc_auc": 0.5309972337190083,
 "mode3_best_acc": 0.5042363636363636
}