{
 "generalization_gap": 0.030763636363636365,
 "confidence_gap": 0.013286511191775652,
 "top3_last_f1": 0.12758370204054678,
 "top3_last_roc_auc": 0.52222941553719,
 "top3_last_acc": 0.5196,
 "mode0_last_f1": 0.40311882275422795,
 "mode0_last_roc_auc": 0.49311495338842976,
 "mode0_last_acc": 0.5058909090909091,
 "mode3_last_f1": 0.0,
 "mode3_last_roc_auc": 0.5082034492561983,
 "mode3_last_acc": 0.5
}