{
 "generalization_gap": 0.001163636363636365,
 "confidence_gap": 1.579647879539764e-06,
 "top3_best_f1": 7.270876504162576e-05,
 "top3_best_roc_auc": 0.49945462214876035,
 "top3_best_acc": 0.4999090909090909,
 "mode0_best_f1": 0.39685457968767307,
 "mode0_best_roc_auc": 0.5065333289256199,
 "mode0_best_acc": 0.5049272727272728,
 "mode3_best_f1": 0.006077927716073949,
 "mode3_best_roc_auc": 0.4970187008264463,
 "mode3_best_acc": 0.5004909090909091
}