{
 "generalization_gap": 0.001163636363636365,
 "confidence_gap": 1.579647879539764e-06,
 "top3_last_f1": 0.00036338529743086594,
 "top3_last_roc_auc": 0.5060170472727273,
 "top3_last_acc": 0.49983636363636363,
 "mode0_last_f1": 0.0002907927737995711,
 "mode0_last_roc_auc": 0.5067732641322313,
 "mode0_last_acc": 0.4999454545454545,
 "mode3_last_f1": 0.004563729218733021,
 "mode3_last_roc_auc": 0.4967091973553719,
 "mode3_last_acc": 0.5003090909090909
}