{
 "generalization_gap": 0.4238181818181818,
 "confidence_gap": 0.28902663552198915,
 "top3_best_f1": 0.570221347289576,
 "top3_best_roc_auc": 0.7215711795041322,
 "top3_best_acc": 0.674509090909091,
 "mode0_best_f1": 0.6067834513604174,
 "mode0_best_roc_auc": 0.7065318082644627,
 "mode0_best_acc": 0.6739090909090909,
 "mode3_best_f1": 0.4934620747717645,
 "mode3_best_roc_auc": 0.8081696667768594,
 "mode3_best_acc": 0.6499454545454545
}