{
 "generalization_gap": 0.04215384615384621,
 "confidence_gap": 0.036495501678853404,
 "top3_best_f1": 0.5608658982288445,
 "top3_best_roc_auc": 0.517339550295858,
 "top3_best_acc": 0.5193846153846153,
 "mode0_best_f1": 0.3461144145991388,
 "mode0_best_roc_auc": 0.5128335621301775,
 "mode0_best_acc": 0.5093846153846154,
 "mode3_best_f1": 0.37727006444053895,
 "mode3_best_roc_auc": 0.5255682366863905,
 "mode3_best_acc": 0.5093846153846154
}