{
 "generalization_gap": 0.04215384615384621,
 "confidence_gap": 0.036495501678853404,
 "top3_last_f1": 0.5608658982288445,
 "top3_last_roc_auc": 0.517339550295858,
 "top3_last_acc": 0.5193846153846153,
 "mode0_last_f1": 0.3461144145991388,
 "mode0_last_roc_auc": 0.5128335621301775,
 "mode0_last_acc": 0.5093846153846154,
 "mode3_last_f1": 0.10630136986301368,
 "mode3_last_roc_auc": 0.5264011360946745,
 "mode3_last_acc": 0.49815384615384617
}