{
 "generalization_gap": 0.054545454545454564,
 "confidence_gap": 0.041206054146206386,
 "top3_best_f1": 0.3583749109052031,
 "top3_best_roc_auc": 0.5123740687603305,
 "top3_best_acc": 0.5089818181818182,
 "mode0_best_f1": 0.5256858383645802,
 "mode0_best_roc_auc": 0.5159632390082645,
 "mode0_best_acc": 0.5114909090909091,
 "mode3_best_f1": 0.42872787004927904,
 "mode3_best_roc_auc": 0.5771480449586777,
 "mode3_best_acc": 0.5447272727272727
}