{
 "generalization_gap": 0.054545454545454564,
 "confidence_gap": 0.041206054146206386,
 "top3_last_f1": 0.3583749109052031,
 "top3_last_roc_auc": 0.5123740687603305,
 "top3_last_acc": 0.5089818181818182,
 "mode0_last_f1": 0.6120746119891785,
 "mode0_last_roc_auc": 0.5148565170247934,
 "mode0_last_acc": 0.5046545454545455,
 "mode3_last_f1": 0.42872787004927904,
 "mode3_last_roc_auc": 0.5771480449586777,
 "mode3_last_acc": 0.5447272727272727
}