{
 "generalization_gap": 0.3276666666666666,
 "confidence_gap": 0.2784668241816789,
 "top3_best_f1": 0.5987121614445035,
 "top3_best_roc_auc": 0.6214280177777778,
 "top3_best_acc": 0.597,
 "mode0_best_f1": 0.5993386243386243,
 "mode0_best_roc_auc": 0.6199283022222223,
 "mode0_best_acc": 0.5961333333333333
}