{
 "generalization_gap": 0.024666666666666656,
 "confidence_gap": 0.008072443311907894,
 "top3_last_f1": 0.0003998667110963013,
 "top3_last_roc_auc": 0.5068541266666667,
 "top3_last_acc": 0.5000333333333333,
 "mode0_last_f1": 0.00649565851395241,
 "mode0_last_roc_auc": 0.5048149555555556,
 "mode0_last_acc": 0.5003666666666666
}