{
 "generalization_gap": 0.12018181818181817,
 "confidence_gap": 0.07507327754244614,
 "top3_best_f1": 0.4359490849869284,
 "top3_best_roc_auc": 0.5272956621487603,
 "top3_best_acc": 0.5214181818181818,
 "mode0_best_f1": 0.2653157008365313,
 "mode0_best_roc_auc": 0.5244575649586777,
 "mode0_best_acc": 0.5161636363636364,
 "mode3_best_f1": 0.0674458576830526,
 "mode3_best_roc_auc": 0.6069310168595041,
 "mode3_best_acc": 0.5067636363636364
}