{
 "generalization_gap": 0.12018181818181817,
 "confidence_gap": 0.07507327754244614,
 "top3_last_f1": 0.3442167419242792,
 "top3_last_roc_auc": 0.5210262479338843,
 "top3_last_acc": 0.5194181818181818,
 "mode0_last_f1": 0.12463542679370017,
 "mode0_last_roc_auc": 0.5118689216528926,
 "mode0_last_acc": 0.5088727272727273,
 "mode3_last_f1": 0.02229606603065709,
 "mode3_last_roc_auc": 0.5917984290909091,
 "mode3_last_acc": 0.5024909090909091
}