{
 "generalization_gap": 0.004599999999999993,
 "confidence_gap": 0.002395808531942503,
 "top3_last_f1": 0.0002666133439978671,
 "top3_last_roc_auc": 0.4977486088888889,
 "top3_last_acc": 0.5000333333333333,
 "mode0_last_f1": 0.0029261155815654724,
 "mode0_last_roc_auc": 0.49985216666666665,
 "mode0_last_acc": 0.5002333333333333
}