{
 "generalization_gap": 0.13338181818181818,
 "confidence_gap": 0.09241224099738778,
 "top3_best_f1": 0.3154484188698808,
 "top3_best_roc_auc": 0.531406933553719,
 "top3_best_acc": 0.5198181818181818,
 "mode0_best_f1": 0.5650949574328749,
 "mode0_best_roc_auc": 0.5290133527272728,
 "mode0_best_acc": 0.5170181818181818,
 "mode3_best_f1": 0.5766298171298687,
 "mode3_best_roc_auc": 0.6839893170247934,
 "mode3_best_acc": 0.6274727272727273
}