{
 "generalization_gap": 0.13338181818181818,
 "confidence_gap": 0.09241224099738778,
 "top3_last_f1": 0.061422599923999024,
 "top3_last_roc_auc": 0.5091911213223139,
 "top3_last_acc": 0.5060181818181818,
 "mode0_last_f1": 0.6666666666666666,
 "mode0_last_roc_auc": 0.5,
 "mode0_last_acc": 0.5,
 "mode3_last_f1": 0.03203302961275627,
 "mode3_last_roc_auc": 0.5520783775206611,
 "mode3_last_acc": 0.5055272727272727
}