{
 "generalization_gap": 0.29313333333333336,
 "confidence_gap": 0.35986690092890494,
 "top3_last_f1": 0.7345839251604056,
 "top3_last_roc_auc": 0.6565309155555554,
 "top3_last_acc": 0.6387333333333334,
 "mode0_last_f1": 0.8578864578864579,
 "mode0_last_roc_auc": 0.8675227022222222,
 "mode0_last_acc": 0.8343666666666667,
 "mode3_last_f1": 0.7594781273983116,
 "mode3_last_roc_auc": 0.9338913422222221,
 "mode3_last_acc": 0.7910666666666667
}