{
 "generalization_gap": 0.6114545454545455,
 "confidence_gap": 0.6793388809219365,
 "top3_best_f1": 0.9058371245824031,
 "top3_best_roc_auc": 0.953203547107438,
 "top3_best_acc": 0.8980181818181818,
 "mode0_best_f1": 0.9084660721343025,
 "mode0_best_roc_auc": 0.9099435299173553,
 "mode0_best_acc": 0.9031454545454546,
 "mode3_best_f1": 0.9207538052669728,
 "mode3_best_roc_auc": 0.9582824535537191,
 "mode3_best_acc": 0.9165090909090909
}