{
 "generalization_gap": 0.6114545454545455,
 "confidence_gap": 0.6793388809219365,
 "top3_last_f1": 0.8906779245005155,
 "top3_last_roc_auc": 0.8846149461157026,
 "top3_last_acc": 0.8785272727272727,
 "mode0_last_f1": 0.9084660721343025,
 "mode0_last_roc_auc": 0.9099435299173553,
 "mode0_last_acc": 0.9031454545454546,
 "mode3_last_f1": 0.7225361943575078,
 "mode3_last_roc_auc": 0.9622161752066117,
 "mode3_last_acc": 0.7759454545454545
}