{
 "generalization_gap": 0.25169230769230777,
 "confidence_gap": 0.2674870229259828,
 "top3_best_f1": 0.7023348899266179,
 "top3_best_roc_auc": 0.6772721893491125,
 "top3_best_acc": 0.6567692307692308,
 "mode0_best_f1": 0.4889560128374552,
 "mode0_best_roc_auc": 0.6229038106508875,
 "mode0_best_acc": 0.5835384615384616,
 "mode3_best_f1": 0.5860082304526749,
 "mode3_best_roc_auc": 0.6888181775147928,
 "mode3_best_acc": 0.6130769230769231
}