{
 "generalization_gap": 0.25169230769230777,
 "confidence_gap": 0.2674870229259828,
 "top3_last_f1": 0.714865363334563,
 "top3_last_roc_auc": 0.6986689704142011,
 "top3_last_acc": 0.6432307692307693,
 "mode0_last_f1": 0.3006321704518848,
 "mode0_last_roc_auc": 0.5810569940828403,
 "mode0_last_acc": 0.5404615384615384,
 "mode3_last_f1": 0.47816003092385007,
 "mode3_last_roc_auc": 0.6896475266272188,
 "mode3_last_acc": 0.5846153846153846
}