{
 "generalization_gap": 0.0040363636363636365,
 "confidence_gap": 0.002559483035503105,
 "top3_best_f1": 0.6523204825995489,
 "top3_best_roc_auc": 0.4988199689256198,
 "top3_best_acc": 0.5012,
 "mode0_best_f1": 0.00029084563367992437,
 "mode0_best_roc_auc": 0.5035551563636363,
 "mode0_best_acc": 0.5000363636363636
}