{
 "generalization_gap": 0.01473333333333332,
 "confidence_gap": 0.01171101221505999,
 "top3_last_f1": 0.27398322749527365,
 "top3_last_roc_auc": 0.5006374044444444,
 "top3_last_acc": 0.5007666666666667,
 "mode0_last_f1": 0.08900778210116733,
 "mode0_last_roc_auc": 0.5004725088888888,
 "mode0_last_acc": 0.5005333333333334
}