{
 "generalization_gap": 0.008866666666666675,
 "confidence_gap": 0.0033792368375676826,
 "top3_best_f1": 0.03309417620063344,
 "top3_best_roc_auc": 0.5091458488888889,
 "top3_best_acc": 0.5013666666666666,
 "mode0_best_f1": 0.07647022370948751,
 "mode0_best_roc_auc": 0.5075670066666667,
 "mode0_best_acc": 0.5032333333333333
}