{
 "generalization_gap": 0.008866666666666675,
 "confidence_gap": 0.0033792368375676826,
 "top3_last_f1": 0.00026663111585121987,
 "top3_last_roc_auc": 0.5062384577777779,
 "top3_last_acc": 0.5000666666666667,
 "mode0_last_f1": 0.002925726444577432,
 "mode0_last_roc_auc": 0.5079226666666666,
 "mode0_last_acc": 0.5001666666666666
}