{
 "generalization_gap": 7.272727272727292e-05,
 "confidence_gap": 0.0001047076682295818,
 "top3_best_f1": 0.08824799813934944,
 "top3_best_roc_auc": 0.49770626446280986,
 "top3_best_acc": 0.5010727272727272,
 "mode0_best_f1": 0.041631799163179925,
 "mode0_best_roc_auc": 0.5002092700826446,
 "mode0_best_acc": 0.5002545454545455,
 "mode3_best_f1": 0.012218349085420634,
 "mode3_best_roc_auc": 0.5036340429752066,
 "mode3_best_acc": 0.5002363636363636
}