{
 "generalization_gap": 7.272727272727292e-05,
 "confidence_gap": 0.0001047076682295818,
 "top3_last_f1": 0.07784531685529099,
 "top3_last_roc_auc": 0.5007968079338843,
 "top3_last_acc": 0.5007454545454545,
 "mode0_last_f1": 0.041631799163179925,
 "mode0_last_roc_auc": 0.5002092700826446,
 "mode0_last_acc": 0.5002545454545455,
 "mode3_last_f1": 0.0,
 "mode3_last_roc_auc": 0.5002528885950414,
 "mode3_last_acc": 0.5
}