{
 "generalization_gap": 0.14959999999999996,
 "confidence_gap": 0.1591749525301941,
 "top3_last_f1": 0.7237635705669481,
 "top3_last_roc_auc": 0.696690008888889,
 "top3_last_acc": 0.6183333333333333,
 "mode0_last_f1": 0.7499330512559584,
 "mode0_last_roc_auc": 0.7153954977777778,
 "mode0_last_acc": 0.6887333333333333,
 "mode3_last_f1": 0.7627497918401333,
 "mode3_last_roc_auc": 0.7427878133333334,
 "mode3_last_acc": 0.6960666666666666
}