{
 "generalization_gap": 0.12215384615384617,
 "confidence_gap": 0.19372696281079416,
 "top3_best_f1": 0.7800025506950644,
 "top3_best_roc_auc": 0.7240551952662722,
 "top3_best_acc": 0.7346153846153847,
 "mode0_best_f1": 0.747936016511868,
 "mode0_best_roc_auc": 0.7144600710059171,
 "mode0_best_acc": 0.6993846153846154,
 "mode3_best_f1": 0.7535054383435985,
 "mode3_best_roc_auc": 0.7337012544378698,
 "mode3_best_acc": 0.7106153846153846
}