{
 "generalization_gap": 0.2224615384615385,
 "confidence_gap": 0.23095684973157082,
 "top3_last_f1": 0.1685189971568881,
 "top3_last_roc_auc": 0.752777278106509,
 "top3_last_acc": 0.5050769230769231,
 "mode0_last_f1": 0.7680044748986157,
 "mode0_last_roc_auc": 0.7841326390532545,
 "mode0_last_acc": 0.7447692307692307,
 "mode3_last_f1": 0.8036678809194826,
 "mode3_last_roc_auc": 0.806276875739645,
 "mode3_last_acc": 0.7595384615384615
}