{
 "generalization_gap": 0.012923076923076926,
 "confidence_gap": 0.0075770955675470986,
 "top3_best_f1": 0.3198490882414588,
 "top3_best_roc_auc": 0.5002235266272189,
 "top3_best_acc": 0.5007692307692307,
 "mode0_best_f1": 0.09190249369571309,
 "mode0_best_roc_auc": 0.5016597869822484,
 "mode0_best_acc": 0.5013846153846154
}