{
 "generalization_gap": 0.012923076923076926,
 "confidence_gap": 0.0075770955675470986,
 "top3_last_f1": 0.03676252594129854,
 "top3_last_roc_auc": 0.49994229585798816,
 "top3_last_acc": 0.5001538461538462,
 "mode0_last_f1": 0.13506355932203387,
 "mode0_last_roc_auc": 0.5013151242603551,
 "mode0_last_acc": 0.49753846153846154
}