{
 "generalization_gap": 0.2879999999999999,
 "confidence_gap": 0.30280622561025805,
 "top3_best_f1": 0.7487443341908611,
 "top3_best_roc_auc": 0.6987260118343195,
 "top3_best_acc": 0.6844615384615385,
 "mode0_best_f1": 0.7330340639028254,
 "mode0_best_roc_auc": 0.7116898461538461,
 "mode0_best_acc": 0.688923076923077,
 "mode3_best_f1": 0.7438196142352621,
 "mode3_best_roc_auc": 0.7439732071005918,
 "mode3_best_acc": 0.7098461538461538
}