{
 "generalization_gap": 0.005818181818181813,
 "confidence_gap": 0.0027574487077625075,
 "top3_best_f1": 0.5692179726612157,
 "top3_best_roc_auc": 0.4974727689256198,
 "top3_best_acc": 0.5009272727272728,
 "mode0_best_f1": 0.005502660826123158,
 "mode0_best_roc_auc": 0.5005704945454545,
 "mode0_best_acc": 0.5005272727272727
}