{
 "generalization_gap": 0.003454545454545453,
 "confidence_gap": 0.0017091047191704692,
 "top3_best_f1": 0.6663997184910149,
 "top3_best_roc_auc": 0.49647733553719003,
 "top3_best_acc": 0.5001272727272728,
 "mode0_best_f1": 0.009223563321923978,
 "mode0_best_roc_auc": 0.5000181818181818,
 "mode0_best_acc": 0.5000181818181818
}