{
 "generalization_gap": 0.003454545454545453,
 "confidence_gap": 0.0017091047191704692,
 "top3_last_f1": 0.5067886288225271,
 "top3_last_roc_auc": 0.4978552,
 "top3_last_acc": 0.5000181818181818,
 "mode0_last_f1": 0.6666666666666666,
 "mode0_last_roc_auc": 0.5000181818181818,
 "mode0_last_acc": 0.5
}