{
 "generalization_gap": 0.03773333333333334,
 "confidence_gap": 0.026352557451970515,
 "top3_best_f1": 0.35370386377387847,
 "top3_best_roc_auc": 0.5024173244444444,
 "top3_best_acc": 0.5015333333333334,
 "mode0_best_f1": 0.06724673710379116,
 "mode0_best_roc_auc": 0.49790040444444444,
 "mode0_best_acc": 0.4997333333333333
}