{
 "generalization_gap": 0.03773333333333334,
 "confidence_gap": 0.026352557451970515,
 "top3_last_f1": 0.25313170634326493,
 "top3_last_roc_auc": 0.5024185755555555,
 "top3_last_acc": 0.5011666666666666,
 "mode0_last_f1": 0.08556995922341915,
 "mode0_last_roc_auc": 0.4989745377777778,
 "mode0_last_acc": 0.49916666666666665
}