{
 "generalization_gap": 0.035672727272727286,
 "confidence_gap": 0.026245541555867502,
 "top3_best_f1": 0.31377409074814105,
 "top3_best_roc_auc": 0.5081505566942148,
 "top3_best_acc": 0.5066909090909091,
 "mode0_best_f1": 0.4852673147023086,
 "mode0_best_roc_auc": 0.5104825652892562,
 "mode0_best_acc": 0.5070545454545454,
 "mode3_best_f1": 0.3610065385377452,
 "mode3_best_roc_auc": 0.5625588092561983,
 "mode3_best_acc": 0.5309090909090909
}