{
 "generalization_gap": 0.035672727272727286,
 "confidence_gap": 0.026245541555867502,
 "top3_last_f1": 0.31377409074814105,
 "top3_last_roc_auc": 0.5081505566942148,
 "top3_last_acc": 0.5066909090909091,
 "mode0_last_f1": 0.5907110884128939,
 "mode0_last_roc_auc": 0.5103416601652893,
 "mode0_last_acc": 0.5045818181818181,
 "mode3_last_f1": 0.31993514474750906,
 "mode3_last_roc_auc": 0.5620668482644628,
 "mode3_last_acc": 0.5271818181818182
}