{
 "generalization_gap": 0.2277333333333334,
 "confidence_gap": 0.18081359706566263,
 "top3_best_f1": 0.5370249802967481,
 "top3_best_roc_auc": 0.5647859355555556,
 "top3_best_acc": 0.5496333333333333,
 "mode0_best_f1": 0.5182970240637904,
 "mode0_best_roc_auc": 0.5622204155555555,
 "mode0_best_acc": 0.5489333333333334
}