{
 "generalization_gap": 0.2277333333333334,
 "confidence_gap": 0.18081359706566263,
 "top3_last_f1": 0.3465425656936022,
 "top3_last_roc_auc": 0.5620467688888889,
 "top3_last_acc": 0.5366333333333333,
 "mode0_last_f1": 0.41294785839347486,
 "mode0_last_roc_auc": 0.5620235622222222,
 "mode0_last_acc": 0.5417666666666666
}