{
 "generalization_gap": 0.023454545454545457,
 "confidence_gap": 0.006055196160108318,
 "top3_best_f1": 0.003985074086150057,
 "top3_best_roc_auc": 0.5011228449586778,
 "top3_best_acc": 0.5001272727272728,
 "mode0_best_f1": 0.6666828286746345,
 "mode0_best_roc_auc": 0.5091551927272727,
 "mode0_best_acc": 0.5000363636363636,
 "mode3_best_f1": 0.0001454386794167909,
 "mode3_best_roc_auc": 0.5443999808264463,
 "mode3_best_acc": 0.5000181818181818
}