{
 "generalization_gap": 0.010466666666666624,
 "confidence_gap": 0.0011239287732619507,
 "top3_last_f1": 0.2953495965296889,
 "top3_last_roc_auc": 0.4967523955555556,
 "top3_last_acc": 0.49643333333333334,
 "mode0_last_f1": 0.039738495064735285,
 "mode0_last_roc_auc": 0.5002209488888889,
 "mode0_last_acc": 0.5006,
 "mode3_last_f1": 0.015361386463598763,
 "mode3_last_roc_auc": 0.5016021422222222,
 "mode3_last_acc": 0.5000333333333333
}