{
 "generalization_gap": 0.4942181818181818,
 "confidence_gap": 0.4287437190121543,
 "top3_best_f1": 0.6263460448546676,
 "top3_best_roc_auc": 0.7051188204958678,
 "top3_best_acc": 0.6643636363636364,
 "mode0_best_f1": 0.6097153129049789,
 "mode0_best_roc_auc": 0.7040708965289257,
 "mode0_best_acc": 0.6605090909090909,
 "mode3_best_f1": 0.4916377881573,
 "mode3_best_roc_auc": 0.8092819127272728,
 "mode3_best_acc": 0.6319272727272728
}