{
 "generalization_gap": 0.4942181818181818,
 "confidence_gap": 0.4287437190121543,
 "top3_last_f1": 0.6702606212067119,
 "top3_last_roc_auc": 0.6683851312396694,
 "top3_last_acc": 0.6641454545454546,
 "mode0_last_f1": 0.4752055818589584,
 "mode0_last_roc_auc": 0.6359646036363636,
 "mode0_last_acc": 0.6170909090909091,
 "mode3_last_f1": 0.017560905394220738,
 "mode3_last_roc_auc": 0.7896113791735538,
 "mode3_last_acc": 0.5036181818181819
}