{
 "generalization_gap": -0.0012727272727272726,
 "confidence_gap": 1.760119465678625e-06,
 "top3_best_f1": 0.01625026845157134,
 "top3_best_roc_auc": 0.4980206095867768,
 "top3_best_acc": 0.5002909090909091,
 "mode0_best_f1": 0.3975651176639245,
 "mode0_best_roc_auc": 0.5066793553719008,
 "mode0_best_acc": 0.5033636363636363,
 "mode3_best_f1": 0.013774796427162176,
 "mode3_best_roc_auc": 0.49852246809917355,
 "mode3_best_acc": 0.5001272727272728
}