{
 "generalization_gap": -0.0012727272727272726,
 "confidence_gap": 1.760119465678625e-06,
 "top3_last_f1": 0.013625443723331779,
 "top3_last_roc_auc": 0.5043027914049587,
 "top3_last_acc": 0.49983636363636363,
 "mode0_last_f1": 0.028709825690344026,
 "mode0_last_roc_auc": 0.506956829752066,
 "mode0_last_acc": 0.5005272727272727,
 "mode3_last_f1": 0.01299307275402893,
 "mode3_last_roc_auc": 0.4989273553719008,
 "mode3_last_acc": 0.5000181818181818
}