{
 "generalization_gap": 0.2189333333333333,
 "confidence_gap": 0.1767668044268092,
 "top3_best_f1": 0.5257757146347423,
 "top3_best_roc_auc": 0.5609346177777778,
 "top3_best_acc": 0.5471,
 "mode0_best_f1": 0.5406959050485239,
 "mode0_best_roc_auc": 0.5588395333333332,
 "mode0_best_acc": 0.5472333333333333
}