{
 "generalization_gap": 0.38293333333333335,
 "confidence_gap": 0.3947587288909622,
 "top3_best_f1": 0.7263199345712295,
 "top3_best_roc_auc": 0.7382270066666667,
 "top3_best_acc": 0.6988333333333333,
 "mode0_best_f1": 0.7172643869891577,
 "mode0_best_roc_auc": 0.7267667,
 "mode0_best_acc": 0.6949,
 "mode3_best_f1": 0.5220255944587574,
 "mode3_best_roc_auc": 0.7735659688888887,
 "mode3_best_acc": 0.6227666666666667
}