{
 "generalization_gap": 0.09952727272727274,
 "confidence_gap": 0.07610051935808196,
 "top3_last_f1": 0.4008724394576485,
 "top3_last_roc_auc": 0.5236739041322314,
 "top3_last_acc": 0.5155454545454545,
 "mode0_last_f1": 0.6295760082730093,
 "mode0_last_roc_auc": 0.5296713679338843,
 "mode0_last_acc": 0.5115454545454545,
 "mode3_last_f1": 0.4892198122369699,
 "mode3_last_roc_auc": 0.6128903510743802,
 "mode3_last_acc": 0.5696909090909091
}