{
 "generalization_gap": 0.012800000000000006,
 "confidence_gap": 0.0003995090705769429,
 "top3_best_f1": 0.0010656720394298653,
 "top3_best_roc_auc": 0.5052831622222222,
 "top3_best_acc": 0.5000666666666667,
 "mode0_best_f1": 0.132186246584898,
 "mode0_best_roc_auc": 0.5062711466666666,
 "mode0_best_acc": 0.5023666666666666,
 "mode3_best_f1": 0.4655958324289125,
 "mode3_best_roc_auc": 0.5113030000000001,
 "mode3_best_acc": 0.5076
}