{
 "generalization_gap": 0.012800000000000006,
 "confidence_gap": 0.0003995090705769429,
 "top3_last_f1": 0.0,
 "top3_last_roc_auc": 0.50570392,
 "top3_last_acc": 0.5,
 "mode0_last_f1": 0.132186246584898,
 "mode0_last_roc_auc": 0.5062711466666666,
 "mode0_last_acc": 0.5023666666666666,
 "mode3_last_f1": 0.0,
 "mode3_last_roc_auc": 0.5060064666666667,
 "mode3_last_acc": 0.5
}