{
 "generalization_gap": -0.00584615384615389,
 "confidence_gap": -0.00405604247682767,
 "top3_best_f1": 0.17055837563451776,
 "top3_best_roc_auc": 0.48359228402366866,
 "top3_best_acc": 0.49723076923076925,
 "mode0_best_f1": 0.007334963325183375,
 "mode0_best_roc_auc": 0.5066089467455621,
 "mode0_best_acc": 0.5003076923076923,
 "mode3_best_f1": 0.004901960784313725,
 "mode3_best_roc_auc": 0.503328426035503,
 "mode3_best_acc": 0.5003076923076923
}