{
 "generalization_gap": -0.00584615384615389,
 "confidence_gap": -0.00405604247682767,
 "top3_last_f1": 0.2158715162966462,
 "top3_last_roc_auc": 0.48364052071005914,
 "top3_last_acc": 0.48923076923076925,
 "mode0_last_f1": 0.0061162079510703364,
 "mode0_last_roc_auc": 0.5075442840236686,
 "mode0_last_acc": 0.5,
 "mode3_last_f1": 0.0018433179723502304,
 "mode3_last_roc_auc": 0.5038768284023668,
 "mode3_last_acc": 0.5001538461538462
}