{
 "generalization_gap": 0.07006666666666672,
 "confidence_gap": 0.08197587493301017,
 "top3_best_f1": 0.7168972686214066,
 "top3_best_roc_auc": 0.6816313577777778,
 "top3_best_acc": 0.6051,
 "mode0_best_f1": 0.7523544520547946,
 "mode0_best_roc_auc": 0.7342227333333333,
 "mode0_best_acc": 0.6914666666666667,
 "mode3_best_f1": 0.7561523618196717,
 "mode3_best_roc_auc": 0.7256005866666666,
 "mode3_best_acc": 0.6925
}