{
 "generalization_gap": 0.07006666666666672,
 "confidence_gap": 0.08197587493301017,
 "top3_last_f1": 0.6993659082431929,
 "top3_last_roc_auc": 0.691392571111111,
 "top3_last_acc": 0.5701333333333334,
 "mode0_last_f1": 0.7523544520547946,
 "mode0_last_roc_auc": 0.7342227333333333,
 "mode0_last_acc": 0.6914666666666667,
 "mode3_last_f1": 0.7269963285910968,
 "mode3_last_roc_auc": 0.7230868155555557,
 "mode3_last_acc": 0.6827333333333333
}