{
 "generalization_gap": 0.014200000000000004,
 "confidence_gap": 0.0034994022203201913,
 "top3_best_f1": 0.010694481119619754,
 "top3_best_roc_auc": 0.5017865088888889,
 "top3_best_acc": 0.5004666666666666,
 "mode0_best_f1": 0.10704057279236277,
 "mode0_best_roc_auc": 0.5036681688888889,
 "mode0_best_acc": 0.5011333333333333
}