{
 "generalization_gap": 0.014200000000000004,
 "confidence_gap": 0.0034994022203201913,
 "top3_last_f1": 0.00013329778725673156,
 "top3_last_roc_auc": 0.5049626622222222,
 "top3_last_acc": 0.49993333333333334,
 "mode0_last_f1": 0.0043847993622110025,
 "mode0_last_roc_auc": 0.5030183666666667,
 "mode0_last_acc": 0.5004666666666666
}