{
 "generalization_gap": 0.003527272727272726,
 "confidence_gap": 0.003775209905087021,
 "top3_best_f1": 0.18050065876152832,
 "top3_best_roc_auc": 0.500454241983471,
 "top3_best_acc": 0.5024,
 "mode0_best_f1": 0.2955805398684006,
 "mode0_best_roc_auc": 0.5037876932231405,
 "mode0_best_acc": 0.5056,
 "mode3_best_f1": 0.18176366525741358,
 "mode3_best_roc_auc": 0.5163382294214875,
 "mode3_best_acc": 0.5038363636363636
}