{
 "generalization_gap": 0.003527272727272726,
 "confidence_gap": 0.003775209905087021,
 "top3_last_f1": 0.1641394880556488,
 "top3_last_roc_auc": 0.5001017467768595,
 "top3_last_acc": 0.5018727272727272,
 "mode0_last_f1": 0.4846344181478194,
 "mode0_last_roc_auc": 0.5048345467768596,
 "mode0_last_acc": 0.5039090909090909,
 "mode3_last_f1": 0.14233828041831048,
 "mode3_last_roc_auc": 0.5159779345454545,
 "mode3_last_acc": 0.5019636363636364
}