{
 "generalization_gap": 0.0002545454545454552,
 "confidence_gap": 0.00022772935549707912,
 "top3_best_f1": 0.11916284734463638,
 "top3_best_roc_auc": 0.4960615299173554,
 "top3_best_acc": 0.5003090909090909,
 "mode0_best_f1": 0.0009445615054857225,
 "mode0_best_roc_auc": 0.49762364231404954,
 "mode0_best_acc": 0.5
}