{
 "generalization_gap": 0.0002545454545454552,
 "confidence_gap": 0.00022772935549707912,
 "top3_last_f1": 0.11916284734463638,
 "top3_last_roc_auc": 0.4960615299173554,
 "top3_last_acc": 0.5003090909090909,
 "mode0_last_f1": 0.6666666666666666,
 "mode0_last_roc_auc": 0.4999636363636364,
 "mode0_last_acc": 0.5
}