{
 "generalization_gap": 0.08033333333333334,
 "confidence_gap": 0.025552320573569487,
 "top3_best_f1": 0.08053940368674997,
 "top3_best_roc_auc": 0.5041307533333335,
 "top3_best_acc": 0.5045333333333333,
 "mode0_best_f1": 0.41383697813121273,
 "mode0_best_roc_auc": 0.5068578955555556,
 "mode0_best_acc": 0.5086,
 "mode3_best_f1": 0.6663958841050636,
 "mode3_best_roc_auc": 0.5479774066666667,
 "mode3_best_acc": 0.5072
}