{
 "generalization_gap": 0.08033333333333334,
 "confidence_gap": 0.025552320573569487,
 "top3_last_f1": 0.0003998134204038116,
 "top3_last_roc_auc": 0.49891090000000005,
 "top3_last_acc": 0.49996666666666667,
 "mode0_last_f1": 0.41383697813121273,
 "mode0_last_roc_auc": 0.5068578955555556,
 "mode0_last_acc": 0.5086,
 "mode3_last_f1": 0.0015976567700705633,
 "mode3_last_roc_auc": 0.5593727622222223,
 "mode3_last_acc": 0.5000666666666667
}