{
 "generalization_gap": 0.11907692307692308,
 "confidence_gap": 0.13543089706633415,
 "top3_best_f1": 0.721901377165704,
 "top3_best_roc_auc": 0.7246433609467456,
 "top3_best_acc": 0.6147692307692307,
 "mode0_best_f1": 0.7653944020356234,
 "mode0_best_roc_auc": 0.7452005680473373,
 "mode0_best_acc": 0.7163076923076923,
 "mode3_best_f1": 0.7685399024890942,
 "mode3_best_roc_auc": 0.7566064378698225,
 "mode3_best_acc": 0.7224615384615385
}