{
 "generalization_gap": 0.11907692307692308,
 "confidence_gap": 0.13543089706633415,
 "top3_last_f1": 0.6964534447658844,
 "top3_last_roc_auc": 0.730979976331361,
 "top3_last_acc": 0.5641538461538461,
 "mode0_last_f1": 0.7642025196101736,
 "mode0_last_roc_auc": 0.7585092544378699,
 "mode0_last_acc": 0.6947692307692308,
 "mode3_last_f1": 0.7685399024890942,
 "mode3_last_roc_auc": 0.7566064378698225,
 "mode3_last_acc": 0.7224615384615385
}