{
 "generalization_gap": 0.06826666666666664,
 "confidence_gap": 0.048014224359926805,
 "top3_best_f1": 0.4139981517939652,
 "top3_best_roc_auc": 0.5166132999999999,
 "top3_best_acc": 0.5138333333333334,
 "mode0_best_f1": 0.24337970118495625,
 "mode0_best_roc_auc": 0.5124353822222223,
 "mode0_best_acc": 0.5104666666666666,
 "mode3_best_f1": 0.09087568891610533,
 "mode3_best_roc_auc": 0.5525951,
 "mode3_best_acc": 0.5051333333333333
}