{
 "generalization_gap": 0.06707692307692309,
 "confidence_gap": 0.05543163496961573,
 "top3_best_f1": 0.5220228384991844,
 "top3_best_roc_auc": 0.5094215857988165,
 "top3_best_acc": 0.5041538461538462,
 "mode0_best_f1": 0.09846153846153848,
 "mode0_best_roc_auc": 0.48959114792899405,
 "mode0_best_acc": 0.5041538461538462
}