{
 "generalization_gap": 0.06707692307692309,
 "confidence_gap": 0.05543163496961573,
 "top3_last_f1": 0.38397265476642606,
 "top3_last_roc_auc": 0.5062988875739645,
 "top3_last_acc": 0.5009230769230769,
 "mode0_last_f1": 0.05007363770250368,
 "mode0_last_roc_auc": 0.4848952899408284,
 "mode0_last_acc": 0.5038461538461538
}