{
 "generalization_gap": -0.015076923076923099,
 "confidence_gap": -0.004510398688869405,
 "top3_best_f1": 0.0018433179723502304,
 "top3_best_roc_auc": 0.5121063195266272,
 "top3_best_acc": 0.5001538461538462,
 "mode0_best_f1": 0.007953502600183543,
 "mode0_best_roc_auc": 0.5123608047337278,
 "mode0_best_acc": 0.5010769230769231
}