{
 "generalization_gap": 0.28492307692307695,
 "confidence_gap": 0.2925204049007537,
 "top3_best_f1": 0.7420938463294896,
 "top3_best_roc_auc": 0.7194098461538461,
 "top3_best_acc": 0.6524615384615384,
 "mode0_best_f1": 0.7580906148867315,
 "mode0_best_roc_auc": 0.7494366863905325,
 "mode0_best_acc": 0.724,
 "mode3_best_f1": 0.7639450282942604,
 "mode3_best_roc_auc": 0.7585516686390532,
 "mode3_best_acc": 0.7304615384615385
}