{
 "generalization_gap": 0.28492307692307695,
 "confidence_gap": 0.2925204049007537,
 "top3_last_f1": 0.7300909805683478,
 "top3_last_roc_auc": 0.7516410887573965,
 "top3_last_acc": 0.6303076923076923,
 "mode0_last_f1": 0.7028639618138426,
 "mode0_last_roc_auc": 0.7423042840236687,
 "mode0_last_acc": 0.6935384615384615,
 "mode3_last_f1": 0.7613358674993211,
 "mode3_last_roc_auc": 0.7599890177514792,
 "mode3_last_acc": 0.7295384615384616
}