{
 "generalization_gap": 0.0049999999999999975,
 "confidence_gap": 0.0007018974050733966,
 "top3_best_f1": 0.0,
 "top3_best_roc_auc": 0.5030465733333334,
 "top3_best_acc": 0.5,
 "mode0_best_f1": 0.03647377239334966,
 "mode0_best_roc_auc": 0.4993404355555555,
 "mode0_best_acc": 0.5016,
 "mode3_best_f1": 0.6666666666666666,
 "mode3_best_roc_auc": 0.511306111111111,
 "mode3_best_acc": 0.5
}