{
 "generalization_gap": 0.0049999999999999975,
 "confidence_gap": 0.0007018974050733966,
 "top3_last_f1": 0.0,
 "top3_last_roc_auc": 0.5042270666666666,
 "top3_last_acc": 0.5,
 "mode0_last_f1": 0.010301789605758435,
 "mode0_last_roc_auc": 0.5005594133333333,
 "mode0_last_acc": 0.5004333333333333,
 "mode3_last_f1": 0.0,
 "mode3_last_roc_auc": 0.5061460444444444,
 "mode3_last_acc": 0.5
}