{
 "generalization_gap": 0.124,
 "confidence_gap": 0.1406611579318353,
 "top3_best_f1": 0.7166175470414872,
 "top3_best_roc_auc": 0.6486708639053255,
 "top3_best_acc": 0.6153846153846154,
 "mode0_best_f1": 0.6997039516025229,
 "mode0_best_roc_auc": 0.6577765207100592,
 "mode0_best_acc": 0.6410769230769231,
 "mode3_best_f1": 0.7171077152441296,
 "mode3_best_roc_auc": 0.665173775147929,
 "mode3_best_acc": 0.6496923076923077
}