{
 "generalization_gap": 0.05846666666666667,
 "confidence_gap": 0.05529588613768932,
 "top3_best_f1": 0.5196250538239873,
 "top3_best_roc_auc": 0.5210151199999999,
 "top3_best_acc": 0.5165666666666666,
 "mode0_best_f1": 0.42281211445855055,
 "mode0_best_roc_auc": 0.5193513955555555,
 "mode0_best_acc": 0.5165666666666666,
 "mode3_best_f1": 0.3655133196273129,
 "mode3_best_roc_auc": 0.5386864555555555,
 "mode3_best_acc": 0.5165
}