{
 "generalization_gap": 0.05846666666666667,
 "confidence_gap": 0.05529588613768932,
 "top3_last_f1": 0.5854046982537967,
 "top3_last_roc_auc": 0.5204290666666667,
 "top3_last_acc": 0.5140666666666667,
 "mode0_last_f1": 0.3620079514177115,
 "mode0_last_roc_auc": 0.5187618755555556,
 "mode0_last_acc": 0.5132333333333333,
 "mode3_last_f1": 0.23071278825995808,
 "mode3_last_roc_auc": 0.5377026177777778,
 "mode3_last_acc": 0.5107333333333334
}