{
 "generalization_gap": 0.00021818181818181875,
 "confidence_gap": 0.00020309099694255494,
 "top3_last_f1": 0.20765691466273115,
 "top3_last_roc_auc": 0.5047056581818182,
 "top3_last_acc": 0.5021636363636364,
 "mode0_last_f1": 0.6666666666666666,
 "mode0_last_roc_auc": 0.5000181831404958,
 "mode0_last_acc": 0.5
}