{
 "generalization_gap": 0.01526666666666665,
 "confidence_gap": 0.012514223372571576,
 "top3_best_f1": 0.4278328801746256,
 "top3_best_roc_auc": 0.5004264555555555,
 "top3_best_acc": 0.5019666666666667,
 "mode0_best_f1": 0.11099875081791684,
 "mode0_best_roc_auc": 0.5010642422222222,
 "mode0_best_acc": 0.5018333333333334,
 "mode3_best_f1": 0.0360964290318422,
 "mode3_best_roc_auc": 0.5105167977777778,
 "mode3_best_acc": 0.5015333333333334
}