{
 "generalization_gap": 0.24413333333333326,
 "confidence_gap": 0.19610613756680634,
 "top3_best_f1": 0.523083561052783,
 "top3_best_roc_auc": 0.5744790733333334,
 "top3_best_acc": 0.5578666666666666,
 "mode0_best_f1": 0.5253681898383206,
 "mode0_best_roc_auc": 0.5742442644444445,
 "mode0_best_acc": 0.5606333333333333
}