{
 "generalization_gap": 0.15206666666666668,
 "confidence_gap": 0.18515287484687604,
 "top3_best_f1": 0.7289957176405581,
 "top3_best_roc_auc": 0.6842639422222222,
 "top3_best_acc": 0.6730333333333334,
 "mode0_best_f1": 0.7354434897191643,
 "mode0_best_roc_auc": 0.7042662511111111,
 "mode0_best_acc": 0.6787666666666666,
 "mode3_best_f1": 0.6880900396691165,
 "mode3_best_roc_auc": 0.7105432911111111,
 "mode3_best_acc": 0.6619
}