{
 "generalization_gap": -3.636363636363646e-05,
 "confidence_gap": 3.8859445356967046e-05,
 "top3_best_f1": 0.023571175008874692,
 "top3_best_roc_auc": 0.4976643523966942,
 "top3_best_acc": 0.4998909090909091,
 "mode0_best_f1": 0.0,
 "mode0_best_roc_auc": 0.5016918360330578,
 "mode0_best_acc": 0.5,
 "mode3_best_f1": 0.0,
 "mode3_best_roc_auc": 0.5003370287603306,
 "mode3_best_acc": 0.5
}