{
 "generalization_gap": 0.006727272727272728,
 "confidence_gap": 0.0038006682719830924,
 "top3_best_f1": 0.6453652682246971,
 "top3_best_roc_auc": 0.4976406294214876,
 "top3_best_acc": 0.5003454545454545,
 "mode0_best_f1": 0.006433192381365428,
 "mode0_best_roc_auc": 0.49916138975206603,
 "mode0_best_acc": 0.5001636363636364
}