{
 "generalization_gap": 0.2796923076923077,
 "confidence_gap": 0.29402663728780853,
 "top3_best_f1": 0.7513079874433205,
 "top3_best_roc_auc": 0.7095719289940827,
 "top3_best_acc": 0.670923076923077,
 "mode0_best_f1": 0.7616438356164383,
 "mode0_best_roc_auc": 0.7277571124260356,
 "mode0_best_acc": 0.7055384615384616,
 "mode3_best_f1": 0.7605221097496004,
 "mode3_best_roc_auc": 0.7502749822485206,
 "mode3_best_acc": 0.7233846153846154
}