{
 "generalization_gap": 0.2796923076923077,
 "confidence_gap": 0.29402663728780853,
 "top3_last_f1": 0.1659297789336801,
 "top3_last_roc_auc": 0.708246674556213,
 "top3_last_acc": 0.5066153846153846,
 "mode0_last_f1": 0.6744574290484141,
 "mode0_last_roc_auc": 0.7213429585798816,
 "mode0_last_acc": 0.67,
 "mode3_last_f1": 0.7429997227612976,
 "mode3_last_roc_auc": 0.7538762603550295,
 "mode3_last_acc": 0.7147692307692308
}