{
 "generalization_gap": 0.25053333333333333,
 "confidence_gap": 0.13445304805047734,
 "top3_best_f1": 0.35273579729662324,
 "top3_best_roc_auc": 0.6159166111111112,
 "top3_best_acc": 0.5674333333333333,
 "mode0_best_f1": 0.46511627906976744,
 "mode0_best_roc_auc": 0.5950301955555555,
 "mode0_best_acc": 0.5837
}