{
 "generalization_gap": 0.25053333333333333,
 "confidence_gap": 0.13445304805047734,
 "top3_last_f1": 0.018450184501845022,
 "top3_last_roc_auc": 0.5996671755555556,
 "top3_last_acc": 0.5034666666666666,
 "mode0_last_f1": 0.16108575831209623,
 "mode0_last_roc_auc": 0.5693774111111112,
 "mode0_last_acc": 0.5281666666666667
}