{
 "generalization_gap": 0.18861538461538463,
 "confidence_gap": 0.19657788057071757,
 "top3_best_f1": 0.7211549391838127,
 "top3_best_roc_auc": 0.6960353609467456,
 "top3_best_acc": 0.6226153846153846,
 "mode0_best_f1": 0.731764097258148,
 "mode0_best_roc_auc": 0.7129784142011835,
 "mode0_best_acc": 0.680923076923077
}