{
 "generalization_gap": 0.18861538461538463,
 "confidence_gap": 0.19657788057071757,
 "top3_last_f1": 0.69279638203941,
 "top3_last_roc_auc": 0.7009898698224852,
 "top3_last_acc": 0.561076923076923,
 "mode0_last_f1": 0.6737440191387559,
 "mode0_last_roc_auc": 0.7050098461538462,
 "mode0_last_acc": 0.6643076923076923
}