{
 "generalization_gap": 0.005538461538461492,
 "confidence_gap": -0.002237016757950183,
 "top3_best_f1": 0.00672988681553992,
 "top3_best_roc_auc": 0.49485628402366866,
 "top3_best_acc": 0.5004615384615385,
 "mode0_best_f1": 0.009163103237629812,
 "mode0_best_roc_auc": 0.5003822958579882,
 "mode0_best_acc": 0.5009230769230769
}