{
 "generalization_gap": 0.06953333333333334,
 "confidence_gap": 0.05071130538237098,
 "top3_last_f1": 0.18939269029953285,
 "top3_last_roc_auc": 0.5161772066666667,
 "top3_last_acc": 0.5083666666666666,
 "mode0_last_f1": 0.2623459881799059,
 "mode0_last_roc_auc": 0.5164349822222222,
 "mode0_last_acc": 0.5090666666666667
}