{
 "generalization_gap": 0.049933333333333385,
 "confidence_gap": 0.04838605362081261,
 "top3_best_f1": 0.5333461280107475,
 "top3_best_roc_auc": 0.5168860288888889,
 "top3_best_acc": 0.5137,
 "mode0_best_f1": 0.4076938651548897,
 "mode0_best_roc_auc": 0.5164395044444444,
 "mode0_best_acc": 0.5124333333333333,
 "mode3_best_f1": 0.30311398914389104,
 "mode3_best_roc_auc": 0.5344056088888889,
 "mode3_best_acc": 0.5121333333333333
}