{
 "generalization_gap": 0.023266666666666658,
 "confidence_gap": 0.01571655195585503,
 "top3_best_f1": 0.2024269759450172,
 "top3_best_roc_auc": 0.5037869622222222,
 "top3_best_acc": 0.5048666666666667,
 "mode0_best_f1": 0.26026852312282445,
 "mode0_best_roc_auc": 0.5008391511111111,
 "mode0_best_acc": 0.5041333333333333,
 "mode3_best_f1": 0.4634421516177166,
 "mode3_best_roc_auc": 0.5136620577777778,
 "mode3_best_acc": 0.5085666666666666
}