{
 "generalization_gap": 0.023266666666666658,
 "confidence_gap": 0.01571655195585503,
 "top3_last_f1": 0.2024269759450172,
 "top3_last_roc_auc": 0.5037869622222222,
 "top3_last_acc": 0.5048666666666667,
 "mode0_last_f1": 0.13997586622996033,
 "mode0_last_roc_auc": 0.5001611111111111,
 "mode0_last_acc": 0.5011,
 "mode3_last_f1": 0.12755730113136762,
 "mode3_last_roc_auc": 0.5134635555555556,
 "mode3_last_acc": 0.5039
}