{
 "generalization_gap": 0.0018461538461538307,
 "confidence_gap": 0.00511351931419618,
 "top3_best_f1": 0.544891640866873,
 "top3_best_roc_auc": 0.49877060355029584,
 "top3_best_acc": 0.5024615384615385,
 "mode0_best_f1": 0.01630927212322561,
 "mode0_best_roc_auc": 0.4949363313609468,
 "mode0_best_acc": 0.4989230769230769
}