{
 "generalization_gap": 0.0018461538461538307,
 "confidence_gap": 0.00511351931419618,
 "top3_last_f1": 0.02876835480970932,
 "top3_last_roc_auc": 0.49560752662721896,
 "top3_last_acc": 0.5013846153846154,
 "mode0_last_f1": 0.07839819514946418,
 "mode0_last_roc_auc": 0.4964150059171598,
 "mode0_last_acc": 0.49723076923076925
}