{
 "generalization_gap": 0.20186666666666664,
 "confidence_gap": 0.16015589195356608,
 "top3_best_f1": 0.47344146360212164,
 "top3_best_roc_auc": 0.5544340355555555,
 "top3_best_acc": 0.5433333333333333,
 "mode0_best_f1": 0.5348404345324715,
 "mode0_best_roc_auc": 0.5548217111111111,
 "mode0_best_acc": 0.5418333333333333
}