{
 "generalization_gap": 0.07686666666666675,
 "confidence_gap": 0.08543076385106851,
 "top3_best_f1": 0.668733850129199,
 "top3_best_roc_auc": 0.5799710511111111,
 "top3_best_acc": 0.5726666666666667,
 "mode0_best_f1": 0.6412967664537008,
 "mode0_best_roc_auc": 0.5760296644444444,
 "mode0_best_acc": 0.5714333333333333,
 "mode3_best_f1": 0.6135078845581672,
 "mode3_best_roc_auc": 0.5860076755555556,
 "mode3_best_acc": 0.567
}