{
 "generalization_gap": 0.24892307692307702,
 "confidence_gap": 0.21695095108277518,
 "top3_best_f1": 0.6576996980510569,
 "top3_best_roc_auc": 0.6543875976331361,
 "top3_best_acc": 0.6163076923076923,
 "mode0_best_f1": 0.36900369003690037,
 "mode0_best_roc_auc": 0.5636895621301775,
 "mode0_best_acc": 0.5527692307692308
}