{
 "generalization_gap": 0.24892307692307702,
 "confidence_gap": 0.21695095108277518,
 "top3_last_f1": 0.04782993799822852,
 "top3_last_roc_auc": 0.6290417041420118,
 "top3_last_acc": 0.5038461538461538,
 "mode0_last_f1": 0.3570955638931803,
 "mode0_last_roc_auc": 0.5612201656804734,
 "mode0_last_acc": 0.5518461538461539
}