{
 "generalization_gap": -0.008307692307692294,
 "confidence_gap": 0.0003476589998373525,
 "top3_best_f1": 0.0,
 "top3_best_roc_auc": 0.49865178698224844,
 "top3_best_acc": 0.5,
 "mode0_best_f1": 0.0,
 "mode0_best_roc_auc": 0.4955880710059171,
 "mode0_best_acc": 0.5,
 "mode3_best_f1": 0.0,
 "mode3_best_roc_auc": 0.49610878106508877,
 "mode3_best_acc": 0.5
}