{
 "generalization_gap": -0.008307692307692294,
 "confidence_gap": 0.0003476589998373525,
 "top3_last_f1": 0.0006148170919151553,
 "top3_last_roc_auc": 0.49760194082840237,
 "top3_last_acc": 0.49984615384615383,
 "mode0_last_f1": 0.0,
 "mode0_last_roc_auc": 0.4961016331360947,
 "mode0_last_acc": 0.5,
 "mode3_last_f1": 0.0,
 "mode3_last_roc_auc": 0.49315938461538467,
 "mode3_last_acc": 0.5
}