{
 "generalization_gap": 0.14892307692307694,
 "confidence_gap": 0.14787073552459595,
 "top3_best_f1": 0.6248415716096324,
 "top3_best_roc_auc": 0.5563744852071006,
 "top3_best_acc": 0.5446153846153846,
 "mode0_best_f1": 0.5152309204061579,
 "mode0_best_roc_auc": 0.5552852544378698,
 "mode0_best_acc": 0.5446153846153846
}