{
 "generalization_gap": 0.0710909090909091,
 "confidence_gap": 0.05195256762195462,
 "top3_best_f1": 0.3888320021844494,
 "top3_best_roc_auc": 0.5146395530578513,
 "top3_best_acc": 0.5116545454545455,
 "mode0_best_f1": 0.5417067142660992,
 "mode0_best_roc_auc": 0.5217063438016529,
 "mode0_best_acc": 0.5145090909090909,
 "mode3_best_f1": 0.4459732534114388,
 "mode3_best_roc_auc": 0.5943692072727272,
 "mode3_best_acc": 0.5563454545454546
}