{
 "generalization_gap": -0.002153846153846173,
 "confidence_gap": -0.0005375260500094237,
 "top3_best_f1": 0.007960808328230252,
 "top3_best_roc_auc": 0.4901676213017751,
 "top3_best_acc": 0.5015384615384615,
 "mode0_best_f1": 0.012789281364190011,
 "mode0_best_roc_auc": 0.5023064615384616,
 "mode0_best_acc": 0.5012307692307693
}