{
 "generalization_gap": 0.27138461538461545,
 "confidence_gap": 0.2679487333456486,
 "top3_best_f1": 0.6900360144057623,
 "top3_best_roc_auc": 0.6254193136094673,
 "top3_best_acc": 0.6027692307692307,
 "mode0_best_f1": 0.6608260325406757,
 "mode0_best_roc_auc": 0.6375141301775147,
 "mode0_best_acc": 0.6247692307692307,
 "mode3_best_f1": 0.6664796633941094,
 "mode3_best_roc_auc": 0.6796337041420119,
 "mode3_best_acc": 0.6341538461538462
}