{
 "generalization_gap": 0.27138461538461545,
 "confidence_gap": 0.2679487333456486,
 "top3_last_f1": 0.16363636363636364,
 "top3_last_roc_auc": 0.6242792899408284,
 "top3_last_acc": 0.5046153846153846,
 "mode0_last_f1": 0.5275109170305677,
 "mode0_last_roc_auc": 0.6272703905325444,
 "mode0_last_acc": 0.5838461538461538,
 "mode3_last_f1": 0.4938866246758058,
 "mode3_last_roc_auc": 0.6815372307692307,
 "mode3_last_acc": 0.5796923076923077
}