{
 "generalization_gap": 0.5019272727272728,
 "confidence_gap": 0.44575929353313115,
 "top3_best_f1": 0.6548769299837988,
 "top3_best_roc_auc": 0.7187976224793389,
 "top3_best_acc": 0.6785272727272728,
 "mode0_best_f1": 0.6391777509068923,
 "mode0_best_roc_auc": 0.7210546201652892,
 "mode0_best_acc": 0.6744727272727272,
 "mode3_best_f1": 0.5579340649011915,
 "mode3_best_roc_auc": 0.8075463199999999,
 "mode3_best_acc": 0.6579454545454545
}