{
 "generalization_gap": 0.020266666666666655,
 "confidence_gap": 0.01626618157318732,
 "top3_best_f1": 0.08655313434657877,
 "top3_best_roc_auc": 0.49454989111111114,
 "top3_best_acc": 0.5011666666666666,
 "mode0_best_f1": 0.141817139581542,
 "mode0_best_roc_auc": 0.49429207777777784,
 "mode0_best_acc": 0.5009666666666667
}