{
 "generalization_gap": 0.019963636363636378,
 "confidence_gap": 0.011154272862708037,
 "top3_best_f1": 0.16877560309512973,
 "top3_best_roc_auc": 0.501376854214876,
 "top3_best_acc": 0.5019454545454546,
 "mode0_best_f1": 0.13958889063235524,
 "mode0_best_roc_auc": 0.5013788092561984,
 "mode0_best_acc": 0.5015090909090909,
 "mode3_best_f1": 0.06150895578615707,
 "mode3_best_roc_auc": 0.5260996720661157,
 "mode3_best_acc": 0.5017636363636364
}