{
 "generalization_gap": 0.019963636363636378,
 "confidence_gap": 0.011154272862708037,
 "top3_last_f1": 0.16877560309512973,
 "top3_last_roc_auc": 0.501376854214876,
 "top3_last_acc": 0.5019454545454546,
 "mode0_last_f1": 0.010436159493306462,
 "mode0_last_roc_auc": 0.5005788033057851,
 "mode0_last_acc": 0.5000363636363636,
 "mode3_last_f1": 0.0013803123864874682,
 "mode3_last_roc_auc": 0.5176326604958678,
 "mode3_last_acc": 0.5001454545454546
}