{
 "generalization_gap": 0.07146666666666668,
 "confidence_gap": 0.08369207151787139,
 "top3_best_f1": 0.7195107327017628,
 "top3_best_roc_auc": 0.6931344133333335,
 "top3_best_acc": 0.6101666666666666,
 "mode0_best_f1": 0.7487879526556702,
 "mode0_best_roc_auc": 0.7326982511111111,
 "mode0_best_acc": 0.6908333333333333,
 "mode3_best_f1": 0.7542648575735936,
 "mode3_best_roc_auc": 0.723178088888889,
 "mode3_best_acc": 0.6903
}