{
 "generalization_gap": 0.07146666666666668,
 "confidence_gap": 0.08369207151787139,
 "top3_last_f1": 0.7010000934666791,
 "top3_last_roc_auc": 0.6952874622222222,
 "top3_last_acc": 0.5734666666666667,
 "mode0_last_f1": 0.7487879526556702,
 "mode0_last_roc_auc": 0.7326982511111111,
 "mode0_last_acc": 0.6908333333333333,
 "mode3_last_f1": 0.7542648575735936,
 "mode3_last_roc_auc": 0.723178088888889,
 "mode3_last_acc": 0.6903
}