{
 "generalization_gap": -0.0018000000000000238,
 "confidence_gap": 7.326605434015282e-05,
 "top3_last_f1": 0.053439454235361,
 "top3_last_roc_auc": 0.5028212755555556,
 "top3_last_acc": 0.5005,
 "mode0_last_f1": 0.0029239766081871343,
 "mode0_last_roc_auc": 0.4977829288888888,
 "mode0_last_acc": 0.4998666666666667,
 "mode3_last_f1": 0.00013329778725673156,
 "mode3_last_roc_auc": 0.5003893466666666,
 "mode3_last_acc": 0.49993333333333334
}