{
 "generalization_gap": 0.020615384615384647,
 "confidence_gap": 0.003222129104515664,
 "top3_best_f1": 0.00855222968845449,
 "top3_best_roc_auc": 0.4824673136094674,
 "top3_best_acc": 0.5006153846153846,
 "mode0_best_f1": 0.00672782874617737,
 "mode0_best_roc_auc": 0.48456544378698224,
 "mode0_best_acc": 0.5003076923076923
}