{
 "generalization_gap": 0.21046153846153848,
 "confidence_gap": 0.21721073312214045,
 "top3_best_f1": 0.7305253623188406,
 "top3_best_roc_auc": 0.7212141538461538,
 "top3_best_acc": 0.6338461538461538,
 "mode0_best_f1": 0.7484631147540984,
 "mode0_best_roc_auc": 0.7382035502958579,
 "mode0_best_acc": 0.6978461538461539
}