{
 "generalization_gap": 0.009599999999999942,
 "confidence_gap": 0.005888644826076872,
 "top3_last_f1": 0.18350131463628394,
 "top3_last_roc_auc": 0.5036860200000001,
 "top3_last_acc": 0.5031333333333333,
 "mode0_last_f1": 0.007015686014957972,
 "mode0_last_roc_auc": 0.5049967622222222,
 "mode0_last_acc": 0.4999,
 "mode3_last_f1": 0.0039835347231443365,
 "mode3_last_roc_auc": 0.5077156977777777,
 "mode3_last_acc": 0.49993333333333334
}