{
 "generalization_gap": 0.004933333333333331,
 "confidence_gap": 0.004292948536475799,
 "top3_best_f1": 0.2650138285262742,
 "top3_best_roc_auc": 0.5075961533333333,
 "top3_best_acc": 0.5039333333333333,
 "mode0_best_f1": 0.07471656031224831,
 "mode0_best_roc_auc": 0.5048257422222222,
 "mode0_best_acc": 0.5021666666666667,
 "mode3_best_f1": 0.03942468216257866,
 "mode3_best_roc_auc": 0.5106388177777778,
 "mode3_best_acc": 0.5013333333333333
}