{
 "generalization_gap": 0.004933333333333331,
 "confidence_gap": 0.004292948536475799,
 "top3_last_f1": 0.1345731777752108,
 "top3_last_roc_auc": 0.5061437422222222,
 "top3_last_acc": 0.5005333333333334,
 "mode0_last_f1": 0.07471656031224831,
 "mode0_last_roc_auc": 0.5048257422222222,
 "mode0_last_acc": 0.5021666666666667,
 "mode3_last_f1": 0.007681101840815785,
 "mode3_last_roc_auc": 0.5092770777777778,
 "mode3_last_acc": 0.5004666666666666
}