{
 "generalization_gap": 0.2224,
 "confidence_gap": 0.20194350918947035,
 "top3_best_f1": 0.5086827615417195,
 "top3_best_roc_auc": 0.5485720111111111,
 "top3_best_acc": 0.536,
 "mode0_best_f1": 0.49754750572248674,
 "mode0_best_roc_auc": 0.5538675666666667,
 "mode0_best_acc": 0.5390333333333334,
 "mode3_best_f1": 0.6650836856431342,
 "mode3_best_roc_auc": 0.637268528888889,
 "mode3_best_acc": 0.6144666666666667
}