{
 "generalization_gap": 0.2224,
 "confidence_gap": 0.20194350918947035,
 "top3_last_f1": 0.28035119588253105,
 "top3_last_roc_auc": 0.5480574,
 "top3_last_acc": 0.5246,
 "mode0_last_f1": 0.49754750572248674,
 "mode0_last_roc_auc": 0.5538675666666667,
 "mode0_last_acc": 0.5390333333333334,
 "mode3_last_f1": 0.3265707127769318,
 "mode3_last_roc_auc": 0.6470177422222222,
 "mode3_last_acc": 0.5430333333333334
}