{
 "generalization_gap": 0.0843076923076923,
 "confidence_gap": 0.05251228443166028,
 "top3_best_f1": 0.16295520041917735,
 "top3_best_roc_auc": 0.5020097041420118,
 "top3_best_acc": 0.5084615384615384,
 "mode0_best_f1": 0.3544919894544717,
 "mode0_best_roc_auc": 0.49991536094674555,
 "mode0_best_acc": 0.5103076923076924,
 "mode3_best_f1": 0.5336843735480873,
 "mode3_best_roc_auc": 0.5564733727810651,
 "mode3_best_acc": 0.5367692307692308
}