{
 "generalization_gap": 0.0843076923076923,
 "confidence_gap": 0.05251228443166028,
 "top3_last_f1": 0.05657626130067074,
 "top3_last_roc_auc": 0.5016243313609468,
 "top3_last_acc": 0.5023076923076923,
 "mode0_last_f1": 0.030384271671134944,
 "mode0_last_roc_auc": 0.4928487100591716,
 "mode0_last_acc": 0.49923076923076926,
 "mode3_last_f1": 0.004900459418070443,
 "mode3_last_roc_auc": 0.5562040236686391,
 "mode3_last_acc": 0.5001538461538462
}