{
 "generalization_gap": 0.21446153846153848,
 "confidence_gap": 0.2221820147818725,
 "top3_best_f1": 0.722426675588268,
 "top3_best_roc_auc": 0.7281804970414202,
 "top3_best_acc": 0.6170769230769231,
 "mode0_best_f1": 0.7535742136729918,
 "mode0_best_roc_auc": 0.7428639053254437,
 "mode0_best_acc": 0.7083076923076923,
 "mode3_best_f1": 0.76033934252386,
 "mode3_best_roc_auc": 0.7563464142011835,
 "mode3_best_acc": 0.7218461538461538
}