{
 "generalization_gap": 0.21446153846153848,
 "confidence_gap": 0.2221820147818725,
 "top3_last_f1": 0.7080650441994979,
 "top3_last_roc_auc": 0.7416437869822485,
 "top3_last_acc": 0.5884615384615385,
 "mode0_last_f1": 0.7135999999999999,
 "mode0_last_roc_auc": 0.7415384142011834,
 "mode0_last_acc": 0.697076923076923,
 "mode3_last_f1": 0.7621174307106265,
 "mode3_last_roc_auc": 0.7671333017751478,
 "mode3_last_acc": 0.7213846153846154
}