{
 "generalization_gap": 0.008199999999999999,
 "confidence_gap": 0.002204840920401331,
 "top3_best_f1": 0.016940249507550884,
 "top3_best_roc_auc": 0.5040635244444445,
 "top3_best_acc": 0.5009333333333333,
 "mode0_best_f1": 0.016421439831844457,
 "mode0_best_roc_auc": 0.5013793977777778,
 "mode0_best_acc": 0.5008666666666667
}