{
 "generalization_gap": 0.008199999999999999,
 "confidence_gap": 0.002204840920401331,
 "top3_last_f1": 0.00013332444503699753,
 "top3_last_roc_auc": 0.4983759933333333,
 "top3_last_acc": 0.5000333333333333,
 "mode0_last_f1": 0.005178251344353714,
 "mode0_last_roc_auc": 0.5024681466666667,
 "mode0_last_acc": 0.5005
}