{
 "generalization_gap": 0.29879999999999995,
 "confidence_gap": 0.3693787311858351,
 "top3_best_f1": 0.8745185012256332,
 "top3_best_roc_auc": 0.8990059133333334,
 "top3_best_acc": 0.8566666666666667,
 "mode0_best_f1": 0.8833968949881386,
 "mode0_best_roc_auc": 0.9022135933333333,
 "mode0_best_acc": 0.8705666666666667,
 "mode3_best_f1": 0.8953998320425491,
 "mode3_best_roc_auc": 0.9150054844444444,
 "mode3_best_acc": 0.8879
}