{
 "generalization_gap": 0.0009333333333333416,
 "confidence_gap": -0.0009360000064834173,
 "top3_last_f1": 0.2604012254175314,
 "top3_last_roc_auc": 0.5005096888888889,
 "top3_last_acc": 0.5010666666666667,
 "mode0_last_f1": 0.10074626865671643,
 "mode0_last_roc_auc": 0.4993200688888889,
 "mode0_last_acc": 0.5019333333333333
}