{
 "generalization_gap": 0.11786666666666668,
 "confidence_gap": 0.11315094779003987,
 "top3_best_f1": 0.5383572963146588,
 "top3_best_roc_auc": 0.5435542044444445,
 "top3_best_acc": 0.5344333333333333,
 "mode0_best_f1": 0.5729431591849241,
 "mode0_best_roc_auc": 0.5413465555555556,
 "mode0_best_acc": 0.5354333333333333
}