{
 "generalization_gap": 0.00979999999999999,
 "confidence_gap": 0.0030417637437995526,
 "top3_last_f1": 0.00013332444503699753,
 "top3_last_roc_auc": 0.5014990244444445,
 "top3_last_acc": 0.5000333333333333,
 "mode0_last_f1": 0.0027931103278579505,
 "mode0_last_roc_auc": 0.5018603733333333,
 "mode0_last_acc": 0.5001666666666666
}