{
 "generalization_gap": 0.01570909090909091,
 "confidence_gap": 0.0034297975769921104,
 "top3_best_f1": 0.005572441742654509,
 "top3_best_roc_auc": 0.5065379880991735,
 "top3_best_acc": 0.5003272727272727,
 "mode0_best_f1": 0.6642976639679574,
 "mode0_best_roc_auc": 0.5083336079338843,
 "mode0_best_acc": 0.5001636363636364,
 "mode3_best_f1": 0.3192955192955193,
 "mode3_best_roc_auc": 0.5337458770247934,
 "mode3_best_acc": 0.5221454545454546
}