{
 "generalization_gap": 0.01570909090909091,
 "confidence_gap": 0.0034297975769921104,
 "top3_last_f1": 0.0002181421559716415,
 "top3_last_roc_auc": 0.49999999669421485,
 "top3_last_acc": 0.5000181818181818,
 "mode0_last_f1": 0.6666666666666666,
 "mode0_last_roc_auc": 0.5,
 "mode0_last_acc": 0.5,
 "mode3_last_f1": 0.0,
 "mode3_last_roc_auc": 0.5001818499173556,
 "mode3_last_acc": 0.5
}