{
 "generalization_gap": 0.0041454545454545424,
 "confidence_gap": 0.0020771961849219006,
 "top3_best_f1": 0.4640103078695117,
 "top3_best_roc_auc": 0.49994055404958676,
 "top3_best_acc": 0.5008181818181818,
 "mode0_best_f1": 0.0062203898593179265,
 "mode0_best_roc_auc": 0.5026372198347108,
 "mode0_best_acc": 0.5003818181818181
}