{
 "generalization_gap": 0.0041454545454545424,
 "confidence_gap": 0.0020771961849219006,
 "top3_last_f1": 0.5074371015838437,
 "top3_last_roc_auc": 0.49994628165289257,
 "top3_last_acc": 0.49845454545454543,
 "mode0_last_f1": 0.6666666666666666,
 "mode0_last_roc_auc": 0.5000545157024793,
 "mode0_last_acc": 0.5
}