{
 "generalization_gap": 0.016000000000000014,
 "confidence_gap": 0.008474621698188689,
 "top3_best_f1": 0.09710917765927589,
 "top3_best_roc_auc": 0.5064270769230769,
 "top3_best_acc": 0.5050769230769231,
 "mode0_best_f1": 0.2147913107151574,
 "mode0_best_roc_auc": 0.4942043076923077,
 "mode0_best_acc": 0.5050769230769231,
 "mode3_best_f1": 0.35454727966271826,
 "mode3_best_roc_auc": 0.5065468402366864,
 "mode3_best_acc": 0.5053846153846154
}