{
 "generalization_gap": 0.016000000000000014,
 "confidence_gap": 0.008474621698188689,
 "top3_last_f1": 0.015776699029126214,
 "top3_last_roc_auc": 0.507042224852071,
 "top3_last_acc": 0.5009230769230769,
 "mode0_last_f1": 0.025794841031793636,
 "mode0_last_roc_auc": 0.4908656094674556,
 "mode0_last_acc": 0.5003076923076923,
 "mode3_last_f1": 0.002457002457002457,
 "mode3_last_roc_auc": 0.5079833372781065,
 "mode3_last_acc": 0.5003076923076923
}