{
 "generalization_gap": 0.22373333333333334,
 "confidence_gap": 0.23729149652838266,
 "top3_best_f1": 0.7480362222396201,
 "top3_best_roc_auc": 0.6620603311111111,
 "top3_best_acc": 0.6781666666666667,
 "mode0_best_f1": 0.7436505427336917,
 "mode0_best_roc_auc": 0.70129712,
 "mode0_best_acc": 0.6756666666666666,
 "mode3_best_f1": 0.7655522529394744,
 "mode3_best_roc_auc": 0.75659292,
 "mode3_best_acc": 0.7029
}