{
 "generalization_gap": 0.017466666666666686,
 "confidence_gap": 0.010132135307740348,
 "top3_best_f1": 0.20274914089347076,
 "top3_best_roc_auc": 0.5044604666666667,
 "top3_best_acc": 0.5050666666666667,
 "mode0_best_f1": 0.26648894154818326,
 "mode0_best_roc_auc": 0.5042077133333334,
 "mode0_best_acc": 0.5047333333333334
}