{
 "generalization_gap": -0.01323076923076924,
 "confidence_gap": -0.005101390966429142,
 "top3_best_f1": 0.008554842652001222,
 "top3_best_roc_auc": 0.507911526627219,
 "top3_best_acc": 0.5007692307692307,
 "mode0_best_f1": 0.0018444512757454655,
 "mode0_best_roc_auc": 0.5138112662721893,
 "mode0_best_acc": 0.5004615384615385
}