{
 "generalization_gap": 0.20707692307692305,
 "confidence_gap": 0.11916774202496383,
 "top3_best_f1": 0.44553706505295004,
 "top3_best_roc_auc": 0.5783327810650888,
 "top3_best_acc": 0.548923076923077,
 "mode0_best_f1": 0.1596774193548387,
 "mode0_best_roc_auc": 0.5357684733727811,
 "mode0_best_acc": 0.5190769230769231
}