{
 "generalization_gap": 0.20707692307692305,
 "confidence_gap": 0.11916774202496383,
 "top3_last_f1": 0.005521472392638036,
 "top3_last_roc_auc": 0.564598627218935,
 "top3_last_acc": 0.5012307692307693,
 "mode0_last_f1": 0.14195670046588105,
 "mode0_last_roc_auc": 0.5341216094674557,
 "mode0_last_acc": 0.5183076923076924
}