{
 "generalization_gap": 0.007599999999999996,
 "confidence_gap": 0.0027176089027321736,
 "top3_best_f1": 0.4854343369755327,
 "top3_best_roc_auc": 0.5007470485950414,
 "top3_best_acc": 0.5025272727272727,
 "mode0_best_f1": 0.0036233196854958513,
 "mode0_best_roc_auc": 0.5000181818181817,
 "mode0_best_acc": 0.5000181818181818
}