{
 "generalization_gap": 0.24276923076923085,
 "confidence_gap": 0.24932038575425786,
 "top3_best_f1": 0.7151236342725704,
 "top3_best_roc_auc": 0.680251550295858,
 "top3_best_acc": 0.6189230769230769,
 "mode0_best_f1": 0.7114129711013452,
 "mode0_best_roc_auc": 0.6971145562130177,
 "mode0_best_acc": 0.6666153846153846
}