{
 "generalization_gap": 0.24861538461538457,
 "confidence_gap": 0.2550109863041631,
 "top3_best_f1": 0.6593687802104066,
 "top3_best_roc_auc": 0.6568890887573965,
 "top3_best_acc": 0.6313846153846154,
 "mode0_best_f1": 0.42618328298086605,
 "mode0_best_roc_auc": 0.5811191479289941,
 "mode0_best_acc": 0.5616923076923077
}