{
 "generalization_gap": 0.24861538461538457,
 "confidence_gap": 0.2550109863041631,
 "top3_last_f1": 0.6964242860571155,
 "top3_last_roc_auc": 0.6655884970414202,
 "top3_last_acc": 0.6107692307692307,
 "mode0_last_f1": 0.185068349106204,
 "mode0_last_roc_auc": 0.5204583195266272,
 "mode0_last_acc": 0.5230769230769231
}