{
 "generalization_gap": 0.005266666666666642,
 "confidence_gap": 0.0023333444128769143,
 "top3_best_f1": 0.4510007412898443,
 "top3_best_roc_auc": 0.5043831866666666,
 "top3_best_acc": 0.5062666666666666,
 "mode0_best_f1": 0.2777858632901567,
 "mode0_best_roc_auc": 0.5067570066666667,
 "mode0_best_acc": 0.5037666666666667
}