{
 "generalization_gap": 7.272727272727292e-05,
 "confidence_gap": -0.0002277036257703341,
 "top3_best_f1": 0.00786180533015976,
 "top3_best_roc_auc": 0.4975563821487603,
 "top3_best_acc": 0.4998,
 "mode0_best_f1": 0.09887404392213504,
 "mode0_best_roc_auc": 0.5036688760330579,
 "mode0_best_acc": 0.500890909090909,
 "mode3_best_f1": 0.005134881029869097,
 "mode3_best_roc_auc": 0.49768896198347107,
 "mode3_best_acc": 0.49978181818181816
}