{
 "generalization_gap": 7.272727272727292e-05,
 "confidence_gap": -0.0002277036257703341,
 "top3_last_f1": 0.003837242977121344,
 "top3_last_roc_auc": 0.4969368442975206,
 "top3_last_acc": 0.49967272727272727,
 "mode0_last_f1": 0.022818553403234403,
 "mode0_last_roc_auc": 0.5033250955371901,
 "mode0_last_acc": 0.5001272727272728,
 "mode3_last_f1": 0.011632081568176921,
 "mode3_last_roc_auc": 0.4977550717355372,
 "mode3_last_acc": 0.49945454545454543
}