{
 "generalization_gap": -0.00047272727272727397,
 "confidence_gap": 0.00014984742372186992,
 "top3_best_f1": 0.511811163368533,
 "top3_best_roc_auc": 0.49854523966942144,
 "top3_best_acc": 0.49987272727272725,
 "mode0_best_f1": 0.00029084563367992437,
 "mode0_best_roc_auc": 0.49875653685950416,
 "mode0_best_acc": 0.5000363636363636
}