{
 "generalization_gap": -0.00047272727272727397,
 "confidence_gap": 0.00014984742372186992,
 "top3_last_f1": 0.10977026329375322,
 "top3_last_roc_auc": 0.4985179319008265,
 "top3_last_acc": 0.49836363636363634,
 "mode0_last_f1": 0.6666666666666666,
 "mode0_last_roc_auc": 0.49967270082644627,
 "mode0_last_acc": 0.5
}