{
 "generalization_gap": 0.07661538461538464,
 "confidence_gap": 0.0675850499011697,
 "top3_best_f1": 0.47380484610347084,
 "top3_best_roc_auc": 0.5085218934911242,
 "top3_best_acc": 0.5055384615384615,
 "mode0_best_f1": 0.16455368693402328,
 "mode0_best_roc_auc": 0.4942787218934911,
 "mode0_best_acc": 0.5032307692307693
}