{
 "generalization_gap": 0.07661538461538464,
 "confidence_gap": 0.0675850499011697,
 "top3_last_f1": 0.5070552147239263,
 "top3_last_roc_auc": 0.512528426035503,
 "top3_last_acc": 0.5055384615384615,
 "mode0_last_f1": 0.08203677510608202,
 "mode0_last_roc_auc": 0.49016203550295856,
 "mode0_last_acc": 0.5007692307692307
}