{
 "generalization_gap": -0.013846153846153841,
 "confidence_gap": -0.0025632350077995913,
 "top3_best_f1": 0.010365853658536584,
 "top3_best_roc_auc": 0.49085926627218934,
 "top3_best_acc": 0.5006153846153846,
 "mode0_best_f1": 0.008557457212713934,
 "mode0_best_roc_auc": 0.4976340355029586,
 "mode0_best_acc": 0.5009230769230769
}