{
 "generalization_gap": -0.013846153846153841,
 "confidence_gap": -0.0025632350077995913,
 "top3_last_f1": 0.0,
 "top3_last_roc_auc": 0.4908880946745562,
 "top3_last_acc": 0.5,
 "mode0_last_f1": 0.008557457212713934,
 "mode0_last_roc_auc": 0.4976340355029586,
 "mode0_last_acc": 0.5009230769230769
}