{
 "generalization_gap": 0.0005454545454545452,
 "confidence_gap": 0.00017224072247571352,
 "top3_best_f1": 0.5474968752055785,
 "top3_best_roc_auc": 0.4988199431404959,
 "top3_best_acc": 0.49974545454545455,
 "mode0_best_f1": 0.6666666666666666,
 "mode0_best_roc_auc": 0.49955170314049585,
 "mode0_best_acc": 0.5
}