{
 "generalization_gap": 0.11415384615384616,
 "confidence_gap": 0.13021781115685827,
 "top3_best_f1": 0.7211005103172842,
 "top3_best_roc_auc": 0.7172490887573965,
 "top3_best_acc": 0.6132307692307692,
 "mode0_best_f1": 0.7728189611699445,
 "mode0_best_roc_auc": 0.7333480710059173,
 "mode0_best_acc": 0.7227692307692307,
 "mode3_best_f1": 0.7848780487804878,
 "mode3_best_roc_auc": 0.7524782485207101,
 "mode3_best_acc": 0.7286153846153847
}