{
 "generalization_gap": 0.11415384615384616,
 "confidence_gap": 0.13021781115685827,
 "top3_last_f1": 0.6978741679192614,
 "top3_last_roc_auc": 0.7259235502958581,
 "top3_last_acc": 0.567076923076923,
 "mode0_last_f1": 0.7652297826861418,
 "mode0_last_roc_auc": 0.7459601893491126,
 "mode0_last_acc": 0.6958461538461539,
 "mode3_last_f1": 0.7787632729544034,
 "mode3_last_roc_auc": 0.7549407337278107,
 "mode3_last_acc": 0.7275384615384616
}