{
 "generalization_gap": 0.02246666666666665,
 "confidence_gap": 0.00598492833091676,
 "top3_last_f1": 0.06112546474257987,
 "top3_last_roc_auc": 0.5002395133333333,
 "top3_last_acc": 0.5033666666666666,
 "mode0_last_f1": 0.008209745762711865,
 "mode0_last_roc_auc": 0.5022745933333332,
 "mode0_last_acc": 0.5006666666666667,
 "mode3_last_f1": 0.0002666133439978671,
 "mode3_last_roc_auc": 0.5114145266666668,
 "mode3_last_acc": 0.5000333333333333
}