{
 "generalization_gap": 0.04707692307692313,
 "confidence_gap": 0.03053600718833216,
 "top3_best_f1": 0.5297993411200959,
 "top3_best_roc_auc": 0.5193235976331362,
 "top3_best_acc": 0.5169230769230769,
 "mode0_best_f1": 0.17053065430190625,
 "mode0_best_roc_auc": 0.5053344378698225,
 "mode0_best_acc": 0.5046153846153846,
 "mode3_best_f1": 0.009154714678059202,
 "mode3_best_roc_auc": 0.5259300828402367,
 "mode3_best_acc": 0.5004615384615385
}