{
 "generalization_gap": 0.0035333333333333328,
 "confidence_gap": 7.001362999818975e-05,
 "top3_best_f1": 0.033286027609340726,
 "top3_best_roc_auc": 0.4992934333333333,
 "top3_best_acc": 0.5004666666666666,
 "mode0_best_f1": 0.009122157588577472,
 "mode0_best_roc_auc": 0.4975220377777778,
 "mode0_best_acc": 0.5003333333333333,
 "mode3_best_f1": 0.000932711525649567,
 "mode3_best_roc_auc": 0.49533025555555554,
 "mode3_best_acc": 0.5001333333333333
}