{
 "generalization_gap": 0.0035333333333333328,
 "confidence_gap": 7.001362999818975e-05,
 "top3_last_f1": 0.01743576297850026,
 "top3_last_roc_auc": 0.5014160911111111,
 "top3_last_acc": 0.5003333333333333,
 "mode0_last_f1": 0.009122157588577472,
 "mode0_last_roc_auc": 0.4975220377777778,
 "mode0_last_acc": 0.5003333333333333,
 "mode3_last_f1": 0.0,
 "mode3_last_roc_auc": 0.5009551533333333,
 "mode3_last_acc": 0.5
}