{
 "generalization_gap": 0.0010181818181818174,
 "confidence_gap": 2.8076674798704904e-05,
 "top3_best_f1": 0.030003529827038477,
 "top3_best_roc_auc": 0.5003673209917355,
 "top3_best_acc": 0.5003636363636363,
 "mode0_best_f1": 0.0,
 "mode0_best_roc_auc": 0.500709412892562,
 "mode0_best_acc": 0.5,
 "mode3_best_f1": 0.0,
 "mode3_best_roc_auc": 0.5038788429752066,
 "mode3_best_acc": 0.5
}