{
 "generalization_gap": 0.0010181818181818174,
 "confidence_gap": 2.8076674798704904e-05,
 "top3_last_f1": 0.0728387574961256,
 "top3_last_roc_auc": 0.49932682975206616,
 "top3_last_acc": 0.49963636363636366,
 "mode0_last_f1": 0.04094422393983706,
 "mode0_last_roc_auc": 0.4984705203305785,
 "mode0_last_acc": 0.49916363636363636,
 "mode3_last_f1": 0.0,
 "mode3_last_roc_auc": 0.5000353150413223,
 "mode3_last_acc": 0.4999636363636364
}