{
 "generalization_gap": 0.009266666666666645,
 "confidence_gap": 0.004552483635271581,
 "top3_best_f1": 0.018219950190064227,
 "top3_best_roc_auc": 0.5007784977777777,
 "top3_best_acc": 0.5006666666666667,
 "mode0_best_f1": 0.2565356216324087,
 "mode0_best_roc_auc": 0.5033325177777778,
 "mode0_best_acc": 0.5032666666666666,
 "mode3_best_f1": 0.46944185713262154,
 "mode3_best_roc_auc": 0.5066168355555556,
 "mode3_best_acc": 0.5063333333333333
}